,,,,,All Type of Report (All Grades) for 01-Jan-2023 to 01-Sep-2026,,,,
State/UT,District,Market,Commodity Group,Commodity,Month,Arrival Quantity 01-01-2023 to 01-09-2026,Arrival Unit,Modal Price 01-01-2023 to 01-09-2026,Price Unit
NCT of Delhi,Delhi,APMC Azadpur,Vegetables,Banana - Green,January-2023,268.40,Metric Tonnes,1867.59,Rs./Quintal
NCT of Delhi,Delhi,APMC Azadpur,Vegetables,Beetroot,January-2023,1720.10,Metric Tonnes,1049.92,Rs./Quintal
NCT of Delhi,Delhi,APMC Azadpur,Vegetables,Bhindi(Ladies Finger),January-2023,1326.40,Metric Tonnes,5318.30,Rs./Quintal
NCT of Delhi,Delhi,APMC Azadpur,Vegetables,Bitter gourd,January-2023,609.80,Metric Tonnes,4049.55,Rs./Quintal
NCT of Delhi,Delhi,APMC Azadpur,Vegetables,Bottle gourd,January-2023,2163.30,Metric Tonnes,1325.01,Rs./Quintal
NCT of Delhi,Delhi,APMC Azadpur,Vegetables,Brinjal,January-2023,1181.40,Metric Tonnes,859.43,Rs./Quintal
NCT of Delhi,Delhi,APMC Azadpur,Vegetables,Cabbage,January-2023,1809.20,Metric Tonnes,524.26,Rs./Quintal
NCT of Delhi,Delhi,APMC Azadpur,Vegetables,Capsicum,January-2023,2656.00,Metric Tonnes,1606.62,Rs./Quintal
NCT of Delhi,Delhi,APMC Azadpur,Vegetables,Carrot,January-2023,9214.20,Metric Tonnes,1118.03,Rs./Quintal
NCT of Delhi,Delhi,APMC Azadpur,Vegetables,Cauliflower,January-2023,3574.70,Metric Tonnes,1175.52,Rs./Quintal
NCT of Delhi,Delhi,APMC Azadpur,Vegetables,Coriander(Leaves),January-2023,1228.30,Bundle,1750.08,Rs./Bundle
NCT of Delhi,Delhi,APMC Azadpur,Vegetables,Cucumbar(Kheera),January-2023,5355.90,Metric Tonnes,1878.15,Rs./Quintal
NCT of Delhi,Delhi,APMC Azadpur,Vegetables,Ginger(Green),January-2023,8674.60,Metric Tonnes,4446.41,Rs./Quintal
NCT of Delhi,Delhi,APMC Azadpur,Vegetables,Green Chilli,January-2023,7049.00,Metric Tonnes,3092.13,Rs./Quintal
NCT of Delhi,Delhi,APMC Azadpur,Vegetables,Guar,January-2023,6.10,Metric Tonnes,7508.20,Rs./Quintal
NCT of Delhi,Delhi,APMC Azadpur,Vegetables,Lemon,January-2023,2906.00,Metric Tonnes,2082.20,Rs./Quintal
NCT of Delhi,Delhi,APMC Azadpur,Vegetables,Mango(Raw-Ripe),January-2023,350.90,Metric Tonnes,3602.51,Rs./Quintal
NCT of Delhi,Delhi,APMC Azadpur,Vegetables,Methi(Leaves),January-2023,422.70,Metric Tonnes,971.04,Rs./Quintal
NCT of Delhi,Delhi,APMC Azadpur,Vegetables,Onion,January-2023,17736.20,Metric Tonnes,1442.26,Rs./Quintal
NCT of Delhi,Delhi,APMC Azadpur,Vegetables,Peas Wet,January-2023,6830.70,Metric Tonnes,2009.41,Rs./Quintal
NCT of Delhi,Delhi,APMC Azadpur,Vegetables,Pointed gourd(Parval),January-2023,10.20,Metric Tonnes,4978.43,Rs./Quintal
NCT of Delhi,Delhi,APMC Azadpur,Vegetables,Potato,January-2023,24405.60,Metric Tonnes,902.60,Rs./Quintal
NCT of Delhi,Delhi,APMC Azadpur,Vegetables,Pumpkin,January-2023,2391.00,Metric Tonnes,1048.56,Rs./Quintal
NCT of Delhi,Delhi,APMC Azadpur,Vegetables,Raddish,January-2023,1169.10,Metric Tonnes,697.35,Rs./Quintal
NCT of Delhi,Delhi,APMC Azadpur,Vegetables,Season Leaves,January-2023,119.70,Metric Tonnes,1013.24,Rs./Quintal
NCT of Delhi,Delhi,APMC Azadpur,Vegetables,Spinach,January-2023,994.70,Metric Tonnes,840.65,Rs./Quintal
NCT of Delhi,Delhi,APMC Azadpur,Vegetables,Sweet Potato,January-2023,4193.40,Metric Tonnes,1969.73,Rs./Quintal
NCT of Delhi,Delhi,APMC Azadpur,Vegetables,Sweet Pumpkin,January-2023,111.60,Metric Tonnes,1500.00,Rs./Quintal
NCT of Delhi,Delhi,APMC Azadpur,Vegetables,Tomato,January-2023,11941.70,Metric Tonnes,888.60,Rs./Quintal
NCT of Delhi,Delhi,APMC Azadpur,Vegetables,Turnip,January-2023,296.10,Metric Tonnes,1000.00,Rs./Quintal
NCT of Delhi,Delhi,APMC Azadpur,Vegetables,Yam(Ratalu),January-2023,8.50,Metric Tonnes,1400.00,Rs./Quintal
NCT of Delhi,Delhi,APMC Azadpur,Vegetables,Banana - Green,February-2023,368.00,Metric Tonnes,1480.43,Rs./Quintal
NCT of Delhi,Delhi,APMC Azadpur,Vegetables,Beetroot,February-2023,1758.10,Metric Tonnes,1150.00,Rs./Quintal
NCT of Delhi,Delhi,APMC Azadpur,Vegetables,Bhindi(Ladies Finger),February-2023,2109.30,Metric Tonnes,5299.22,Rs./Quintal
NCT of Delhi,Delhi,APMC Azadpur,Vegetables,Bitter gourd,February-2023,644.30,Metric Tonnes,4674.86,Rs./Quintal
NCT of Delhi,Delhi,APMC Azadpur,Vegetables,Bottle gourd,February-2023,2090.80,Metric Tonnes,1430.50,Rs./Quintal
NCT of Delhi,Delhi,APMC Azadpur,Vegetables,Brinjal,February-2023,1221.40,Metric Tonnes,1242.25,Rs./Quintal
NCT of Delhi,Delhi,APMC Azadpur,Vegetables,Cabbage,February-2023,1805.40,Metric Tonnes,558.77,Rs./Quintal
NCT of Delhi,Delhi,APMC Azadpur,Vegetables,Capsicum,February-2023,3018.20,Metric Tonnes,1925.68,Rs./Quintal
NCT of Delhi,Delhi,APMC Azadpur,Vegetables,Carrot,February-2023,7793.40,Metric Tonnes,1143.05,Rs./Quintal
NCT of Delhi,Delhi,APMC Azadpur,Vegetables,Cauliflower,February-2023,3914.30,Metric Tonnes,510.20,Rs./Quintal
NCT of Delhi,Delhi,APMC Azadpur,Vegetables,Coriander(Leaves),February-2023,1323.00,Bundle,756.54,Rs./Bundle
NCT of Delhi,Delhi,APMC Azadpur,Vegetables,Cucumbar(Kheera),February-2023,7838.10,Metric Tonnes,1688.13,Rs./Quintal
NCT of Delhi,Delhi,APMC Azadpur,Vegetables,Ginger(Green),February-2023,7435.80,Metric Tonnes,4561.88,Rs./Quintal
NCT of Delhi,Delhi,APMC Azadpur,Vegetables,Green Chilli,February-2023,8139.40,Metric Tonnes,2924.21,Rs./Quintal
NCT of Delhi,Delhi,APMC Azadpur,Vegetables,Guar,February-2023,9.30,Metric Tonnes,6161.29,Rs./Quintal
NCT of Delhi,Delhi,APMC Azadpur,Vegetables,Lemon,February-2023,3380.40,Metric Tonnes,3962.01,Rs./Quintal
NCT of Delhi,Delhi,APMC Azadpur,Vegetables,Mango(Raw-Ripe),February-2023,67.50,Metric Tonnes,6888.89,Rs./Quintal
NCT of Delhi,Delhi,APMC Azadpur,Vegetables,Methi(Leaves),February-2023,302.80,Metric Tonnes,874.74,Rs./Quintal
NCT of Delhi,Delhi,APMC Azadpur,Vegetables,Onion,February-2023,20210.20,Metric Tonnes,1210.59,Rs./Quintal
NCT of Delhi,Delhi,APMC Azadpur,Vegetables,Peas Wet,February-2023,8617.40,Metric Tonnes,1731.15,Rs./Quintal
NCT of Delhi,Delhi,APMC Azadpur,Vegetables,Pointed gourd(Parval),February-2023,5.40,Metric Tonnes,7856.48,Rs./Quintal
NCT of Delhi,Delhi,APMC Azadpur,Vegetables,Potato,February-2023,24585.90,Metric Tonnes,600.35,Rs./Quintal
NCT of Delhi,Delhi,APMC Azadpur,Vegetables,Pumpkin,February-2023,2873.70,Metric Tonnes,1000.00,Rs./Quintal
NCT of Delhi,Delhi,APMC Azadpur,Vegetables,Raddish,February-2023,1248.60,Metric Tonnes,640.99,Rs./Quintal
NCT of Delhi,Delhi,APMC Azadpur,Vegetables,Season Leaves,February-2023,115.20,Metric Tonnes,955.56,Rs./Quintal
NCT of Delhi,Delhi,APMC Azadpur,Vegetables,Spinach,February-2023,1122.30,Metric Tonnes,532.00,Rs./Quintal
NCT of Delhi,Delhi,APMC Azadpur,Vegetables,Sweet Potato,February-2023,1802.40,Metric Tonnes,1662.23,Rs./Quintal
NCT of Delhi,Delhi,APMC Azadpur,Vegetables,Sweet Pumpkin,February-2023,151.40,Metric Tonnes,1500.00,Rs./Quintal
NCT of Delhi,Delhi,APMC Azadpur,Vegetables,Tomato,February-2023,11028.60,Metric Tonnes,919.41,Rs./Quintal
NCT of Delhi,Delhi,APMC Azadpur,Vegetables,Turnip,February-2023,299.40,Metric Tonnes,1000.00,Rs./Quintal
NCT of Delhi,Delhi,APMC Azadpur,Vegetables,Yam(Ratalu),February-2023,26.60,Metric Tonnes,1400.00,Rs./Quintal
NCT of Delhi,Delhi,APMC Azadpur,Vegetables,Banana - Green,March-2023,392.50,Metric Tonnes,1936.05,Rs./Quintal
NCT of Delhi,Delhi,APMC Azadpur,Vegetables,Beetroot,March-2023,924.20,Metric Tonnes,909.85,Rs./Quintal
NCT of Delhi,Delhi,APMC Azadpur,Vegetables,Bhindi(Ladies Finger),March-2023,3073.40,Metric Tonnes,5950.03,Rs./Quintal
NCT of Delhi,Delhi,APMC Azadpur,Vegetables,Bitter gourd,March-2023,997.80,Metric Tonnes,4211.71,Rs./Quintal
NCT of Delhi,Delhi,APMC Azadpur,Vegetables,Bottle gourd,March-2023,4359.60,Metric Tonnes,1252.02,Rs./Quintal
NCT of Delhi,Delhi,APMC Azadpur,Vegetables,Brinjal,March-2023,1423.40,Metric Tonnes,1707.65,Rs./Quintal
NCT of Delhi,Delhi,APMC Azadpur,Vegetables,Cabbage,March-2023,1457.50,Metric Tonnes,331.13,Rs./Quintal
NCT of Delhi,Delhi,APMC Azadpur,Vegetables,Capsicum,March-2023,2601.40,Metric Tonnes,3308.66,Rs./Quintal
NCT of Delhi,Delhi,APMC Azadpur,Vegetables,Carrot,March-2023,3306.00,Metric Tonnes,949.38,Rs./Quintal
NCT of Delhi,Delhi,APMC Azadpur,Vegetables,Cauliflower,March-2023,3537.20,Metric Tonnes,805.53,Rs./Quintal
NCT of Delhi,Delhi,APMC Azadpur,Vegetables,Coriander(Leaves),March-2023,1498.00,Bundle,1010.47,Rs./Bundle
NCT of Delhi,Delhi,APMC Azadpur,Vegetables,Cucumbar(Kheera),March-2023,9743.70,Metric Tonnes,1545.38,Rs./Quintal
NCT of Delhi,Delhi,APMC Azadpur,Vegetables,Ginger(Green),March-2023,6404.70,Metric Tonnes,6070.06,Rs./Quintal
NCT of Delhi,Delhi,APMC Azadpur,Vegetables,Green Chilli,March-2023,9156.60,Metric Tonnes,3164.28,Rs./Quintal
NCT of Delhi,Delhi,APMC Azadpur,Vegetables,Guar,March-2023,43.30,Metric Tonnes,4414.43,Rs./Quintal
NCT of Delhi,Delhi,APMC Azadpur,Vegetables,Lemon,March-2023,3860.60,Metric Tonnes,6928.43,Rs./Quintal
NCT of Delhi,Delhi,APMC Azadpur,Vegetables,Mango(Raw-Ripe),March-2023,533.00,Metric Tonnes,3846.51,Rs./Quintal
NCT of Delhi,Delhi,APMC Azadpur,Vegetables,Methi(Leaves),March-2023,99.50,Metric Tonnes,1300.55,Rs./Quintal
NCT of Delhi,Delhi,APMC Azadpur,Vegetables,Onion,March-2023,22093.60,Metric Tonnes,1000.00,Rs./Quintal
NCT of Delhi,Delhi,APMC Azadpur,Vegetables,Peas Wet,March-2023,3289.70,Metric Tonnes,2687.88,Rs./Quintal
NCT of Delhi,Delhi,APMC Azadpur,Vegetables,Pointed gourd(Parval),March-2023,750.50,Metric Tonnes,3757.33,Rs./Quintal
NCT of Delhi,Delhi,APMC Azadpur,Vegetables,Potato,March-2023,25366.20,Metric Tonnes,661.29,Rs./Quintal
NCT of Delhi,Delhi,APMC Azadpur,Vegetables,Pumpkin,March-2023,4028.10,Metric Tonnes,983.54,Rs./Quintal
NCT of Delhi,Delhi,APMC Azadpur,Vegetables,Raddish,March-2023,833.30,Metric Tonnes,688.00,Rs./Quintal
NCT of Delhi,Delhi,APMC Azadpur,Vegetables,Season Leaves,March-2023,17.60,Metric Tonnes,1124.72,Rs./Quintal
NCT of Delhi,Delhi,APMC Azadpur,Vegetables,Spinach,March-2023,851.10,Metric Tonnes,823.18,Rs./Quintal
NCT of Delhi,Delhi,APMC Azadpur,Vegetables,Sweet Potato,March-2023,602.20,Metric Tonnes,1942.05,Rs./Quintal
NCT of Delhi,Delhi,APMC Azadpur,Vegetables,Sweet Pumpkin,March-2023,103.80,Metric Tonnes,1800.00,Rs./Quintal
NCT of Delhi,Delhi,APMC Azadpur,Vegetables,Tomato,March-2023,18011.60,Metric Tonnes,1182.93,Rs./Quintal
NCT of Delhi,Delhi,APMC Azadpur,Vegetables,Turnip,March-2023,51.50,Metric Tonnes,1000.00,Rs./Quintal
NCT of Delhi,Delhi,APMC Azadpur,Vegetables,Yam(Ratalu),March-2023,22.90,Metric Tonnes,1400.00,Rs./Quintal
NCT of Delhi,Delhi,APMC Azadpur,Vegetables,Banana - Green,April-2023,315.90,Metric Tonnes,1800.00,Rs./Quintal
NCT of Delhi,Delhi,APMC Azadpur,Vegetables,Beetroot,April-2023,660.10,Metric Tonnes,524.21,Rs./Quintal
NCT of Delhi,Delhi,APMC Azadpur,Vegetables,Bhindi(Ladies Finger),April-2023,2189.10,Metric Tonnes,5009.33,Rs./Quintal
NCT of Delhi,Delhi,APMC Azadpur,Vegetables,Bitter gourd,April-2023,1281.60,Metric Tonnes,2717.13,Rs./Quintal
NCT of Delhi,Delhi,APMC Azadpur,Vegetables,Bottle gourd,April-2023,2220.10,Metric Tonnes,646.04,Rs./Quintal
NCT of Delhi,Delhi,APMC Azadpur,Vegetables,Brinjal,April-2023,1513.00,Metric Tonnes,1441.49,Rs./Quintal
NCT of Delhi,Delhi,APMC Azadpur,Vegetables,Cabbage,April-2023,420.60,Metric Tonnes,308.41,Rs./Quintal
NCT of Delhi,Delhi,APMC Azadpur,Vegetables,Capsicum,April-2023,1449.80,Metric Tonnes,987.68,Rs./Quintal
NCT of Delhi,Delhi,APMC Azadpur,Vegetables,Carrot,April-2023,1534.90,Metric Tonnes,689.22,Rs./Quintal
NCT of Delhi,Delhi,APMC Azadpur,Vegetables,Cauliflower,April-2023,2473.70,Metric Tonnes,1258.91,Rs./Quintal
NCT of Delhi,Delhi,APMC Azadpur,Vegetables,Coriander(Leaves),April-2023,1291.20,Bundle,1343.32,Rs./Bundle
NCT of Delhi,Delhi,APMC Azadpur,Vegetables,Cucumbar(Kheera),April-2023,6551.20,Metric Tonnes,826.74,Rs./Quintal
NCT of Delhi,Delhi,APMC Azadpur,Vegetables,Ginger(Green),April-2023,4820.00,Metric Tonnes,8319.16,Rs./Quintal
NCT of Delhi,Delhi,APMC Azadpur,Vegetables,Green Chilli,April-2023,3866.40,Metric Tonnes,1832.03,Rs./Quintal
NCT of Delhi,Delhi,APMC Azadpur,Vegetables,Guar,April-2023,128.50,Metric Tonnes,3352.14,Rs./Quintal
NCT of Delhi,Delhi,APMC Azadpur,Vegetables,Lemon,April-2023,4825.70,Metric Tonnes,5382.57,Rs./Quintal
NCT of Delhi,Delhi,APMC Azadpur,Vegetables,Mango(Raw-Ripe),April-2023,1666.60,Metric Tonnes,3382.46,Rs./Quintal
NCT of Delhi,Delhi,APMC Azadpur,Vegetables,Methi(Leaves),April-2023,7.30,Metric Tonnes,1600.00,Rs./Quintal
NCT of Delhi,Delhi,APMC Azadpur,Vegetables,Onion,April-2023,17834.50,Metric Tonnes,999.60,Rs./Quintal
NCT of Delhi,Delhi,APMC Azadpur,Vegetables,Peas Wet,April-2023,957.80,Metric Tonnes,4714.35,Rs./Quintal
NCT of Delhi,Delhi,APMC Azadpur,Vegetables,Pointed gourd(Parval),April-2023,1225.20,Metric Tonnes,4304.83,Rs./Quintal
NCT of Delhi,Delhi,APMC Azadpur,Vegetables,Potato,April-2023,14630.90,Metric Tonnes,778.90,Rs./Quintal
NCT of Delhi,Delhi,APMC Azadpur,Vegetables,Pumpkin,April-2023,2578.00,Metric Tonnes,647.88,Rs./Quintal
NCT of Delhi,Delhi,APMC Azadpur,Vegetables,Raddish,April-2023,243.50,Metric Tonnes,778.04,Rs./Quintal
NCT of Delhi,Delhi,APMC Azadpur,Vegetables,Season Leaves,April-2023,1.90,Metric Tonnes,1186.84,Rs./Quintal
NCT of Delhi,Delhi,APMC Azadpur,Vegetables,Spinach,April-2023,668.10,Metric Tonnes,1057.43,Rs./Quintal
NCT of Delhi,Delhi,APMC Azadpur,Vegetables,Sweet Potato,April-2023,388.70,Metric Tonnes,1863.24,Rs./Quintal
NCT of Delhi,Delhi,APMC Azadpur,Vegetables,Sweet Pumpkin,April-2023,137.70,Metric Tonnes,1661.87,Rs./Quintal
NCT of Delhi,Delhi,APMC Azadpur,Vegetables,Tomato,April-2023,11166.40,Metric Tonnes,1054.34,Rs./Quintal
NCT of Delhi,Delhi,APMC Azadpur,Vegetables,Banana - Green,May-2023,408.50,Metric Tonnes,1927.44,Rs./Quintal
NCT of Delhi,Delhi,APMC Azadpur,Vegetables,Beetroot,May-2023,1008.00,Metric Tonnes,807.04,Rs./Quintal
NCT of Delhi,Delhi,APMC Azadpur,Vegetables,Bhindi(Ladies Finger),May-2023,1581.30,Metric Tonnes,2078.69,Rs./Quintal
NCT of Delhi,Delhi,APMC Azadpur,Vegetables,Bitter gourd,May-2023,1233.60,Metric Tonnes,1473.48,Rs./Quintal
NCT of Delhi,Delhi,APMC Azadpur,Vegetables,Bottle gourd,May-2023,2243.50,Metric Tonnes,776.57,Rs./Quintal
NCT of Delhi,Delhi,APMC Azadpur,Vegetables,Brinjal,May-2023,1865.70,Metric Tonnes,1080.86,Rs./Quintal
NCT of Delhi,Delhi,APMC Azadpur,Vegetables,Cabbage,May-2023,2641.60,Metric Tonnes,344.12,Rs./Quintal
NCT of Delhi,Delhi,APMC Azadpur,Vegetables,Capsicum,May-2023,2089.70,Metric Tonnes,596.42,Rs./Quintal
NCT of Delhi,Delhi,APMC Azadpur,Vegetables,Carrot,May-2023,1403.00,Metric Tonnes,744.74,Rs./Quintal
NCT of Delhi,Delhi,APMC Azadpur,Vegetables,Cauliflower,May-2023,2825.20,Metric Tonnes,1894.52,Rs./Quintal
NCT of Delhi,Delhi,APMC Azadpur,Vegetables,Coriander(Leaves),May-2023,1947.60,Bundle,2320.25,Rs./Bundle
NCT of Delhi,Delhi,APMC Azadpur,Vegetables,Cucumbar(Kheera),May-2023,9254.40,Metric Tonnes,987.42,Rs./Quintal
NCT of Delhi,Delhi,APMC Azadpur,Vegetables,Ginger(Green),May-2023,399.00,Metric Tonnes,9750.00,Rs./Quintal
NCT of Delhi,Delhi,APMC Azadpur,Vegetables,Green Chilli,May-2023,4275.40,Metric Tonnes,1204.31,Rs./Quintal
NCT of Delhi,Delhi,APMC Azadpur,Vegetables,Guar,May-2023,560.90,Metric Tonnes,3140.76,Rs./Quintal
NCT of Delhi,Delhi,APMC Azadpur,Vegetables,Lemon,May-2023,7176.40,Metric Tonnes,2825.92,Rs./Quintal
NCT of Delhi,Delhi,APMC Azadpur,Vegetables,Mango(Raw-Ripe),May-2023,3436.20,Metric Tonnes,1230.10,Rs./Quintal
NCT of Delhi,Delhi,APMC Azadpur,Vegetables,Methi(Leaves),May-2023,4.10,Metric Tonnes,3121.95,Rs./Quintal
NCT of Delhi,Delhi,APMC Azadpur,Vegetables,Onion,May-2023,24172.10,Metric Tonnes,981.92,Rs./Quintal
NCT of Delhi,Delhi,APMC Azadpur,Vegetables,Peas Wet,May-2023,1632.50,Metric Tonnes,3686.78,Rs./Quintal
NCT of Delhi,Delhi,APMC Azadpur,Vegetables,Pointed gourd(Parval),May-2023,1409.30,Metric Tonnes,3092.90,Rs./Quintal
NCT of Delhi,Delhi,APMC Azadpur,Vegetables,Potato,May-2023,18507.00,Metric Tonnes,919.64,Rs./Quintal
NCT of Delhi,Delhi,APMC Azadpur,Vegetables,Pumpkin,May-2023,1411.13,Metric Tonnes,899.27,Rs./Quintal
NCT of Delhi,Delhi,APMC Azadpur,Vegetables,Raddish,May-2023,237.40,Metric Tonnes,1048.72,Rs./Quintal
NCT of Delhi,Delhi,APMC Azadpur,Vegetables,Spinach,May-2023,790.90,Metric Tonnes,947.49,Rs./Quintal
NCT of Delhi,Delhi,APMC Azadpur,Vegetables,Sweet Potato,May-2023,156.40,Metric Tonnes,1954.35,Rs./Quintal
NCT of Delhi,Delhi,APMC Azadpur,Vegetables,Sweet Pumpkin,May-2023,201.90,Metric Tonnes,2252.35,Rs./Quintal
NCT of Delhi,Delhi,APMC Azadpur,Vegetables,Tomato,May-2023,11215.90,Metric Tonnes,635.41,Rs./Quintal
NCT of Delhi,Delhi,APMC Azadpur,Vegetables,Yam(Ratalu),May-2023,136.00,Metric Tonnes,775.00,Rs./Quintal
NCT of Delhi,Delhi,APMC Azadpur,Vegetables,Banana - Green,June-2023,310.30,Metric Tonnes,1953.34,Rs./Quintal
NCT of Delhi,Delhi,APMC Azadpur,Vegetables,Beetroot,June-2023,1246.90,Metric Tonnes,1026.89,Rs./Quintal
NCT of Delhi,Delhi,APMC Azadpur,Vegetables,Bhindi(Ladies Finger),June-2023,1545.10,Metric Tonnes,2175.48,Rs./Quintal
NCT of Delhi,Delhi,APMC Azadpur,Vegetables,Bitter gourd,June-2023,1077.10,Metric Tonnes,1033.73,Rs./Quintal
NCT of Delhi,Delhi,APMC Azadpur,Vegetables,Bottle gourd,June-2023,2036.00,Metric Tonnes,848.93,Rs./Quintal
NCT of Delhi,Delhi,APMC Azadpur,Vegetables,Brinjal,June-2023,1354.10,Metric Tonnes,1223.85,Rs./Quintal
NCT of Delhi,Delhi,APMC Azadpur,Vegetables,Cabbage,June-2023,2942.40,Metric Tonnes,325.46,Rs./Quintal
NCT of Delhi,Delhi,APMC Azadpur,Vegetables,Capsicum,June-2023,1642.60,Metric Tonnes,1640.71,Rs./Quintal
NCT of Delhi,Delhi,APMC Azadpur,Vegetables,Carrot,June-2023,1262.70,Metric Tonnes,1061.23,Rs./Quintal
NCT of Delhi,Delhi,APMC Azadpur,Vegetables,Cauliflower,June-2023,2876.90,Metric Tonnes,2241.09,Rs./Quintal
NCT of Delhi,Delhi,APMC Azadpur,Vegetables,Coriander(Leaves),June-2023,2312.90,Bundle,2530.45,Rs./Bundle
NCT of Delhi,Delhi,APMC Azadpur,Vegetables,Cucumbar(Kheera),June-2023,8378.10,Metric Tonnes,1197.04,Rs./Quintal
NCT of Delhi,Delhi,APMC Azadpur,Vegetables,Ginger(Green),June-2023,970.30,Metric Tonnes,15962.80,Rs./Quintal
NCT of Delhi,Delhi,APMC Azadpur,Vegetables,Green Chilli,June-2023,5020.90,Metric Tonnes,2028.91,Rs./Quintal
NCT of Delhi,Delhi,APMC Azadpur,Vegetables,Guar,June-2023,769.90,Metric Tonnes,1993.67,Rs./Quintal
NCT of Delhi,Delhi,APMC Azadpur,Vegetables,Lemon,June-2023,7959.10,Metric Tonnes,2136.33,Rs./Quintal
NCT of Delhi,Delhi,APMC Azadpur,Vegetables,Mango(Raw-Ripe),June-2023,2084.60,Metric Tonnes,1449.74,Rs./Quintal
NCT of Delhi,Delhi,APMC Azadpur,Vegetables,Methi(Leaves),June-2023,2.70,Metric Tonnes,3185.19,Rs./Quintal
NCT of Delhi,Delhi,APMC Azadpur,Vegetables,Onion,June-2023,21801.00,Metric Tonnes,1107.10,Rs./Quintal
NCT of Delhi,Delhi,APMC Azadpur,Vegetables,Peas Wet,June-2023,2270.20,Metric Tonnes,3639.45,Rs./Quintal
NCT of Delhi,Delhi,APMC Azadpur,Vegetables,Pointed gourd(Parval),June-2023,1638.60,Metric Tonnes,2530.32,Rs./Quintal
NCT of Delhi,Delhi,APMC Azadpur,Vegetables,Potato,June-2023,22859.20,Metric Tonnes,1073.01,Rs./Quintal
NCT of Delhi,Delhi,APMC Azadpur,Vegetables,Pumpkin,June-2023,1538.50,Metric Tonnes,771.27,Rs./Quintal
NCT of Delhi,Delhi,APMC Azadpur,Vegetables,Raddish,June-2023,789.80,Metric Tonnes,1029.06,Rs./Quintal
NCT of Delhi,Delhi,APMC Azadpur,Vegetables,Spinach,June-2023,962.10,Metric Tonnes,902.12,Rs./Quintal
NCT of Delhi,Delhi,APMC Azadpur,Vegetables,Sweet Potato,June-2023,172.90,Metric Tonnes,1896.76,Rs./Quintal
NCT of Delhi,Delhi,APMC Azadpur,Vegetables,Sweet Pumpkin,June-2023,236.70,Metric Tonnes,1901.52,Rs./Quintal
NCT of Delhi,Delhi,APMC Azadpur,Vegetables,Tomato,June-2023,11409.20,Metric Tonnes,1862.72,Rs./Quintal
NCT of Delhi,Delhi,APMC Azadpur,Vegetables,Yam(Ratalu),June-2023,38.00,Metric Tonnes,1400.00,Rs./Quintal
NCT of Delhi,Delhi,APMC Azadpur,Vegetables,Banana - Green,July-2023,740.20,Metric Tonnes,2248.99,Rs./Quintal
NCT of Delhi,Delhi,APMC Azadpur,Vegetables,Beetroot,July-2023,1354.90,Metric Tonnes,1272.96,Rs./Quintal
NCT of Delhi,Delhi,APMC Azadpur,Vegetables,Bhindi(Ladies Finger),July-2023,1689.20,Metric Tonnes,2985.41,Rs./Quintal
NCT of Delhi,Delhi,APMC Azadpur,Vegetables,Bitter gourd,July-2023,812.60,Metric Tonnes,1873.81,Rs./Quintal
NCT of Delhi,Delhi,APMC Azadpur,Vegetables,Bottle gourd,July-2023,2287.10,Metric Tonnes,2287.54,Rs./Quintal
NCT of Delhi,Delhi,APMC Azadpur,Vegetables,Brinjal,July-2023,1022.50,Metric Tonnes,2908.01,Rs./Quintal
NCT of Delhi,Delhi,APMC Azadpur,Vegetables,Cabbage,July-2023,2778.80,Metric Tonnes,934.84,Rs./Quintal
NCT of Delhi,Delhi,APMC Azadpur,Vegetables,Capsicum,July-2023,1315.30,Metric Tonnes,5916.57,Rs./Quintal
NCT of Delhi,Delhi,APMC Azadpur,Vegetables,Carrot,July-2023,1442.80,Metric Tonnes,1557.92,Rs./Quintal
NCT of Delhi,Delhi,APMC Azadpur,Vegetables,Cauliflower,July-2023,3252.30,Metric Tonnes,3472.48,Rs./Quintal
NCT of Delhi,Delhi,APMC Azadpur,Vegetables,Coriander(Leaves),July-2023,619.30,Bundle,7583.80,Rs./Bundle
NCT of Delhi,Delhi,APMC Azadpur,Vegetables,Cucumbar(Kheera),July-2023,8971.00,Metric Tonnes,1343.04,Rs./Quintal
NCT of Delhi,Delhi,APMC Azadpur,Vegetables,Ginger(Green),July-2023,216.20,Metric Tonnes,14500.00,Rs./Quintal
NCT of Delhi,Delhi,APMC Azadpur,Vegetables,Green Chilli,July-2023,3884.60,Metric Tonnes,3895.22,Rs./Quintal
NCT of Delhi,Delhi,APMC Azadpur,Vegetables,Guar,July-2023,540.90,Metric Tonnes,3194.36,Rs./Quintal
NCT of Delhi,Delhi,APMC Azadpur,Vegetables,Lemon,July-2023,6533.70,Metric Tonnes,1646.47,Rs./Quintal
NCT of Delhi,Delhi,APMC Azadpur,Vegetables,Mango(Raw-Ripe),July-2023,496.00,Metric Tonnes,2615.37,Rs./Quintal
NCT of Delhi,Delhi,APMC Azadpur,Vegetables,Methi(Leaves),July-2023,0.30,Metric Tonnes,6000.00,Rs./Quintal
NCT of Delhi,Delhi,APMC Azadpur,Vegetables,Onion,July-2023,22082.40,Metric Tonnes,1443.01,Rs./Quintal
NCT of Delhi,Delhi,APMC Azadpur,Vegetables,Peas Wet,July-2023,803.20,Metric Tonnes,7181.22,Rs./Quintal
NCT of Delhi,Delhi,APMC Azadpur,Vegetables,Pointed gourd(Parval),July-2023,2290.90,Metric Tonnes,2568.39,Rs./Quintal
NCT of Delhi,Delhi,APMC Azadpur,Vegetables,Potato,July-2023,23009.30,Metric Tonnes,1231.73,Rs./Quintal
NCT of Delhi,Delhi,APMC Azadpur,Vegetables,Pumpkin,July-2023,2234.30,Metric Tonnes,1288.67,Rs./Quintal
NCT of Delhi,Delhi,APMC Azadpur,Vegetables,Raddish,July-2023,280.50,Metric Tonnes,1045.32,Rs./Quintal
NCT of Delhi,Delhi,APMC Azadpur,Vegetables,Spinach,July-2023,610.80,Metric Tonnes,1847.83,Rs./Quintal
NCT of Delhi,Delhi,APMC Azadpur,Vegetables,Sweet Potato,July-2023,207.90,Metric Tonnes,1622.94,Rs./Quintal
NCT of Delhi,Delhi,APMC Azadpur,Vegetables,Sweet Pumpkin,July-2023,277.60,Metric Tonnes,1623.63,Rs./Quintal
NCT of Delhi,Delhi,APMC Azadpur,Vegetables,Tomato,July-2023,3824.30,Metric Tonnes,6738.50,Rs./Quintal
NCT of Delhi,Delhi,APMC Azadpur,Vegetables,Yam(Ratalu),July-2023,339.20,Metric Tonnes,1400.00,Rs./Quintal
NCT of Delhi,Delhi,APMC Azadpur,Vegetables,Banana - Green,August-2023,477.30,Metric Tonnes,2093.57,Rs./Quintal
NCT of Delhi,Delhi,APMC Azadpur,Vegetables,Beetroot,August-2023,1776.20,Metric Tonnes,1197.87,Rs./Quintal
NCT of Delhi,Delhi,APMC Azadpur,Vegetables,Bhindi(Ladies Finger),August-2023,2319.60,Metric Tonnes,1246.02,Rs./Quintal
NCT of Delhi,Delhi,APMC Azadpur,Vegetables,Bitter gourd,August-2023,779.00,Metric Tonnes,1839.78,Rs./Quintal
NCT of Delhi,Delhi,APMC Azadpur,Vegetables,Bottle gourd,August-2023,2054.60,Metric Tonnes,1089.25,Rs./Quintal
NCT of Delhi,Delhi,APMC Azadpur,Vegetables,Brinjal,August-2023,1486.00,Metric Tonnes,1752.42,Rs./Quintal
NCT of Delhi,Delhi,APMC Azadpur,Vegetables,Cabbage,August-2023,2558.20,Metric Tonnes,1702.11,Rs./Quintal
NCT of Delhi,Delhi,APMC Azadpur,Vegetables,Capsicum,August-2023,3508.50,Metric Tonnes,4720.89,Rs./Quintal
NCT of Delhi,Delhi,APMC Azadpur,Vegetables,Carrot,August-2023,1684.40,Metric Tonnes,1662.10,Rs./Quintal
NCT of Delhi,Delhi,APMC Azadpur,Vegetables,Cauliflower,August-2023,3044.90,Metric Tonnes,3591.94,Rs./Quintal
NCT of Delhi,Delhi,APMC Azadpur,Vegetables,Coriander(Leaves),August-2023,523.60,Bundle,4009.22,Rs./Bundle
NCT of Delhi,Delhi,APMC Azadpur,Vegetables,Cucumbar(Kheera),August-2023,7897.70,Metric Tonnes,1353.85,Rs./Quintal
NCT of Delhi,Delhi,APMC Azadpur,Vegetables,Ginger(Green),August-2023,4382.80,Metric Tonnes,11089.66,Rs./Quintal
NCT of Delhi,Delhi,APMC Azadpur,Vegetables,Green Chilli,August-2023,4282.20,Metric Tonnes,2539.79,Rs./Quintal
NCT of Delhi,Delhi,APMC Azadpur,Vegetables,Guar,August-2023,513.90,Metric Tonnes,2824.64,Rs./Quintal
NCT of Delhi,Delhi,APMC Azadpur,Vegetables,Lemon,August-2023,4855.70,Metric Tonnes,2279.94,Rs./Quintal
NCT of Delhi,Delhi,APMC Azadpur,Vegetables,Mango(Raw-Ripe),August-2023,0.80,Metric Tonnes,2306.00,Rs./Quintal
NCT of Delhi,Delhi,APMC Azadpur,Vegetables,Methi(Leaves),August-2023,4.00,Metric Tonnes,4275.00,Rs./Quintal
NCT of Delhi,Delhi,APMC Azadpur,Vegetables,Onion,August-2023,20333.50,Metric Tonnes,1687.59,Rs./Quintal
NCT of Delhi,Delhi,APMC Azadpur,Vegetables,Peas Wet,August-2023,866.00,Metric Tonnes,7290.96,Rs./Quintal
NCT of Delhi,Delhi,APMC Azadpur,Vegetables,Pointed gourd(Parval),August-2023,2166.30,Metric Tonnes,1732.38,Rs./Quintal
NCT of Delhi,Delhi,APMC Azadpur,Vegetables,Potato,August-2023,21453.10,Metric Tonnes,1274.02,Rs./Quintal
NCT of Delhi,Delhi,APMC Azadpur,Vegetables,Pumpkin,August-2023,2255.20,Metric Tonnes,889.91,Rs./Quintal
NCT of Delhi,Delhi,APMC Azadpur,Vegetables,Raddish,August-2023,397.30,Metric Tonnes,1499.24,Rs./Quintal
NCT of Delhi,Delhi,APMC Azadpur,Vegetables,Season Leaves,August-2023,4.20,Metric Tonnes,1923.81,Rs./Quintal
NCT of Delhi,Delhi,APMC Azadpur,Vegetables,Spinach,August-2023,799.10,Metric Tonnes,1669.48,Rs./Quintal
NCT of Delhi,Delhi,APMC Azadpur,Vegetables,Sweet Potato,August-2023,200.60,Metric Tonnes,1396.36,Rs./Quintal
NCT of Delhi,Delhi,APMC Azadpur,Vegetables,Sweet Pumpkin,August-2023,164.60,Metric Tonnes,1436.09,Rs./Quintal
NCT of Delhi,Delhi,APMC Azadpur,Vegetables,Tomato,August-2023,6490.50,Metric Tonnes,3473.53,Rs./Quintal
NCT of Delhi,Delhi,APMC Azadpur,Vegetables,Yam(Ratalu),August-2023,231.30,Metric Tonnes,1362.17,Rs./Quintal
NCT of Delhi,Delhi,APMC Azadpur,Vegetables,Banana - Green,September-2023,466.90,Metric Tonnes,2040.82,Rs./Quintal
NCT of Delhi,Delhi,APMC Azadpur,Vegetables,Beetroot,September-2023,2461.00,Metric Tonnes,1413.08,Rs./Quintal
NCT of Delhi,Delhi,APMC Azadpur,Vegetables,Bhindi(Ladies Finger),September-2023,1844.60,Metric Tonnes,1182.12,Rs./Quintal
NCT of Delhi,Delhi,APMC Azadpur,Vegetables,Bitter gourd,September-2023,962.70,Metric Tonnes,1726.32,Rs./Quintal
NCT of Delhi,Delhi,APMC Azadpur,Vegetables,Bottle gourd,September-2023,2379.30,Metric Tonnes,1347.81,Rs./Quintal
NCT of Delhi,Delhi,APMC Azadpur,Vegetables,Brinjal,September-2023,1422.70,Metric Tonnes,1259.34,Rs./Quintal
NCT of Delhi,Delhi,APMC Azadpur,Vegetables,Cabbage,September-2023,3716.90,Metric Tonnes,1458.55,Rs./Quintal
NCT of Delhi,Delhi,APMC Azadpur,Vegetables,Capsicum,September-2023,3816.40,Metric Tonnes,3214.49,Rs./Quintal
NCT of Delhi,Delhi,APMC Azadpur,Vegetables,Carrot,September-2023,2023.70,Metric Tonnes,1211.90,Rs./Quintal
NCT of Delhi,Delhi,APMC Azadpur,Vegetables,Cauliflower,September-2023,6775.50,Metric Tonnes,2081.28,Rs./Quintal
NCT of Delhi,Delhi,APMC Azadpur,Vegetables,Coriander(Leaves),September-2023,481.20,Bundle,6246.36,Rs./Bundle
NCT of Delhi,Delhi,APMC Azadpur,Vegetables,Cucumbar(Kheera),September-2023,7354.30,Metric Tonnes,2083.17,Rs./Quintal
NCT of Delhi,Delhi,APMC Azadpur,Vegetables,Ginger(Green),September-2023,5235.60,Metric Tonnes,8053.70,Rs./Quintal
NCT of Delhi,Delhi,APMC Azadpur,Vegetables,Green Chilli,September-2023,5625.40,Metric Tonnes,2430.29,Rs./Quintal
NCT of Delhi,Delhi,APMC Azadpur,Vegetables,Guar,September-2023,881.50,Metric Tonnes,2280.44,Rs./Quintal
NCT of Delhi,Delhi,APMC Azadpur,Vegetables,Lemon,September-2023,2545.60,Metric Tonnes,3494.02,Rs./Quintal
NCT of Delhi,Delhi,APMC Azadpur,Vegetables,Mango(Raw-Ripe),September-2023,64.70,Metric Tonnes,3776.29,Rs./Quintal
NCT of Delhi,Delhi,APMC Azadpur,Vegetables,Methi(Leaves),September-2023,137.40,Metric Tonnes,5641.85,Rs./Quintal
NCT of Delhi,Delhi,APMC Azadpur,Vegetables,Onion,September-2023,23569.10,Metric Tonnes,1952.18,Rs./Quintal
NCT of Delhi,Delhi,APMC Azadpur,Vegetables,Peas Wet,September-2023,586.50,Metric Tonnes,9156.31,Rs./Quintal
NCT of Delhi,Delhi,APMC Azadpur,Vegetables,Pointed gourd(Parval),September-2023,2142.90,Metric Tonnes,2057.04,Rs./Quintal
NCT of Delhi,Delhi,APMC Azadpur,Vegetables,Potato,September-2023,25306.70,Metric Tonnes,1261.47,Rs./Quintal
NCT of Delhi,Delhi,APMC Azadpur,Vegetables,Pumpkin,September-2023,2742.00,Metric Tonnes,789.15,Rs./Quintal
NCT of Delhi,Delhi,APMC Azadpur,Vegetables,Raddish,September-2023,1861.60,Metric Tonnes,1567.21,Rs./Quintal
NCT of Delhi,Delhi,APMC Azadpur,Vegetables,Season Leaves,September-2023,24.20,Metric Tonnes,1555.37,Rs./Quintal
NCT of Delhi,Delhi,APMC Azadpur,Vegetables,Spinach,September-2023,1059.50,Metric Tonnes,1112.35,Rs./Quintal
NCT of Delhi,Delhi,APMC Azadpur,Vegetables,Sweet Potato,September-2023,439.70,Metric Tonnes,1636.02,Rs./Quintal
NCT of Delhi,Delhi,APMC Azadpur,Vegetables,Sweet Pumpkin,September-2023,167.10,Metric Tonnes,1241.71,Rs./Quintal
NCT of Delhi,Delhi,APMC Azadpur,Vegetables,Tomato,September-2023,14054.50,Metric Tonnes,1537.70,Rs./Quintal
NCT of Delhi,Delhi,APMC Azadpur,Vegetables,Turnip,September-2023,1.90,Metric Tonnes,1568.42,Rs./Quintal
NCT of Delhi,Delhi,APMC Azadpur,Vegetables,Yam(Ratalu),September-2023,171.20,Metric Tonnes,1717.35,Rs./Quintal
NCT of Delhi,Delhi,APMC Azadpur,Vegetables,Banana - Green,October-2023,382.50,Metric Tonnes,2304.00,Rs./Quintal
NCT of Delhi,Delhi,APMC Azadpur,Vegetables,Beetroot,October-2023,2306.30,Metric Tonnes,1419.84,Rs./Quintal
NCT of Delhi,Delhi,APMC Azadpur,Vegetables,Bhindi(Ladies Finger),October-2023,1180.40,Metric Tonnes,1408.69,Rs./Quintal
NCT of Delhi,Delhi,APMC Azadpur,Vegetables,Bitter gourd,October-2023,742.10,Metric Tonnes,1605.70,Rs./Quintal
NCT of Delhi,Delhi,APMC Azadpur,Vegetables,Bottle gourd,October-2023,2072.40,Metric Tonnes,1533.29,Rs./Quintal
NCT of Delhi,Delhi,APMC Azadpur,Vegetables,Brinjal,October-2023,1762.50,Metric Tonnes,1303.89,Rs./Quintal
NCT of Delhi,Delhi,APMC Azadpur,Vegetables,Cabbage,October-2023,3571.80,Metric Tonnes,1725.32,Rs./Quintal
NCT of Delhi,Delhi,APMC Azadpur,Vegetables,Capsicum,October-2023,3272.40,Metric Tonnes,4010.99,Rs./Quintal
NCT of Delhi,Delhi,APMC Azadpur,Vegetables,Carrot,October-2023,2719.50,Metric Tonnes,1167.56,Rs./Quintal
NCT of Delhi,Delhi,APMC Azadpur,Vegetables,Cauliflower,October-2023,4433.70,Metric Tonnes,2280.14,Rs./Quintal
NCT of Delhi,Delhi,APMC Azadpur,Vegetables,Coriander(Leaves),October-2023,814.30,Bundle,5183.33,Rs./Bundle
NCT of Delhi,Delhi,APMC Azadpur,Vegetables,Cucumbar(Kheera),October-2023,6195.00,Metric Tonnes,2143.12,Rs./Quintal
NCT of Delhi,Delhi,APMC Azadpur,Vegetables,Ginger(Green),October-2023,6436.40,Metric Tonnes,8712.58,Rs./Quintal
NCT of Delhi,Delhi,APMC Azadpur,Vegetables,Green Chilli,October-2023,5391.20,Metric Tonnes,3570.26,Rs./Quintal
NCT of Delhi,Delhi,APMC Azadpur,Vegetables,Guar,October-2023,457.70,Metric Tonnes,2715.95,Rs./Quintal
NCT of Delhi,Delhi,APMC Azadpur,Vegetables,Lemon,October-2023,3059.90,Metric Tonnes,2915.38,Rs./Quintal
NCT of Delhi,Delhi,APMC Azadpur,Vegetables,Little gourd(Kundru),October-2023,208.20,Metric Tonnes,1704.15,Rs./Quintal
NCT of Delhi,Delhi,APMC Azadpur,Vegetables,Mango(Raw-Ripe),October-2023,42.40,Metric Tonnes,4970.40,Rs./Quintal
NCT of Delhi,Delhi,APMC Azadpur,Vegetables,Mashrooms,October-2023,182.80,Metric Tonnes,9642.64,Rs./Quintal
NCT of Delhi,Delhi,APMC Azadpur,Vegetables,Methi(Leaves),October-2023,408.30,Metric Tonnes,3904.24,Rs./Quintal
NCT of Delhi,Delhi,APMC Azadpur,Vegetables,Onion,October-2023,21157.70,Metric Tonnes,2420.01,Rs./Quintal
NCT of Delhi,Delhi,APMC Azadpur,Vegetables,Peas Wet,October-2023,611.40,Metric Tonnes,9659.77,Rs./Quintal
NCT of Delhi,Delhi,APMC Azadpur,Vegetables,Pointed gourd(Parval),October-2023,1363.40,Metric Tonnes,2487.63,Rs./Quintal
NCT of Delhi,Delhi,APMC Azadpur,Vegetables,Potato,October-2023,31936.20,Metric Tonnes,1346.85,Rs./Quintal
NCT of Delhi,Delhi,APMC Azadpur,Vegetables,Pumpkin,October-2023,2135.70,Metric Tonnes,761.20,Rs./Quintal
NCT of Delhi,Delhi,APMC Azadpur,Vegetables,Raddish,October-2023,2224.50,Metric Tonnes,1503.24,Rs./Quintal
NCT of Delhi,Delhi,APMC Azadpur,Vegetables,Season Leaves,October-2023,89.00,Metric Tonnes,1533.60,Rs./Quintal
NCT of Delhi,Delhi,APMC Azadpur,Vegetables,Spinach,October-2023,1659.30,Metric Tonnes,1034.74,Rs./Quintal
NCT of Delhi,Delhi,APMC Azadpur,Vegetables,Sweet Potato,October-2023,2452.60,Metric Tonnes,2367.94,Rs./Quintal
NCT of Delhi,Delhi,APMC Azadpur,Vegetables,Sweet Pumpkin,October-2023,214.50,Metric Tonnes,1219.53,Rs./Quintal
NCT of Delhi,Delhi,APMC Azadpur,Vegetables,Tinda,October-2023,162.90,Metric Tonnes,1549.94,Rs./Quintal
NCT of Delhi,Delhi,APMC Azadpur,Vegetables,Tomato,October-2023,12651.80,Metric Tonnes,1658.33,Rs./Quintal
NCT of Delhi,Delhi,APMC Azadpur,Vegetables,Turnip,October-2023,12.10,Metric Tonnes,2195.04,Rs./Quintal
NCT of Delhi,Delhi,APMC Azadpur,Vegetables,Yam(Ratalu),October-2023,131.70,Metric Tonnes,1825.97,Rs./Quintal
NCT of Delhi,Delhi,APMC Azadpur,Vegetables,Banana - Green,November-2023,219.30,Metric Tonnes,2377.02,Rs./Quintal
NCT of Delhi,Delhi,APMC Azadpur,Vegetables,Beetroot,November-2023,949.00,Metric Tonnes,1124.66,Rs./Quintal
NCT of Delhi,Delhi,APMC Azadpur,Vegetables,Bhindi(Ladies Finger),November-2023,429.40,Metric Tonnes,1532.73,Rs./Quintal
NCT of Delhi,Delhi,APMC Azadpur,Vegetables,Bitter gourd,November-2023,350.50,Metric Tonnes,1238.43,Rs./Quintal
NCT of Delhi,Delhi,APMC Azadpur,Vegetables,Bottle gourd,November-2023,1341.00,Metric Tonnes,1029.60,Rs./Quintal
NCT of Delhi,Delhi,APMC Azadpur,Vegetables,Brinjal,November-2023,1180.80,Metric Tonnes,782.73,Rs./Quintal
NCT of Delhi,Delhi,APMC Azadpur,Vegetables,Cabbage,November-2023,2233.10,Metric Tonnes,1370.56,Rs./Quintal
NCT of Delhi,Delhi,APMC Azadpur,Vegetables,Capsicum,November-2023,2335.00,Metric Tonnes,2018.96,Rs./Quintal
NCT of Delhi,Delhi,APMC Azadpur,Vegetables,Carrot,November-2023,4653.90,Metric Tonnes,2266.10,Rs./Quintal
NCT of Delhi,Delhi,APMC Azadpur,Vegetables,Cauliflower,November-2023,4501.60,Metric Tonnes,819.30,Rs./Quintal
NCT of Delhi,Delhi,APMC Azadpur,Vegetables,Coriander(Leaves),November-2023,1412.00,Bundle,2216.24,Rs./Bundle
NCT of Delhi,Delhi,APMC Azadpur,Vegetables,Cucumbar(Kheera),November-2023,5052.00,Metric Tonnes,1945.23,Rs./Quintal
NCT of Delhi,Delhi,APMC Azadpur,Vegetables,Galgal(Lemon),November-2023,158.40,Metric Tonnes,3192.65,Rs./Quintal
NCT of Delhi,Delhi,APMC Azadpur,Vegetables,Ginger(Green),November-2023,6638.10,Metric Tonnes,9147.25,Rs./Quintal
NCT of Delhi,Delhi,APMC Azadpur,Vegetables,Green Chilli,November-2023,5342.70,Metric Tonnes,2408.10,Rs./Quintal
NCT of Delhi,Delhi,APMC Azadpur,Vegetables,Guar,November-2023,123.20,Metric Tonnes,2384.90,Rs./Quintal
NCT of Delhi,Delhi,APMC Azadpur,Vegetables,Lemon,November-2023,2674.80,Metric Tonnes,2754.67,Rs./Quintal
NCT of Delhi,Delhi,APMC Azadpur,Vegetables,Little gourd(Kundru),November-2023,169.70,Metric Tonnes,1254.83,Rs./Quintal
NCT of Delhi,Delhi,APMC Azadpur,Vegetables,Mango(Raw-Ripe),November-2023,24.80,Metric Tonnes,5249.40,Rs./Quintal
NCT of Delhi,Delhi,APMC Azadpur,Vegetables,Mashrooms,November-2023,596.30,Metric Tonnes,10836.48,Rs./Quintal
NCT of Delhi,Delhi,APMC Azadpur,Vegetables,Methi(Leaves),November-2023,518.10,Metric Tonnes,1345.03,Rs./Quintal
NCT of Delhi,Delhi,APMC Azadpur,Vegetables,Mint(Pudina),November-2023,63.60,Bundle,1736.95,Rs./Bundle
NCT of Delhi,Delhi,APMC Azadpur,Vegetables,Onion,November-2023,17751.70,Metric Tonnes,3411.19,Rs./Quintal
NCT of Delhi,Delhi,APMC Azadpur,Vegetables,Onion Green,November-2023,225.40,Metric Tonnes,2464.42,Rs./Quintal
NCT of Delhi,Delhi,APMC Azadpur,Vegetables,Peas Wet,November-2023,2142.20,Metric Tonnes,5956.44,Rs./Quintal
NCT of Delhi,Delhi,APMC Azadpur,Vegetables,Pointed gourd(Parval),November-2023,482.40,Metric Tonnes,1958.80,Rs./Quintal
NCT of Delhi,Delhi,APMC Azadpur,Vegetables,Potato,November-2023,33333.00,Metric Tonnes,1266.06,Rs./Quintal
NCT of Delhi,Delhi,APMC Azadpur,Vegetables,Pumpkin,November-2023,1420.80,Metric Tonnes,706.49,Rs./Quintal
NCT of Delhi,Delhi,APMC Azadpur,Vegetables,Raddish,November-2023,1834.80,Metric Tonnes,1399.63,Rs./Quintal
NCT of Delhi,Delhi,APMC Azadpur,Vegetables,Season Leaves,November-2023,134.20,Metric Tonnes,942.25,Rs./Quintal
NCT of Delhi,Delhi,APMC Azadpur,Vegetables,Spinach,November-2023,1203.40,Metric Tonnes,678.50,Rs./Quintal
NCT of Delhi,Delhi,APMC Azadpur,Vegetables,Sweet Potato,November-2023,3702.80,Metric Tonnes,1614.72,Rs./Quintal
NCT of Delhi,Delhi,APMC Azadpur,Vegetables,Sweet Pumpkin,November-2023,111.90,Metric Tonnes,1172.56,Rs./Quintal
NCT of Delhi,Delhi,APMC Azadpur,Vegetables,Tinda,November-2023,148.60,Metric Tonnes,1414.64,Rs./Quintal
NCT of Delhi,Delhi,APMC Azadpur,Vegetables,Tomato,November-2023,11281.60,Metric Tonnes,2876.73,Rs./Quintal
NCT of Delhi,Delhi,APMC Azadpur,Vegetables,Turnip,November-2023,178.30,Metric Tonnes,2180.09,Rs./Quintal
NCT of Delhi,Delhi,APMC Azadpur,Vegetables,Yam(Ratalu),November-2023,53.30,Metric Tonnes,2395.31,Rs./Quintal
NCT of Delhi,Delhi,APMC Azadpur,Vegetables,Banana - Green,December-2023,298.20,Metric Tonnes,2457.41,Rs./Quintal
NCT of Delhi,Delhi,APMC Azadpur,Vegetables,Beetroot,December-2023,1826.00,Metric Tonnes,780.92,Rs./Quintal
NCT of Delhi,Delhi,APMC Azadpur,Vegetables,Bhindi(Ladies Finger),December-2023,1133.80,Metric Tonnes,5157.64,Rs./Quintal
NCT of Delhi,Delhi,APMC Azadpur,Vegetables,Bitter gourd,December-2023,519.20,Metric Tonnes,2314.46,Rs./Quintal
NCT of Delhi,Delhi,APMC Azadpur,Vegetables,Bottle gourd,December-2023,1829.40,Metric Tonnes,1664.63,Rs./Quintal
NCT of Delhi,Delhi,APMC Azadpur,Vegetables,Brinjal,December-2023,1139.60,Metric Tonnes,839.06,Rs./Quintal
NCT of Delhi,Delhi,APMC Azadpur,Vegetables,Cabbage,December-2023,2908.00,Metric Tonnes,397.15,Rs./Quintal
NCT of Delhi,Delhi,APMC Azadpur,Vegetables,Capsicum,December-2023,2322.70,Metric Tonnes,1557.40,Rs./Quintal
NCT of Delhi,Delhi,APMC Azadpur,Vegetables,Carrot,December-2023,11225.10,Metric Tonnes,1482.45,Rs./Quintal
NCT of Delhi,Delhi,APMC Azadpur,Vegetables,Cauliflower,December-2023,4505.10,Metric Tonnes,961.87,Rs./Quintal
NCT of Delhi,Delhi,APMC Azadpur,Vegetables,Coriander(Leaves),December-2023,1574.70,Bundle,1817.42,Rs./Bundle
NCT of Delhi,Delhi,APMC Azadpur,Vegetables,Cucumbar(Kheera),December-2023,8145.20,Metric Tonnes,1444.77,Rs./Quintal
NCT of Delhi,Delhi,APMC Azadpur,Vegetables,Galgal(Lemon),December-2023,2.30,Metric Tonnes,2445.65,Rs./Quintal
NCT of Delhi,Delhi,APMC Azadpur,Vegetables,Ginger(Green),December-2023,8823.50,Metric Tonnes,8204.74,Rs./Quintal
NCT of Delhi,Delhi,APMC Azadpur,Vegetables,Green Chilli,December-2023,7076.60,Metric Tonnes,1684.88,Rs./Quintal
NCT of Delhi,Delhi,APMC Azadpur,Vegetables,Guar,December-2023,2.40,Metric Tonnes,2150.00,Rs./Quintal
NCT of Delhi,Delhi,APMC Azadpur,Vegetables,Lemon,December-2023,2960.30,Metric Tonnes,2376.96,Rs./Quintal
NCT of Delhi,Delhi,APMC Azadpur,Vegetables,Little gourd(Kundru),December-2023,103.80,Metric Tonnes,1253.18,Rs./Quintal
NCT of Delhi,Delhi,APMC Azadpur,Vegetables,Mango(Raw-Ripe),December-2023,20.50,Metric Tonnes,4524.15,Rs./Quintal
NCT of Delhi,Delhi,APMC Azadpur,Vegetables,Mashrooms,December-2023,1608.80,Metric Tonnes,7061.15,Rs./Quintal
NCT of Delhi,Delhi,APMC Azadpur,Vegetables,Methi(Leaves),December-2023,492.00,Metric Tonnes,1530.53,Rs./Quintal
NCT of Delhi,Delhi,APMC Azadpur,Vegetables,Mint(Pudina),December-2023,99.90,Bundle,1900.35,Rs./Bundle
NCT of Delhi,Delhi,APMC Azadpur,Vegetables,Onion,December-2023,27682.10,Metric Tonnes,2420.76,Rs./Quintal
NCT of Delhi,Delhi,APMC Azadpur,Vegetables,Onion Green,December-2023,315.80,Metric Tonnes,2394.87,Rs./Quintal
NCT of Delhi,Delhi,APMC Azadpur,Vegetables,Peas Wet,December-2023,9623.90,Metric Tonnes,1952.58,Rs./Quintal
NCT of Delhi,Delhi,APMC Azadpur,Vegetables,Pointed gourd(Parval),December-2023,399.50,Metric Tonnes,2098.42,Rs./Quintal
NCT of Delhi,Delhi,APMC Azadpur,Vegetables,Potato,December-2023,32031.50,Metric Tonnes,815.37,Rs./Quintal
NCT of Delhi,Delhi,APMC Azadpur,Vegetables,Pumpkin,December-2023,1993.20,Metric Tonnes,844.93,Rs./Quintal
NCT of Delhi,Delhi,APMC Azadpur,Vegetables,Raddish,December-2023,1935.60,Metric Tonnes,454.07,Rs./Quintal
NCT of Delhi,Delhi,APMC Azadpur,Vegetables,Season Leaves,December-2023,181.00,Metric Tonnes,1392.60,Rs./Quintal
NCT of Delhi,Delhi,APMC Azadpur,Vegetables,Spinach,December-2023,1341.60,Metric Tonnes,873.44,Rs./Quintal
NCT of Delhi,Delhi,APMC Azadpur,Vegetables,Sweet Potato,December-2023,5977.40,Metric Tonnes,1384.32,Rs./Quintal
NCT of Delhi,Delhi,APMC Azadpur,Vegetables,Sweet Pumpkin,December-2023,171.00,Metric Tonnes,1088.42,Rs./Quintal
NCT of Delhi,Delhi,APMC Azadpur,Vegetables,Tinda,December-2023,189.60,Metric Tonnes,1015.80,Rs./Quintal
NCT of Delhi,Delhi,APMC Azadpur,Vegetables,Tomato,December-2023,12509.50,Metric Tonnes,2286.44,Rs./Quintal
NCT of Delhi,Delhi,APMC Azadpur,Vegetables,Turnip,December-2023,307.70,Metric Tonnes,1781.51,Rs./Quintal
NCT of Delhi,Delhi,APMC Azadpur,Vegetables,Yam(Ratalu),December-2023,10.00,Metric Tonnes,2245.00,Rs./Quintal
NCT of Delhi,Delhi,APMC Azadpur,Vegetables,Banana - Green,January-2024,345.80,Metric Tonnes,2295.29,Rs./Quintal
NCT of Delhi,Delhi,APMC Azadpur,Vegetables,Beetroot,January-2024,1792.10,Metric Tonnes,1009.95,Rs./Quintal
NCT of Delhi,Delhi,APMC Azadpur,Vegetables,Bhindi(Ladies Finger),January-2024,2515.60,Metric Tonnes,4346.80,Rs./Quintal
NCT of Delhi,Delhi,APMC Azadpur,Vegetables,Bitter gourd,January-2024,919.30,Metric Tonnes,3352.83,Rs./Quintal
NCT of Delhi,Delhi,APMC Azadpur,Vegetables,Bottle gourd,January-2024,3613.40,Metric Tonnes,1401.72,Rs./Quintal
NCT of Delhi,Delhi,APMC Azadpur,Vegetables,Brinjal,January-2024,1655.40,Metric Tonnes,1484.03,Rs./Quintal
NCT of Delhi,Delhi,APMC Azadpur,Vegetables,Cabbage,January-2024,2874.70,Metric Tonnes,630.28,Rs./Quintal
NCT of Delhi,Delhi,APMC Azadpur,Vegetables,Capsicum,January-2024,2199.80,Metric Tonnes,2231.78,Rs./Quintal
NCT of Delhi,Delhi,APMC Azadpur,Vegetables,Carrot,January-2024,13679.20,Metric Tonnes,1308.23,Rs./Quintal
NCT of Delhi,Delhi,APMC Azadpur,Vegetables,Cauliflower,January-2024,4125.30,Metric Tonnes,1011.91,Rs./Quintal
NCT of Delhi,Delhi,APMC Azadpur,Vegetables,Coriander(Leaves),January-2024,1317.10,Bundle,2645.95,Rs./Bundle
NCT of Delhi,Delhi,APMC Azadpur,Vegetables,Cucumbar(Kheera),January-2024,9569.60,Metric Tonnes,1555.52,Rs./Quintal
NCT of Delhi,Delhi,APMC Azadpur,Vegetables,Ginger(Green),January-2024,9339.20,Metric Tonnes,8428.24,Rs./Quintal
NCT of Delhi,Delhi,APMC Azadpur,Vegetables,Green Chilli,January-2024,8654.60,Metric Tonnes,2646.77,Rs./Quintal
NCT of Delhi,Delhi,APMC Azadpur,Vegetables,Guar,January-2024,0.50,Metric Tonnes,2810.00,Rs./Quintal
NCT of Delhi,Delhi,APMC Azadpur,Vegetables,Lemon,January-2024,2926.30,Metric Tonnes,2024.55,Rs./Quintal
NCT of Delhi,Delhi,APMC Azadpur,Vegetables,Little gourd(Kundru),January-2024,54.50,Metric Tonnes,2476.79,Rs./Quintal
NCT of Delhi,Delhi,APMC Azadpur,Vegetables,Mango(Raw-Ripe),January-2024,22.60,Metric Tonnes,3348.01,Rs./Quintal
NCT of Delhi,Delhi,APMC Azadpur,Vegetables,Mashrooms,January-2024,1535.80,Metric Tonnes,5694.80,Rs./Quintal
NCT of Delhi,Delhi,APMC Azadpur,Vegetables,Methi(Leaves),January-2024,262.80,Metric Tonnes,2705.90,Rs./Quintal
NCT of Delhi,Delhi,APMC Azadpur,Vegetables,Mint(Pudina),January-2024,92.00,Bundle,1502.28,Rs./Bundle
NCT of Delhi,Delhi,APMC Azadpur,Vegetables,Onion,January-2024,27507.10,Metric Tonnes,1749.54,Rs./Quintal
NCT of Delhi,Delhi,APMC Azadpur,Vegetables,Onion Green,January-2024,244.00,Metric Tonnes,2202.87,Rs./Quintal
NCT of Delhi,Delhi,APMC Azadpur,Vegetables,Peas Wet,January-2024,10034.10,Metric Tonnes,2334.26,Rs./Quintal
NCT of Delhi,Delhi,APMC Azadpur,Vegetables,Pointed gourd(Parval),January-2024,12.40,Metric Tonnes,2625.00,Rs./Quintal
NCT of Delhi,Delhi,APMC Azadpur,Vegetables,Potato,January-2024,30366.30,Metric Tonnes,739.00,Rs./Quintal
NCT of Delhi,Delhi,APMC Azadpur,Vegetables,Pumpkin,January-2024,2729.80,Metric Tonnes,1144.40,Rs./Quintal
NCT of Delhi,Delhi,APMC Azadpur,Vegetables,Raddish,January-2024,1262.10,Metric Tonnes,278.24,Rs./Quintal
NCT of Delhi,Delhi,APMC Azadpur,Vegetables,Season Leaves,January-2024,167.30,Metric Tonnes,1398.27,Rs./Quintal
NCT of Delhi,Delhi,APMC Azadpur,Vegetables,Spinach,January-2024,1222.30,Metric Tonnes,1356.42,Rs./Quintal
NCT of Delhi,Delhi,APMC Azadpur,Vegetables,Sweet Potato,January-2024,6691.70,Metric Tonnes,1431.80,Rs./Quintal
NCT of Delhi,Delhi,APMC Azadpur,Vegetables,Sweet Pumpkin,January-2024,148.30,Metric Tonnes,1278.22,Rs./Quintal
NCT of Delhi,Delhi,APMC Azadpur,Vegetables,Tinda,January-2024,79.80,Metric Tonnes,1167.73,Rs./Quintal
NCT of Delhi,Delhi,APMC Azadpur,Vegetables,Tomato,January-2024,14111.80,Metric Tonnes,1710.18,Rs./Quintal
NCT of Delhi,Delhi,APMC Azadpur,Vegetables,Turnip,January-2024,243.30,Metric Tonnes,1715.17,Rs./Quintal
NCT of Delhi,Delhi,APMC Azadpur,Vegetables,Yam(Ratalu),January-2024,23.00,Metric Tonnes,2200.00,Rs./Quintal
NCT of Delhi,Delhi,APMC Azadpur,Vegetables,Banana - Green,February-2024,336.20,Metric Tonnes,2171.30,Rs./Quintal
NCT of Delhi,Delhi,APMC Azadpur,Vegetables,Beetroot,February-2024,1789.60,Metric Tonnes,858.93,Rs./Quintal
NCT of Delhi,Delhi,APMC Azadpur,Vegetables,Bhindi(Ladies Finger),February-2024,4238.90,Metric Tonnes,4120.62,Rs./Quintal
NCT of Delhi,Delhi,APMC Azadpur,Vegetables,Bitter gourd,February-2024,1024.00,Metric Tonnes,3122.84,Rs./Quintal
NCT of Delhi,Delhi,APMC Azadpur,Vegetables,Bottle gourd,February-2024,3927.10,Metric Tonnes,1480.75,Rs./Quintal
NCT of Delhi,Delhi,APMC Azadpur,Vegetables,Brinjal,February-2024,2931.30,Metric Tonnes,1596.05,Rs./Quintal
NCT of Delhi,Delhi,APMC Azadpur,Vegetables,Cabbage,February-2024,1947.40,Metric Tonnes,912.96,Rs./Quintal
NCT of Delhi,Delhi,APMC Azadpur,Vegetables,Capsicum,February-2024,2584.30,Metric Tonnes,2719.73,Rs./Quintal
NCT of Delhi,Delhi,APMC Azadpur,Vegetables,Carrot,February-2024,11687.20,Metric Tonnes,702.97,Rs./Quintal
NCT of Delhi,Delhi,APMC Azadpur,Vegetables,Cauliflower,February-2024,4130.60,Metric Tonnes,818.63,Rs./Quintal
NCT of Delhi,Delhi,APMC Azadpur,Vegetables,Coriander(Leaves),February-2024,1535.70,Bundle,2012.12,Rs./Bundle
NCT of Delhi,Delhi,APMC Azadpur,Vegetables,Cucumbar(Kheera),February-2024,12223.10,Metric Tonnes,1604.05,Rs./Quintal
NCT of Delhi,Delhi,APMC Azadpur,Vegetables,Ginger(Green),February-2024,7201.90,Metric Tonnes,8305.07,Rs./Quintal
NCT of Delhi,Delhi,APMC Azadpur,Vegetables,Green Chilli,February-2024,9812.40,Metric Tonnes,2885.94,Rs./Quintal
NCT of Delhi,Delhi,APMC Azadpur,Vegetables,Lemon,February-2024,3419.50,Metric Tonnes,3825.49,Rs./Quintal
NCT of Delhi,Delhi,APMC Azadpur,Vegetables,Little gourd(Kundru),February-2024,28.50,Metric Tonnes,3061.75,Rs./Quintal
NCT of Delhi,Delhi,APMC Azadpur,Vegetables,Mango(Raw-Ripe),February-2024,64.10,Metric Tonnes,2796.33,Rs./Quintal
NCT of Delhi,Delhi,APMC Azadpur,Vegetables,Mashrooms,February-2024,1287.10,Metric Tonnes,5344.60,Rs./Quintal
NCT of Delhi,Delhi,APMC Azadpur,Vegetables,Methi(Leaves),February-2024,390.20,Metric Tonnes,1863.20,Rs./Quintal
NCT of Delhi,Delhi,APMC Azadpur,Vegetables,Mint(Pudina),February-2024,138.30,Bundle,1515.80,Rs./Bundle
NCT of Delhi,Delhi,APMC Azadpur,Vegetables,Onion,February-2024,23129.60,Metric Tonnes,1552.57,Rs./Quintal
NCT of Delhi,Delhi,APMC Azadpur,Vegetables,Onion Green,February-2024,349.50,Metric Tonnes,2243.03,Rs./Quintal
NCT of Delhi,Delhi,APMC Azadpur,Vegetables,Peas Wet,February-2024,5094.20,Metric Tonnes,2444.25,Rs./Quintal
NCT of Delhi,Delhi,APMC Azadpur,Vegetables,Potato,February-2024,29272.50,Metric Tonnes,702.91,Rs./Quintal
NCT of Delhi,Delhi,APMC Azadpur,Vegetables,Pumpkin,February-2024,3290.10,Metric Tonnes,1558.30,Rs./Quintal
NCT of Delhi,Delhi,APMC Azadpur,Vegetables,Raddish,February-2024,1160.80,Metric Tonnes,415.04,Rs./Quintal
NCT of Delhi,Delhi,APMC Azadpur,Vegetables,Season Leaves,February-2024,139.30,Metric Tonnes,967.55,Rs./Quintal
NCT of Delhi,Delhi,APMC Azadpur,Vegetables,Spinach,February-2024,1577.80,Metric Tonnes,729.10,Rs./Quintal
NCT of Delhi,Delhi,APMC Azadpur,Vegetables,Sweet Potato,February-2024,1999.50,Metric Tonnes,951.30,Rs./Quintal
NCT of Delhi,Delhi,APMC Azadpur,Vegetables,Sweet Pumpkin,February-2024,132.00,Metric Tonnes,1377.42,Rs./Quintal
NCT of Delhi,Delhi,APMC Azadpur,Vegetables,Tinda,February-2024,71.00,Metric Tonnes,1339.44,Rs./Quintal
NCT of Delhi,Delhi,APMC Azadpur,Vegetables,Tomato,February-2024,14129.20,Metric Tonnes,2462.10,Rs./Quintal
NCT of Delhi,Delhi,APMC Azadpur,Vegetables,Turnip,February-2024,263.40,Metric Tonnes,1641.69,Rs./Quintal
NCT of Delhi,Delhi,APMC Azadpur,Vegetables,Yam(Ratalu),February-2024,47.10,Metric Tonnes,2160.51,Rs./Quintal
NCT of Delhi,Delhi,APMC Azadpur,Vegetables,Banana - Green,March-2024,308.40,Metric Tonnes,2759.01,Rs./Quintal
NCT of Delhi,Delhi,APMC Azadpur,Vegetables,Beetroot,March-2024,1369.30,Metric Tonnes,1236.08,Rs./Quintal
NCT of Delhi,Delhi,APMC Azadpur,Vegetables,Bhindi(Ladies Finger),March-2024,5667.80,Metric Tonnes,4532.89,Rs./Quintal
NCT of Delhi,Delhi,APMC Azadpur,Vegetables,Bitter gourd,March-2024,896.80,Metric Tonnes,4003.71,Rs./Quintal
NCT of Delhi,Delhi,APMC Azadpur,Vegetables,Bottle gourd,March-2024,5613.50,Metric Tonnes,1665.35,Rs./Quintal
NCT of Delhi,Delhi,APMC Azadpur,Vegetables,Brinjal,March-2024,2485.30,Metric Tonnes,1706.41,Rs./Quintal
NCT of Delhi,Delhi,APMC Azadpur,Vegetables,Cabbage,March-2024,1844.80,Metric Tonnes,1091.70,Rs./Quintal
NCT of Delhi,Delhi,APMC Azadpur,Vegetables,Capsicum,March-2024,2291.60,Metric Tonnes,3590.25,Rs./Quintal
NCT of Delhi,Delhi,APMC Azadpur,Vegetables,Carrot,March-2024,6109.70,Metric Tonnes,688.27,Rs./Quintal
NCT of Delhi,Delhi,APMC Azadpur,Vegetables,Cauliflower,March-2024,2818.00,Metric Tonnes,1528.64,Rs./Quintal
NCT of Delhi,Delhi,APMC Azadpur,Vegetables,Coriander(Leaves),March-2024,1728.90,Bundle,1351.82,Rs./Bundle
NCT of Delhi,Delhi,APMC Azadpur,Vegetables,Cucumbar(Kheera),March-2024,15572.00,Metric Tonnes,2239.29,Rs./Quintal
NCT of Delhi,Delhi,APMC Azadpur,Vegetables,Ginger(Green),March-2024,5867.80,Metric Tonnes,9126.53,Rs./Quintal
NCT of Delhi,Delhi,APMC Azadpur,Vegetables,Green Chilli,March-2024,10262.20,Metric Tonnes,3923.61,Rs./Quintal
NCT of Delhi,Delhi,APMC Azadpur,Vegetables,Guar,March-2024,229.30,Metric Tonnes,3357.04,Rs./Quintal
NCT of Delhi,Delhi,APMC Azadpur,Vegetables,Lemon,March-2024,4455.00,Metric Tonnes,5465.95,Rs./Quintal
NCT of Delhi,Delhi,APMC Azadpur,Vegetables,Little gourd(Kundru),March-2024,148.80,Metric Tonnes,2471.00,Rs./Quintal
NCT of Delhi,Delhi,APMC Azadpur,Vegetables,Mango(Raw-Ripe),March-2024,200.30,Metric Tonnes,3608.66,Rs./Quintal
NCT of Delhi,Delhi,APMC Azadpur,Vegetables,Mashrooms,March-2024,729.60,Metric Tonnes,6751.45,Rs./Quintal
NCT of Delhi,Delhi,APMC Azadpur,Vegetables,Methi(Leaves),March-2024,259.20,Metric Tonnes,1459.72,Rs./Quintal
NCT of Delhi,Delhi,APMC Azadpur,Vegetables,Mint(Pudina),March-2024,127.60,Bundle,2024.45,Rs./Bundle
NCT of Delhi,Delhi,APMC Azadpur,Vegetables,Onion,March-2024,20986.80,Metric Tonnes,1609.26,Rs./Quintal
NCT of Delhi,Delhi,APMC Azadpur,Vegetables,Onion Green,March-2024,188.00,Metric Tonnes,2188.30,Rs./Quintal
NCT of Delhi,Delhi,APMC Azadpur,Vegetables,Peas Wet,March-2024,4031.70,Metric Tonnes,3055.28,Rs./Quintal
NCT of Delhi,Delhi,APMC Azadpur,Vegetables,Potato,March-2024,24105.70,Metric Tonnes,874.53,Rs./Quintal
NCT of Delhi,Delhi,APMC Azadpur,Vegetables,Pumpkin,March-2024,4050.80,Metric Tonnes,1728.43,Rs./Quintal
NCT of Delhi,Delhi,APMC Azadpur,Vegetables,Raddish,March-2024,1069.30,Metric Tonnes,421.90,Rs./Quintal
NCT of Delhi,Delhi,APMC Azadpur,Vegetables,Season Leaves,March-2024,28.60,Metric Tonnes,1077.97,Rs./Quintal
NCT of Delhi,Delhi,APMC Azadpur,Vegetables,Spinach,March-2024,1177.70,Metric Tonnes,689.05,Rs./Quintal
NCT of Delhi,Delhi,APMC Azadpur,Vegetables,Sweet Potato,March-2024,892.60,Metric Tonnes,1667.51,Rs./Quintal
NCT of Delhi,Delhi,APMC Azadpur,Vegetables,Sweet Pumpkin,March-2024,181.40,Metric Tonnes,1584.01,Rs./Quintal
NCT of Delhi,Delhi,APMC Azadpur,Vegetables,Tinda,March-2024,285.10,Metric Tonnes,2102.77,Rs./Quintal
NCT of Delhi,Delhi,APMC Azadpur,Vegetables,Tomato,March-2024,13267.40,Metric Tonnes,2156.83,Rs./Quintal
NCT of Delhi,Delhi,APMC Azadpur,Vegetables,Turnip,March-2024,123.40,Metric Tonnes,2050.32,Rs./Quintal
NCT of Delhi,Delhi,APMC Azadpur,Vegetables,Yam(Ratalu),March-2024,4.60,Metric Tonnes,4500.00,Rs./Quintal
NCT of Delhi,Delhi,APMC Azadpur,Vegetables,Banana - Green,April-2024,146.60,Metric Tonnes,3604.64,Rs./Quintal
NCT of Delhi,Delhi,APMC Azadpur,Vegetables,Beetroot,April-2024,719.50,Metric Tonnes,1865.52,Rs./Quintal
NCT of Delhi,Delhi,APMC Azadpur,Vegetables,Bhindi(Ladies Finger),April-2024,3594.90,Metric Tonnes,4553.35,Rs./Quintal
NCT of Delhi,Delhi,APMC Azadpur,Vegetables,Bitter gourd,April-2024,2068.30,Metric Tonnes,3349.64,Rs./Quintal
NCT of Delhi,Delhi,APMC Azadpur,Vegetables,Bottle gourd,April-2024,3652.10,Metric Tonnes,1531.74,Rs./Quintal
NCT of Delhi,Delhi,APMC Azadpur,Vegetables,Brinjal,April-2024,1762.40,Metric Tonnes,1534.39,Rs./Quintal
NCT of Delhi,Delhi,APMC Azadpur,Vegetables,Cabbage,April-2024,1998.60,Metric Tonnes,995.48,Rs./Quintal
NCT of Delhi,Delhi,APMC Azadpur,Vegetables,Capsicum,April-2024,1869.80,Metric Tonnes,3894.03,Rs./Quintal
NCT of Delhi,Delhi,APMC Azadpur,Vegetables,Carrot,April-2024,1700.00,Metric Tonnes,833.94,Rs./Quintal
NCT of Delhi,Delhi,APMC Azadpur,Vegetables,Cauliflower,April-2024,3083.20,Metric Tonnes,1122.96,Rs./Quintal
NCT of Delhi,Delhi,APMC Azadpur,Vegetables,Coriander(Leaves),April-2024,1735.80,Bundle,1446.89,Rs./Bundle
NCT of Delhi,Delhi,APMC Azadpur,Vegetables,Cucumbar(Kheera),April-2024,10565.60,Metric Tonnes,1786.16,Rs./Quintal
NCT of Delhi,Delhi,APMC Azadpur,Vegetables,Ginger(Green),April-2024,4674.40,Metric Tonnes,9748.43,Rs./Quintal
NCT of Delhi,Delhi,APMC Azadpur,Vegetables,Green Chilli,April-2024,5540.80,Metric Tonnes,3775.89,Rs./Quintal
NCT of Delhi,Delhi,APMC Azadpur,Vegetables,Guar,April-2024,355.70,Metric Tonnes,2652.46,Rs./Quintal
NCT of Delhi,Delhi,APMC Azadpur,Vegetables,Lemon,April-2024,6489.10,Metric Tonnes,5667.95,Rs./Quintal
NCT of Delhi,Delhi,APMC Azadpur,Vegetables,Little gourd(Kundru),April-2024,748.50,Metric Tonnes,1605.78,Rs./Quintal
NCT of Delhi,Delhi,APMC Azadpur,Vegetables,Mango(Raw-Ripe),April-2024,676.00,Metric Tonnes,3895.21,Rs./Quintal
NCT of Delhi,Delhi,APMC Azadpur,Vegetables,Mashrooms,April-2024,485.50,Metric Tonnes,8825.44,Rs./Quintal
NCT of Delhi,Delhi,APMC Azadpur,Vegetables,Methi(Leaves),April-2024,44.50,Metric Tonnes,1311.91,Rs./Quintal
NCT of Delhi,Delhi,APMC Azadpur,Vegetables,Mint(Pudina),April-2024,148.70,Bundle,1252.72,Rs./Bundle
NCT of Delhi,Delhi,APMC Azadpur,Vegetables,Onion,April-2024,20052.30,Metric Tonnes,1574.93,Rs./Quintal
NCT of Delhi,Delhi,APMC Azadpur,Vegetables,Onion Green,April-2024,66.70,Metric Tonnes,1775.11,Rs./Quintal
NCT of Delhi,Delhi,APMC Azadpur,Vegetables,Peas Wet,April-2024,1557.00,Metric Tonnes,3371.44,Rs./Quintal
NCT of Delhi,Delhi,APMC Azadpur,Vegetables,Pointed gourd(Parval),April-2024,1011.50,Metric Tonnes,3103.40,Rs./Quintal
NCT of Delhi,Delhi,APMC Azadpur,Vegetables,Potato,April-2024,26946.50,Metric Tonnes,1310.37,Rs./Quintal
NCT of Delhi,Delhi,APMC Azadpur,Vegetables,Pumpkin,April-2024,4217.10,Metric Tonnes,1503.86,Rs./Quintal
NCT of Delhi,Delhi,APMC Azadpur,Vegetables,Raddish,April-2024,715.90,Metric Tonnes,482.70,Rs./Quintal
NCT of Delhi,Delhi,APMC Azadpur,Vegetables,Season Leaves,April-2024,2.00,Metric Tonnes,1495.00,Rs./Quintal
NCT of Delhi,Delhi,APMC Azadpur,Vegetables,Spinach,April-2024,1008.80,Metric Tonnes,937.77,Rs./Quintal
NCT of Delhi,Delhi,APMC Azadpur,Vegetables,Sweet Potato,April-2024,362.50,Metric Tonnes,1977.66,Rs./Quintal
NCT of Delhi,Delhi,APMC Azadpur,Vegetables,Sweet Pumpkin,April-2024,320.70,Metric Tonnes,1630.22,Rs./Quintal
NCT of Delhi,Delhi,APMC Azadpur,Vegetables,Tinda,April-2024,578.20,Metric Tonnes,2184.37,Rs./Quintal
NCT of Delhi,Delhi,APMC Azadpur,Vegetables,Tomato,April-2024,15085.60,Metric Tonnes,1868.87,Rs./Quintal
NCT of Delhi,Delhi,APMC Azadpur,Vegetables,Turnip,April-2024,2.20,Metric Tonnes,2200.00,Rs./Quintal
NCT of Delhi,Delhi,APMC Azadpur,Vegetables,Yam(Ratalu),April-2024,4.00,Metric Tonnes,2600.00,Rs./Quintal
NCT of Delhi,Delhi,APMC Azadpur,Vegetables,Banana - Green,May-2024,198.40,Metric Tonnes,2839.31,Rs./Quintal
NCT of Delhi,Delhi,APMC Azadpur,Vegetables,Beetroot,May-2024,1167.60,Metric Tonnes,1908.32,Rs./Quintal
NCT of Delhi,Delhi,APMC Azadpur,Vegetables,Bhindi(Ladies Finger),May-2024,2250.40,Metric Tonnes,2635.02,Rs./Quintal
NCT of Delhi,Delhi,APMC Azadpur,Vegetables,Bitter gourd,May-2024,1622.10,Metric Tonnes,2006.88,Rs./Quintal
NCT of Delhi,Delhi,APMC Azadpur,Vegetables,Bottle gourd,May-2024,2390.00,Metric Tonnes,1607.74,Rs./Quintal
NCT of Delhi,Delhi,APMC Azadpur,Vegetables,Brinjal,May-2024,2136.90,Metric Tonnes,1273.39,Rs./Quintal
NCT of Delhi,Delhi,APMC Azadpur,Vegetables,Cabbage,May-2024,2657.90,Metric Tonnes,926.11,Rs./Quintal
NCT of Delhi,Delhi,APMC Azadpur,Vegetables,Capsicum,May-2024,1900.50,Metric Tonnes,1254.09,Rs./Quintal
NCT of Delhi,Delhi,APMC Azadpur,Vegetables,Carrot,May-2024,1468.20,Metric Tonnes,1128.12,Rs./Quintal
NCT of Delhi,Delhi,APMC Azadpur,Vegetables,Cauliflower,May-2024,2883.50,Metric Tonnes,1734.19,Rs./Quintal
NCT of Delhi,Delhi,APMC Azadpur,Vegetables,Coriander(Leaves),May-2024,1992.00,Bundle,2060.29,Rs./Bundle
NCT of Delhi,Delhi,APMC Azadpur,Vegetables,Cucumbar(Kheera),May-2024,14861.10,Metric Tonnes,1046.73,Rs./Quintal
NCT of Delhi,Delhi,APMC Azadpur,Vegetables,Ginger(Green),May-2024,4585.40,Metric Tonnes,10766.71,Rs./Quintal
NCT of Delhi,Delhi,APMC Azadpur,Vegetables,Green Chilli,May-2024,5196.50,Metric Tonnes,2101.99,Rs./Quintal
NCT of Delhi,Delhi,APMC Azadpur,Vegetables,Guar,May-2024,805.90,Metric Tonnes,3508.43,Rs./Quintal
NCT of Delhi,Delhi,APMC Azadpur,Vegetables,Lemon,May-2024,10304.30,Metric Tonnes,4802.49,Rs./Quintal
NCT of Delhi,Delhi,APMC Azadpur,Vegetables,Little gourd(Kundru),May-2024,1196.20,Metric Tonnes,1785.36,Rs./Quintal
NCT of Delhi,Delhi,APMC Azadpur,Vegetables,Mango(Raw-Ripe),May-2024,2336.90,Metric Tonnes,3617.12,Rs./Quintal
NCT of Delhi,Delhi,APMC Azadpur,Vegetables,Mashrooms,May-2024,555.90,Metric Tonnes,9705.39,Rs./Quintal
NCT of Delhi,Delhi,APMC Azadpur,Vegetables,Methi(Leaves),May-2024,4.00,Metric Tonnes,1695.00,Rs./Quintal
NCT of Delhi,Delhi,APMC Azadpur,Vegetables,Mint(Pudina),May-2024,207.90,Bundle,1427.85,Rs./Bundle
NCT of Delhi,Delhi,APMC Azadpur,Vegetables,Onion,May-2024,23007.40,Metric Tonnes,1690.78,Rs./Quintal
NCT of Delhi,Delhi,APMC Azadpur,Vegetables,Onion Green,May-2024,78.30,Metric Tonnes,1499.49,Rs./Quintal
NCT of Delhi,Delhi,APMC Azadpur,Vegetables,Peas Wet,May-2024,1480.10,Metric Tonnes,5018.94,Rs./Quintal
NCT of Delhi,Delhi,APMC Azadpur,Vegetables,Pointed gourd(Parval),May-2024,2341.20,Metric Tonnes,2293.83,Rs./Quintal
NCT of Delhi,Delhi,APMC Azadpur,Vegetables,Potato,May-2024,22845.50,Metric Tonnes,1532.73,Rs./Quintal
NCT of Delhi,Delhi,APMC Azadpur,Vegetables,Pumpkin,May-2024,1995.10,Metric Tonnes,1344.29,Rs./Quintal
NCT of Delhi,Delhi,APMC Azadpur,Vegetables,Raddish,May-2024,614.40,Metric Tonnes,438.06,Rs./Quintal
NCT of Delhi,Delhi,APMC Azadpur,Vegetables,Spinach,May-2024,1030.70,Metric Tonnes,930.18,Rs./Quintal
NCT of Delhi,Delhi,APMC Azadpur,Vegetables,Sweet Potato,May-2024,338.70,Metric Tonnes,1890.29,Rs./Quintal
NCT of Delhi,Delhi,APMC Azadpur,Vegetables,Sweet Pumpkin,May-2024,264.80,Metric Tonnes,1508.87,Rs./Quintal
NCT of Delhi,Delhi,APMC Azadpur,Vegetables,Tinda,May-2024,1207.50,Metric Tonnes,1849.42,Rs./Quintal
NCT of Delhi,Delhi,APMC Azadpur,Vegetables,Tomato,May-2024,13222.60,Metric Tonnes,2077.75,Rs./Quintal
NCT of Delhi,Delhi,APMC Azadpur,Vegetables,Yam(Ratalu),May-2024,3.60,Metric Tonnes,2700.00,Rs./Quintal
NCT of Delhi,Delhi,APMC Azadpur,Vegetables,Banana - Green,June-2024,179.60,Metric Tonnes,2608.52,Rs./Quintal
NCT of Delhi,Delhi,APMC Azadpur,Vegetables,Beetroot,June-2024,1451.50,Metric Tonnes,1878.77,Rs./Quintal
NCT of Delhi,Delhi,APMC Azadpur,Vegetables,Bhindi(Ladies Finger),June-2024,2030.90,Metric Tonnes,1631.02,Rs./Quintal
NCT of Delhi,Delhi,APMC Azadpur,Vegetables,Bitter gourd,June-2024,1050.80,Metric Tonnes,1455.87,Rs./Quintal
NCT of Delhi,Delhi,APMC Azadpur,Vegetables,Bottle gourd,June-2024,1347.50,Metric Tonnes,1440.45,Rs./Quintal
NCT of Delhi,Delhi,APMC Azadpur,Vegetables,Brinjal,June-2024,1258.90,Metric Tonnes,1202.63,Rs./Quintal
NCT of Delhi,Delhi,APMC Azadpur,Vegetables,Cabbage,June-2024,2626.80,Metric Tonnes,887.66,Rs./Quintal
NCT of Delhi,Delhi,APMC Azadpur,Vegetables,Capsicum,June-2024,608.40,Metric Tonnes,1026.51,Rs./Quintal
NCT of Delhi,Delhi,APMC Azadpur,Vegetables,Carrot,June-2024,1156.00,Metric Tonnes,970.59,Rs./Quintal
NCT of Delhi,Delhi,APMC Azadpur,Vegetables,Cauliflower,June-2024,2607.40,Metric Tonnes,2017.12,Rs./Quintal
NCT of Delhi,Delhi,APMC Azadpur,Vegetables,Coriander(Leaves),June-2024,1267.40,Bundle,5736.03,Rs./Bundle
NCT of Delhi,Delhi,APMC Azadpur,Vegetables,Cucumbar(Kheera),June-2024,7811.10,Metric Tonnes,1361.08,Rs./Quintal
NCT of Delhi,Delhi,APMC Azadpur,Vegetables,Ginger(Green),June-2024,3567.20,Metric Tonnes,11307.15,Rs./Quintal
NCT of Delhi,Delhi,APMC Azadpur,Vegetables,Green Chilli,June-2024,4166.40,Metric Tonnes,2694.52,Rs./Quintal
NCT of Delhi,Delhi,APMC Azadpur,Vegetables,Guar,June-2024,305.30,Metric Tonnes,2967.93,Rs./Quintal
NCT of Delhi,Delhi,APMC Azadpur,Vegetables,Lemon,June-2024,8492.90,Metric Tonnes,4386.00,Rs./Quintal
NCT of Delhi,Delhi,APMC Azadpur,Vegetables,Little gourd(Kundru),June-2024,1659.20,Metric Tonnes,1775.86,Rs./Quintal
NCT of Delhi,Delhi,APMC Azadpur,Vegetables,Mango(Raw-Ripe),June-2024,2518.30,Metric Tonnes,1374.25,Rs./Quintal
NCT of Delhi,Delhi,APMC Azadpur,Vegetables,Mashrooms,June-2024,424.70,Metric Tonnes,7731.16,Rs./Quintal
NCT of Delhi,Delhi,APMC Azadpur,Vegetables,Methi(Leaves),June-2024,185.00,Metric Tonnes,2496.86,Rs./Quintal
NCT of Delhi,Delhi,APMC Azadpur,Vegetables,Mint(Pudina),June-2024,137.10,Bundle,2808.90,Rs./Bundle
NCT of Delhi,Delhi,APMC Azadpur,Vegetables,Onion,June-2024,21301.00,Metric Tonnes,1981.49,Rs./Quintal
NCT of Delhi,Delhi,APMC Azadpur,Vegetables,Onion Green,June-2024,10.00,Metric Tonnes,1380.00,Rs./Quintal
NCT of Delhi,Delhi,APMC Azadpur,Vegetables,Peas Wet,June-2024,741.60,Metric Tonnes,5254.73,Rs./Quintal
NCT of Delhi,Delhi,APMC Azadpur,Vegetables,Pointed gourd(Parval),June-2024,2774.40,Metric Tonnes,1804.98,Rs./Quintal
NCT of Delhi,Delhi,APMC Azadpur,Vegetables,Potato,June-2024,22649.90,Metric Tonnes,1506.89,Rs./Quintal
NCT of Delhi,Delhi,APMC Azadpur,Vegetables,Pumpkin,June-2024,1971.50,Metric Tonnes,815.35,Rs./Quintal
NCT of Delhi,Delhi,APMC Azadpur,Vegetables,Raddish,June-2024,519.70,Metric Tonnes,399.66,Rs./Quintal
NCT of Delhi,Delhi,APMC Azadpur,Vegetables,Spinach,June-2024,910.50,Metric Tonnes,1020.15,Rs./Quintal
NCT of Delhi,Delhi,APMC Azadpur,Vegetables,Sweet Potato,June-2024,51.90,Metric Tonnes,1981.12,Rs./Quintal
NCT of Delhi,Delhi,APMC Azadpur,Vegetables,Sweet Pumpkin,June-2024,214.60,Metric Tonnes,1184.58,Rs./Quintal
NCT of Delhi,Delhi,APMC Azadpur,Vegetables,Tinda,June-2024,964.70,Metric Tonnes,1214.91,Rs./Quintal
NCT of Delhi,Delhi,APMC Azadpur,Vegetables,Tomato,June-2024,11955.90,Metric Tonnes,1667.46,Rs./Quintal
NCT of Delhi,Delhi,APMC Azadpur,Vegetables,Banana - Green,July-2024,584.00,Metric Tonnes,3069.09,Rs./Quintal
NCT of Delhi,Delhi,APMC Azadpur,Vegetables,Beetroot,July-2024,2458.00,Metric Tonnes,1884.43,Rs./Quintal
NCT of Delhi,Delhi,APMC Azadpur,Vegetables,Bhindi(Ladies Finger),July-2024,2167.70,Metric Tonnes,1859.59,Rs./Quintal
NCT of Delhi,Delhi,APMC Azadpur,Vegetables,Bitter gourd,July-2024,1030.90,Metric Tonnes,1866.24,Rs./Quintal
NCT of Delhi,Delhi,APMC Azadpur,Vegetables,Bottle gourd,July-2024,3310.10,Metric Tonnes,1577.67,Rs./Quintal
NCT of Delhi,Delhi,APMC Azadpur,Vegetables,Brinjal,July-2024,1967.70,Metric Tonnes,1639.65,Rs./Quintal
NCT of Delhi,Delhi,APMC Azadpur,Vegetables,Cabbage,July-2024,2850.00,Metric Tonnes,1277.74,Rs./Quintal
NCT of Delhi,Delhi,APMC Azadpur,Vegetables,Capsicum,July-2024,112.30,Metric Tonnes,3350.00,Rs./Quintal
NCT of Delhi,Delhi,APMC Azadpur,Vegetables,Carrot,July-2024,1818.40,Metric Tonnes,1279.53,Rs./Quintal
NCT of Delhi,Delhi,APMC Azadpur,Vegetables,Cauliflower,July-2024,3560.40,Metric Tonnes,2681.89,Rs./Quintal
NCT of Delhi,Delhi,APMC Azadpur,Vegetables,Coriander(Leaves),July-2024,1147.30,Bundle,8124.23,Rs./Bundle
NCT of Delhi,Delhi,APMC Azadpur,Vegetables,Cucumbar(Kheera),July-2024,9914.00,Metric Tonnes,1675.39,Rs./Quintal
NCT of Delhi,Delhi,APMC Azadpur,Vegetables,Ginger(Green),July-2024,5337.40,Metric Tonnes,9480.93,Rs./Quintal
NCT of Delhi,Delhi,APMC Azadpur,Vegetables,Green Chilli,July-2024,5067.10,Metric Tonnes,3114.82,Rs./Quintal
NCT of Delhi,Delhi,APMC Azadpur,Vegetables,Guar,July-2024,554.80,Metric Tonnes,4229.90,Rs./Quintal
NCT of Delhi,Delhi,APMC Azadpur,Vegetables,Lemon,July-2024,5857.00,Metric Tonnes,4224.09,Rs./Quintal
NCT of Delhi,Delhi,APMC Azadpur,Vegetables,Little gourd(Kundru),July-2024,1981.50,Metric Tonnes,2133.44,Rs./Quintal
NCT of Delhi,Delhi,APMC Azadpur,Vegetables,Mango(Raw-Ripe),July-2024,630.30,Metric Tonnes,1099.19,Rs./Quintal
NCT of Delhi,Delhi,APMC Azadpur,Vegetables,Mashrooms,July-2024,578.50,Metric Tonnes,5620.57,Rs./Quintal
NCT of Delhi,Delhi,APMC Azadpur,Vegetables,Mint(Pudina),July-2024,167.80,Bundle,3439.57,Rs./Bundle
NCT of Delhi,Delhi,APMC Azadpur,Vegetables,Onion,July-2024,20132.50,Metric Tonnes,2779.46,Rs./Quintal
NCT of Delhi,Delhi,APMC Azadpur,Vegetables,Onion Green,July-2024,20.00,Metric Tonnes,1865.50,Rs./Quintal
NCT of Delhi,Delhi,APMC Azadpur,Vegetables,Peas Wet,July-2024,671.40,Metric Tonnes,7593.34,Rs./Quintal
NCT of Delhi,Delhi,APMC Azadpur,Vegetables,Pointed gourd(Parval),July-2024,2992.60,Metric Tonnes,1936.20,Rs./Quintal
NCT of Delhi,Delhi,APMC Azadpur,Vegetables,Potato,July-2024,23645.20,Metric Tonnes,2096.80,Rs./Quintal
NCT of Delhi,Delhi,APMC Azadpur,Vegetables,Pumpkin,July-2024,2810.50,Metric Tonnes,1511.99,Rs./Quintal
NCT of Delhi,Delhi,APMC Azadpur,Vegetables,Raddish,July-2024,421.10,Metric Tonnes,585.07,Rs./Quintal
NCT of Delhi,Delhi,APMC Azadpur,Vegetables,Spinach,July-2024,762.80,Metric Tonnes,1801.35,Rs./Quintal
NCT of Delhi,Delhi,APMC Azadpur,Vegetables,Sweet Potato,July-2024,43.90,Metric Tonnes,2000.00,Rs./Quintal
NCT of Delhi,Delhi,APMC Azadpur,Vegetables,Sweet Pumpkin,July-2024,225.10,Metric Tonnes,1317.95,Rs./Quintal
NCT of Delhi,Delhi,APMC Azadpur,Vegetables,Tinda,July-2024,652.30,Metric Tonnes,2741.78,Rs./Quintal
NCT of Delhi,Delhi,APMC Azadpur,Vegetables,Tomato,July-2024,11826.30,Metric Tonnes,4058.86,Rs./Quintal
NCT of Delhi,Delhi,APMC Azadpur,Vegetables,Yam(Ratalu),July-2024,151.20,Metric Tonnes,2493.95,Rs./Quintal
NCT of Delhi,Delhi,APMC Azadpur,Vegetables,Banana - Green,August-2024,674.30,Metric Tonnes,2377.97,Rs./Quintal
NCT of Delhi,Delhi,APMC Azadpur,Vegetables,Beetroot,August-2024,2692.30,Metric Tonnes,1916.56,Rs./Quintal
NCT of Delhi,Delhi,APMC Azadpur,Vegetables,Bhindi(Ladies Finger),August-2024,2267.80,Metric Tonnes,2153.56,Rs./Quintal
NCT of Delhi,Delhi,APMC Azadpur,Vegetables,Bitter gourd,August-2024,797.00,Metric Tonnes,2250.13,Rs./Quintal
NCT of Delhi,Delhi,APMC Azadpur,Vegetables,Bottle gourd,August-2024,2730.20,Metric Tonnes,1450.70,Rs./Quintal
NCT of Delhi,Delhi,APMC Azadpur,Vegetables,Brinjal,August-2024,1916.20,Metric Tonnes,1808.14,Rs./Quintal
NCT of Delhi,Delhi,APMC Azadpur,Vegetables,Cabbage,August-2024,3419.10,Metric Tonnes,1795.25,Rs./Quintal
NCT of Delhi,Delhi,APMC Azadpur,Vegetables,Capsicum,August-2024,2184.70,Metric Tonnes,4049.44,Rs./Quintal
NCT of Delhi,Delhi,APMC Azadpur,Vegetables,Carrot,August-2024,2097.20,Metric Tonnes,1773.11,Rs./Quintal
NCT of Delhi,Delhi,APMC Azadpur,Vegetables,Cauliflower,August-2024,3483.70,Metric Tonnes,3090.51,Rs./Quintal
NCT of Delhi,Delhi,APMC Azadpur,Vegetables,Coriander(Leaves),August-2024,1230.20,Bundle,7520.14,Rs./Bundle
NCT of Delhi,Delhi,APMC Azadpur,Vegetables,Cucumbar(Kheera),August-2024,8133.90,Metric Tonnes,2383.51,Rs./Quintal
NCT of Delhi,Delhi,APMC Azadpur,Vegetables,Ginger(Green),August-2024,6971.50,Metric Tonnes,4194.32,Rs./Quintal
NCT of Delhi,Delhi,APMC Azadpur,Vegetables,Green Chilli,August-2024,5116.90,Metric Tonnes,2955.32,Rs./Quintal
NCT of Delhi,Delhi,APMC Azadpur,Vegetables,Guar,August-2024,793.40,Metric Tonnes,5206.48,Rs./Quintal
NCT of Delhi,Delhi,APMC Azadpur,Vegetables,Lemon,August-2024,3940.70,Metric Tonnes,4615.05,Rs./Quintal
NCT of Delhi,Delhi,APMC Azadpur,Vegetables,Little gourd(Kundru),August-2024,1755.30,Metric Tonnes,1706.70,Rs./Quintal
NCT of Delhi,Delhi,APMC Azadpur,Vegetables,Mango(Raw-Ripe),August-2024,72.00,Metric Tonnes,1580.88,Rs./Quintal
NCT of Delhi,Delhi,APMC Azadpur,Vegetables,Mashrooms,August-2024,532.60,Metric Tonnes,7021.92,Rs./Quintal
NCT of Delhi,Delhi,APMC Azadpur,Vegetables,Mint(Pudina),August-2024,122.90,Bundle,2096.50,Rs./Bundle
NCT of Delhi,Delhi,APMC Azadpur,Vegetables,Onion,August-2024,21650.20,Metric Tonnes,3096.33,Rs./Quintal
NCT of Delhi,Delhi,APMC Azadpur,Vegetables,Onion Green,August-2024,110.00,Metric Tonnes,1691.64,Rs./Quintal
NCT of Delhi,Delhi,APMC Azadpur,Vegetables,Peas Wet,August-2024,1012.50,Metric Tonnes,6702.34,Rs./Quintal
NCT of Delhi,Delhi,APMC Azadpur,Vegetables,Pointed gourd(Parval),August-2024,2705.10,Metric Tonnes,2058.94,Rs./Quintal
NCT of Delhi,Delhi,APMC Azadpur,Vegetables,Potato,August-2024,26166.50,Metric Tonnes,2163.13,Rs./Quintal
NCT of Delhi,Delhi,APMC Azadpur,Vegetables,Pumpkin,August-2024,3012.00,Metric Tonnes,1773.18,Rs./Quintal
NCT of Delhi,Delhi,APMC Azadpur,Vegetables,Raddish,August-2024,484.50,Metric Tonnes,851.11,Rs./Quintal
NCT of Delhi,Delhi,APMC Azadpur,Vegetables,Spinach,August-2024,804.60,Metric Tonnes,2242.63,Rs./Quintal
NCT of Delhi,Delhi,APMC Azadpur,Vegetables,Sweet Potato,August-2024,48.30,Metric Tonnes,2000.00,Rs./Quintal
NCT of Delhi,Delhi,APMC Azadpur,Vegetables,Sweet Pumpkin,August-2024,204.70,Metric Tonnes,2207.62,Rs./Quintal
NCT of Delhi,Delhi,APMC Azadpur,Vegetables,Tinda,August-2024,602.80,Metric Tonnes,3179.89,Rs./Quintal
NCT of Delhi,Delhi,APMC Azadpur,Vegetables,Tomato,August-2024,15182.70,Metric Tonnes,2749.45,Rs./Quintal
NCT of Delhi,Delhi,APMC Azadpur,Vegetables,Yam(Ratalu),August-2024,444.70,Metric Tonnes,2024.62,Rs./Quintal
NCT of Delhi,Delhi,APMC Azadpur,Vegetables,Banana - Green,September-2024,493.70,Metric Tonnes,2806.79,Rs./Quintal
NCT of Delhi,Delhi,APMC Azadpur,Vegetables,Beetroot,September-2024,2622.60,Metric Tonnes,2148.35,Rs./Quintal
NCT of Delhi,Delhi,APMC Azadpur,Vegetables,Bhindi(Ladies Finger),September-2024,1998.10,Metric Tonnes,2148.81,Rs./Quintal
NCT of Delhi,Delhi,APMC Azadpur,Vegetables,Bitter gourd,September-2024,1397.50,Metric Tonnes,2511.10,Rs./Quintal
NCT of Delhi,Delhi,APMC Azadpur,Vegetables,Bottle gourd,September-2024,2717.30,Metric Tonnes,2246.35,Rs./Quintal
NCT of Delhi,Delhi,APMC Azadpur,Vegetables,Brinjal,September-2024,1946.10,Metric Tonnes,1932.86,Rs./Quintal
NCT of Delhi,Delhi,APMC Azadpur,Vegetables,Cabbage,September-2024,3425.60,Metric Tonnes,1821.89,Rs./Quintal
NCT of Delhi,Delhi,APMC Azadpur,Vegetables,Capsicum,September-2024,2198.40,Metric Tonnes,5320.98,Rs./Quintal
NCT of Delhi,Delhi,APMC Azadpur,Vegetables,Carrot,September-2024,2277.50,Metric Tonnes,2194.52,Rs./Quintal
NCT of Delhi,Delhi,APMC Azadpur,Vegetables,Cauliflower,September-2024,3389.90,Metric Tonnes,3676.82,Rs./Quintal
NCT of Delhi,Delhi,APMC Azadpur,Vegetables,Coriander(Leaves),September-2024,595.10,Bundle,18795.83,Rs./Bundle
NCT of Delhi,Delhi,APMC Azadpur,Vegetables,Cucumbar(Kheera),September-2024,7875.80,Metric Tonnes,2599.67,Rs./Quintal
NCT of Delhi,Delhi,APMC Azadpur,Vegetables,Ginger(Green),September-2024,7397.10,Metric Tonnes,3409.39,Rs./Quintal
NCT of Delhi,Delhi,APMC Azadpur,Vegetables,Green Chilli,September-2024,5886.50,Metric Tonnes,4049.90,Rs./Quintal
NCT of Delhi,Delhi,APMC Azadpur,Vegetables,Guar,September-2024,386.90,Metric Tonnes,4985.91,Rs./Quintal
NCT of Delhi,Delhi,APMC Azadpur,Vegetables,Lemon,September-2024,2968.90,Metric Tonnes,6943.12,Rs./Quintal
NCT of Delhi,Delhi,APMC Azadpur,Vegetables,Little gourd(Kundru),September-2024,1452.70,Metric Tonnes,1715.12,Rs./Quintal
NCT of Delhi,Delhi,APMC Azadpur,Vegetables,Mango(Raw-Ripe),September-2024,3.30,Metric Tonnes,2091.24,Rs./Quintal
NCT of Delhi,Delhi,APMC Azadpur,Vegetables,Mashrooms,September-2024,530.80,Metric Tonnes,9515.73,Rs./Quintal
NCT of Delhi,Delhi,APMC Azadpur,Vegetables,Mint(Pudina),September-2024,93.40,Bundle,4438.33,Rs./Bundle
NCT of Delhi,Delhi,APMC Azadpur,Vegetables,Onion,September-2024,21151.20,Metric Tonnes,3755.31,Rs./Quintal
NCT of Delhi,Delhi,APMC Azadpur,Vegetables,Onion Green,September-2024,237.40,Metric Tonnes,2636.39,Rs./Quintal
NCT of Delhi,Delhi,APMC Azadpur,Vegetables,Peas Wet,September-2024,259.60,Metric Tonnes,11001.35,Rs./Quintal
NCT of Delhi,Delhi,APMC Azadpur,Vegetables,Pointed gourd(Parval),September-2024,1802.50,Metric Tonnes,2275.77,Rs./Quintal
NCT of Delhi,Delhi,APMC Azadpur,Vegetables,Potato,September-2024,25172.80,Metric Tonnes,2088.97,Rs./Quintal
NCT of Delhi,Delhi,APMC Azadpur,Vegetables,Pumpkin,September-2024,3178.30,Metric Tonnes,1631.52,Rs./Quintal
NCT of Delhi,Delhi,APMC Azadpur,Vegetables,Raddish,September-2024,769.10,Metric Tonnes,1621.09,Rs./Quintal
NCT of Delhi,Delhi,APMC Azadpur,Vegetables,Spinach,September-2024,663.60,Metric Tonnes,2431.22,Rs./Quintal
NCT of Delhi,Delhi,APMC Azadpur,Vegetables,Sweet Potato,September-2024,294.70,Metric Tonnes,3846.45,Rs./Quintal
NCT of Delhi,Delhi,APMC Azadpur,Vegetables,Sweet Pumpkin,September-2024,116.00,Metric Tonnes,1950.34,Rs./Quintal
NCT of Delhi,Delhi,APMC Azadpur,Vegetables,Tinda,September-2024,637.60,Metric Tonnes,3340.09,Rs./Quintal
NCT of Delhi,Delhi,APMC Azadpur,Vegetables,Tomato,September-2024,13074.10,Metric Tonnes,3153.41,Rs./Quintal
NCT of Delhi,Delhi,APMC Azadpur,Vegetables,Yam(Ratalu),September-2024,365.80,Metric Tonnes,1971.01,Rs./Quintal
NCT of Delhi,Delhi,APMC Azadpur,Vegetables,Banana - Green,October-2024,229.80,Metric Tonnes,3049.09,Rs./Quintal
NCT of Delhi,Delhi,APMC Azadpur,Vegetables,Beetroot,October-2024,2220.10,Metric Tonnes,1980.16,Rs./Quintal
NCT of Delhi,Delhi,APMC Azadpur,Vegetables,Bhindi(Ladies Finger),October-2024,1535.20,Metric Tonnes,2445.00,Rs./Quintal
NCT of Delhi,Delhi,APMC Azadpur,Vegetables,Bitter gourd,October-2024,911.40,Metric Tonnes,2224.87,Rs./Quintal
NCT of Delhi,Delhi,APMC Azadpur,Vegetables,Bottle gourd,October-2024,2633.50,Metric Tonnes,2235.04,Rs./Quintal
NCT of Delhi,Delhi,APMC Azadpur,Vegetables,Brinjal,October-2024,2434.50,Metric Tonnes,2365.83,Rs./Quintal
NCT of Delhi,Delhi,APMC Azadpur,Vegetables,Cabbage,October-2024,2754.60,Metric Tonnes,2213.77,Rs./Quintal
NCT of Delhi,Delhi,APMC Azadpur,Vegetables,Capsicum,October-2024,2340.70,Metric Tonnes,4965.19,Rs./Quintal
NCT of Delhi,Delhi,APMC Azadpur,Vegetables,Carrot,October-2024,2906.40,Metric Tonnes,3421.09,Rs./Quintal
NCT of Delhi,Delhi,APMC Azadpur,Vegetables,Cauliflower,October-2024,4145.60,Metric Tonnes,6407.21,Rs./Quintal
NCT of Delhi,Delhi,APMC Azadpur,Vegetables,Coriander(Leaves),October-2024,1105.00,Bundle,8729.36,Rs./Bundle
NCT of Delhi,Delhi,APMC Azadpur,Vegetables,Cucumbar(Kheera),October-2024,7370.30,Metric Tonnes,2741.99,Rs./Quintal
NCT of Delhi,Delhi,APMC Azadpur,Vegetables,Garlic,October-2024,350.00,Metric Tonnes,19625.00,Rs./Quintal
NCT of Delhi,Delhi,APMC Azadpur,Vegetables,Ginger(Green),October-2024,8200.50,Metric Tonnes,3838.60,Rs./Quintal
NCT of Delhi,Delhi,APMC Azadpur,Vegetables,Green Chilli,October-2024,5330.70,Metric Tonnes,5227.70,Rs./Quintal
NCT of Delhi,Delhi,APMC Azadpur,Vegetables,Guar,October-2024,414.30,Metric Tonnes,3387.41,Rs./Quintal
NCT of Delhi,Delhi,APMC Azadpur,Vegetables,Lemon,October-2024,3687.90,Metric Tonnes,5117.72,Rs./Quintal
NCT of Delhi,Delhi,APMC Azadpur,Vegetables,Little gourd(Kundru),October-2024,721.20,Metric Tonnes,1857.38,Rs./Quintal
NCT of Delhi,Delhi,APMC Azadpur,Vegetables,Mashrooms,October-2024,545.10,Metric Tonnes,12015.32,Rs./Quintal
NCT of Delhi,Delhi,APMC Azadpur,Vegetables,Methi(Leaves),October-2024,272.30,Metric Tonnes,3904.98,Rs./Quintal
NCT of Delhi,Delhi,APMC Azadpur,Vegetables,Mint(Pudina),October-2024,84.10,Bundle,6427.94,Rs./Bundle
NCT of Delhi,Delhi,APMC Azadpur,Vegetables,Onion,October-2024,24936.00,Metric Tonnes,3373.80,Rs./Quintal
NCT of Delhi,Delhi,APMC Azadpur,Vegetables,Onion Green,October-2024,958.70,Metric Tonnes,2858.72,Rs./Quintal
NCT of Delhi,Delhi,APMC Azadpur,Vegetables,Peas Wet,October-2024,536.40,Metric Tonnes,10050.43,Rs./Quintal
NCT of Delhi,Delhi,APMC Azadpur,Vegetables,Pointed gourd(Parval),October-2024,1429.40,Metric Tonnes,3512.06,Rs./Quintal
NCT of Delhi,Delhi,APMC Azadpur,Vegetables,Potato,October-2024,29677.70,Metric Tonnes,2083.20,Rs./Quintal
NCT of Delhi,Delhi,APMC Azadpur,Vegetables,Pumpkin,October-2024,2242.30,Metric Tonnes,1995.23,Rs./Quintal
NCT of Delhi,Delhi,APMC Azadpur,Vegetables,Raddish,October-2024,2147.60,Metric Tonnes,1759.03,Rs./Quintal
NCT of Delhi,Delhi,APMC Azadpur,Vegetables,Spinach,October-2024,1785.00,Metric Tonnes,2191.29,Rs./Quintal
NCT of Delhi,Delhi,APMC Azadpur,Vegetables,Sweet Potato,October-2024,2323.00,Metric Tonnes,2903.60,Rs./Quintal
NCT of Delhi,Delhi,APMC Azadpur,Vegetables,Sweet Pumpkin,October-2024,150.00,Metric Tonnes,2109.33,Rs./Quintal
NCT of Delhi,Delhi,APMC Azadpur,Vegetables,Tinda,October-2024,461.40,Metric Tonnes,4014.78,Rs./Quintal
NCT of Delhi,Delhi,APMC Azadpur,Vegetables,Tomato,October-2024,12002.30,Metric Tonnes,5193.31,Rs./Quintal
NCT of Delhi,Delhi,APMC Azadpur,Vegetables,Turnip,October-2024,3.90,Metric Tonnes,3178.21,Rs./Quintal
NCT of Delhi,Delhi,APMC Azadpur,Vegetables,Yam(Ratalu),October-2024,61.60,Metric Tonnes,2603.98,Rs./Quintal
NCT of Delhi,Delhi,APMC Azadpur,Vegetables,Banana - Green,November-2024,147.70,Metric Tonnes,2954.57,Rs./Quintal
NCT of Delhi,Delhi,APMC Azadpur,Vegetables,Beetroot,November-2024,1638.40,Metric Tonnes,1709.83,Rs./Quintal
NCT of Delhi,Delhi,APMC Azadpur,Vegetables,Bhindi(Ladies Finger),November-2024,626.10,Metric Tonnes,2783.53,Rs./Quintal
NCT of Delhi,Delhi,APMC Azadpur,Vegetables,Bitter gourd,November-2024,450.20,Metric Tonnes,2453.00,Rs./Quintal
NCT of Delhi,Delhi,APMC Azadpur,Vegetables,Bottle gourd,November-2024,3249.40,Metric Tonnes,1818.20,Rs./Quintal
NCT of Delhi,Delhi,APMC Azadpur,Vegetables,Brinjal,November-2024,1420.10,Metric Tonnes,1840.16,Rs./Quintal
NCT of Delhi,Delhi,APMC Azadpur,Vegetables,Cabbage,November-2024,3119.60,Metric Tonnes,2172.42,Rs./Quintal
NCT of Delhi,Delhi,APMC Azadpur,Vegetables,Capsicum,November-2024,2023.10,Metric Tonnes,3518.66,Rs./Quintal
NCT of Delhi,Delhi,APMC Azadpur,Vegetables,Carrot,November-2024,5817.00,Metric Tonnes,2159.78,Rs./Quintal
NCT of Delhi,Delhi,APMC Azadpur,Vegetables,Cauliflower,November-2024,3536.50,Metric Tonnes,2318.18,Rs./Quintal
NCT of Delhi,Delhi,APMC Azadpur,Vegetables,Coriander(Leaves),November-2024,2077.50,Bundle,2088.33,Rs./Bundle
NCT of Delhi,Delhi,APMC Azadpur,Vegetables,Cucumbar(Kheera),November-2024,5344.40,Metric Tonnes,2213.78,Rs./Quintal
NCT of Delhi,Delhi,APMC Azadpur,Vegetables,Garlic,November-2024,1299.30,Metric Tonnes,19715.23,Rs./Quintal
NCT of Delhi,Delhi,APMC Azadpur,Vegetables,Ginger(Green),November-2024,7802.20,Metric Tonnes,3442.11,Rs./Quintal
NCT of Delhi,Delhi,APMC Azadpur,Vegetables,Green Chilli,November-2024,5914.60,Metric Tonnes,2624.66,Rs./Quintal
NCT of Delhi,Delhi,APMC Azadpur,Vegetables,Guar,November-2024,249.50,Metric Tonnes,2411.22,Rs./Quintal
NCT of Delhi,Delhi,APMC Azadpur,Vegetables,Lemon,November-2024,2852.30,Metric Tonnes,2843.35,Rs./Quintal
NCT of Delhi,Delhi,APMC Azadpur,Vegetables,Little gourd(Kundru),November-2024,364.90,Metric Tonnes,1702.33,Rs./Quintal
NCT of Delhi,Delhi,APMC Azadpur,Vegetables,Mashrooms,November-2024,752.90,Metric Tonnes,11801.04,Rs./Quintal
NCT of Delhi,Delhi,APMC Azadpur,Vegetables,Methi(Leaves),November-2024,649.60,Metric Tonnes,2294.34,Rs./Quintal
NCT of Delhi,Delhi,APMC Azadpur,Vegetables,Mint(Pudina),November-2024,71.70,Bundle,3855.44,Rs./Bundle
NCT of Delhi,Delhi,APMC Azadpur,Vegetables,Onion,November-2024,24539.00,Metric Tonnes,3367.13,Rs./Quintal
NCT of Delhi,Delhi,APMC Azadpur,Vegetables,Onion Green,November-2024,667.90,Metric Tonnes,2035.07,Rs./Quintal
NCT of Delhi,Delhi,APMC Azadpur,Vegetables,Peas Wet,November-2024,1296.70,Metric Tonnes,7874.03,Rs./Quintal
NCT of Delhi,Delhi,APMC Azadpur,Vegetables,Pointed gourd(Parval),November-2024,1006.10,Metric Tonnes,2515.79,Rs./Quintal
NCT of Delhi,Delhi,APMC Azadpur,Vegetables,Potato,November-2024,24710.80,Metric Tonnes,2171.40,Rs./Quintal
NCT of Delhi,Delhi,APMC Azadpur,Vegetables,Pumpkin,November-2024,1740.90,Metric Tonnes,1534.57,Rs./Quintal
NCT of Delhi,Delhi,APMC Azadpur,Vegetables,Raddish,November-2024,2554.50,Metric Tonnes,1283.29,Rs./Quintal
NCT of Delhi,Delhi,APMC Azadpur,Vegetables,Season Leaves,November-2024,229.10,Metric Tonnes,1504.93,Rs./Quintal
NCT of Delhi,Delhi,APMC Azadpur,Vegetables,Spinach,November-2024,1586.80,Metric Tonnes,1177.54,Rs./Quintal
NCT of Delhi,Delhi,APMC Azadpur,Vegetables,Sweet Potato,November-2024,3184.30,Metric Tonnes,1766.53,Rs./Quintal
NCT of Delhi,Delhi,APMC Azadpur,Vegetables,Sweet Pumpkin,November-2024,303.30,Metric Tonnes,1767.59,Rs./Quintal
NCT of Delhi,Delhi,APMC Azadpur,Vegetables,Tinda,November-2024,170.40,Metric Tonnes,3843.55,Rs./Quintal
NCT of Delhi,Delhi,APMC Azadpur,Vegetables,Tomato,November-2024,10556.20,Metric Tonnes,3218.68,Rs./Quintal
NCT of Delhi,Delhi,APMC Azadpur,Vegetables,Turnip,November-2024,202.70,Metric Tonnes,2105.45,Rs./Quintal
NCT of Delhi,Delhi,APMC Azadpur,Vegetables,Yam(Ratalu),November-2024,33.00,Metric Tonnes,2965.76,Rs./Quintal
NCT of Delhi,Delhi,APMC Azadpur,Vegetables,Banana - Green,December-2024,122.60,Metric Tonnes,2615.91,Rs./Quintal
NCT of Delhi,Delhi,APMC Azadpur,Vegetables,Beetroot,December-2024,1950.10,Metric Tonnes,2234.59,Rs./Quintal
NCT of Delhi,Delhi,APMC Azadpur,Vegetables,Bhindi(Ladies Finger),December-2024,1259.20,Metric Tonnes,5391.15,Rs./Quintal
NCT of Delhi,Delhi,APMC Azadpur,Vegetables,Bitter gourd,December-2024,812.00,Metric Tonnes,3382.90,Rs./Quintal
NCT of Delhi,Delhi,APMC Azadpur,Vegetables,Bottle gourd,December-2024,3080.10,Metric Tonnes,1877.89,Rs./Quintal
NCT of Delhi,Delhi,APMC Azadpur,Vegetables,Brinjal,December-2024,1557.60,Metric Tonnes,1654.82,Rs./Quintal
NCT of Delhi,Delhi,APMC Azadpur,Vegetables,Cabbage,December-2024,3329.50,Metric Tonnes,1759.38,Rs./Quintal
NCT of Delhi,Delhi,APMC Azadpur,Vegetables,Capsicum,December-2024,2503.00,Metric Tonnes,2643.31,Rs./Quintal
NCT of Delhi,Delhi,APMC Azadpur,Vegetables,Carrot,December-2024,12440.70,Metric Tonnes,2500.31,Rs./Quintal
NCT of Delhi,Delhi,APMC Azadpur,Vegetables,Cauliflower,December-2024,5090.70,Metric Tonnes,2350.70,Rs./Quintal
NCT of Delhi,Delhi,APMC Azadpur,Vegetables,Coriander(Leaves),December-2024,1999.60,Bundle,1615.76,Rs./Bundle
NCT of Delhi,Delhi,APMC Azadpur,Vegetables,Cucumbar(Kheera),December-2024,6320.10,Metric Tonnes,2512.63,Rs./Quintal
NCT of Delhi,Delhi,APMC Azadpur,Vegetables,Garlic,December-2024,1461.40,Metric Tonnes,21828.25,Rs./Quintal
NCT of Delhi,Delhi,APMC Azadpur,Vegetables,Ginger(Green),December-2024,11141.60,Metric Tonnes,3658.16,Rs./Quintal
NCT of Delhi,Delhi,APMC Azadpur,Vegetables,Green Chilli,December-2024,8842.50,Metric Tonnes,2202.05,Rs./Quintal
NCT of Delhi,Delhi,APMC Azadpur,Vegetables,Guar,December-2024,149.00,Metric Tonnes,4104.43,Rs./Quintal
NCT of Delhi,Delhi,APMC Azadpur,Vegetables,Lemon,December-2024,2688.80,Metric Tonnes,2903.12,Rs./Quintal
NCT of Delhi,Delhi,APMC Azadpur,Vegetables,Little gourd(Kundru),December-2024,368.20,Metric Tonnes,2301.07,Rs./Quintal
NCT of Delhi,Delhi,APMC Azadpur,Vegetables,Mashrooms,December-2024,1419.20,Metric Tonnes,9242.71,Rs./Quintal
NCT of Delhi,Delhi,APMC Azadpur,Vegetables,Methi(Leaves),December-2024,497.70,Metric Tonnes,2539.71,Rs./Quintal
NCT of Delhi,Delhi,APMC Azadpur,Vegetables,Mint(Pudina),December-2024,101.00,Bundle,4747.23,Rs./Bundle
NCT of Delhi,Delhi,APMC Azadpur,Vegetables,Onion,December-2024,30050.00,Metric Tonnes,2431.19,Rs./Quintal
NCT of Delhi,Delhi,APMC Azadpur,Vegetables,Onion Green,December-2024,509.30,Metric Tonnes,1854.23,Rs./Quintal
NCT of Delhi,Delhi,APMC Azadpur,Vegetables,Peas Wet,December-2024,4087.90,Metric Tonnes,5263.44,Rs./Quintal
NCT of Delhi,Delhi,APMC Azadpur,Vegetables,Pointed gourd(Parval),December-2024,464.40,Metric Tonnes,2610.17,Rs./Quintal
NCT of Delhi,Delhi,APMC Azadpur,Vegetables,Potato,December-2024,28480.40,Metric Tonnes,2114.20,Rs./Quintal
NCT of Delhi,Delhi,APMC Azadpur,Vegetables,Pumpkin,December-2024,2502.80,Metric Tonnes,1611.89,Rs./Quintal
NCT of Delhi,Delhi,APMC Azadpur,Vegetables,Raddish,December-2024,2315.00,Metric Tonnes,985.47,Rs./Quintal
NCT of Delhi,Delhi,APMC Azadpur,Vegetables,Season Leaves,December-2024,295.70,Metric Tonnes,1683.12,Rs./Quintal
NCT of Delhi,Delhi,APMC Azadpur,Vegetables,Spinach,December-2024,1482.90,Metric Tonnes,1431.41,Rs./Quintal
NCT of Delhi,Delhi,APMC Azadpur,Vegetables,Sweet Potato,December-2024,6973.10,Metric Tonnes,1657.01,Rs./Quintal
NCT of Delhi,Delhi,APMC Azadpur,Vegetables,Sweet Pumpkin,December-2024,225.30,Metric Tonnes,1489.53,Rs./Quintal
NCT of Delhi,Delhi,APMC Azadpur,Vegetables,Tinda,December-2024,125.90,Metric Tonnes,3047.70,Rs./Quintal
NCT of Delhi,Delhi,APMC Azadpur,Vegetables,Tomato,December-2024,15242.20,Metric Tonnes,2546.61,Rs./Quintal
NCT of Delhi,Delhi,APMC Azadpur,Vegetables,Turnip,December-2024,383.40,Metric Tonnes,1659.91,Rs./Quintal
NCT of Delhi,Delhi,APMC Azadpur,Vegetables,Yam(Ratalu),December-2024,17.40,Metric Tonnes,3870.98,Rs./Quintal
NCT of Delhi,Delhi,APMC Azadpur,Vegetables,Banana - Green,January-2025,98.70,Metric Tonnes,2274.67,Rs./Quintal
NCT of Delhi,Delhi,APMC Azadpur,Vegetables,Beetroot,January-2025,1767.00,Metric Tonnes,1887.57,Rs./Quintal
NCT of Delhi,Delhi,APMC Azadpur,Vegetables,Bhindi(Ladies Finger),January-2025,1167.30,Metric Tonnes,5055.12,Rs./Quintal
NCT of Delhi,Delhi,APMC Azadpur,Vegetables,Bitter gourd,January-2025,668.70,Metric Tonnes,3299.15,Rs./Quintal
NCT of Delhi,Delhi,APMC Azadpur,Vegetables,Bottle gourd,January-2025,3233.10,Metric Tonnes,1646.31,Rs./Quintal
NCT of Delhi,Delhi,APMC Azadpur,Vegetables,Brinjal,January-2025,1867.60,Metric Tonnes,1563.70,Rs./Quintal
NCT of Delhi,Delhi,APMC Azadpur,Vegetables,Cabbage,January-2025,2037.40,Metric Tonnes,587.36,Rs./Quintal
NCT of Delhi,Delhi,APMC Azadpur,Vegetables,Capsicum,January-2025,2017.20,Metric Tonnes,2483.58,Rs./Quintal
NCT of Delhi,Delhi,APMC Azadpur,Vegetables,Carrot,January-2025,11892.90,Metric Tonnes,2007.29,Rs./Quintal
NCT of Delhi,Delhi,APMC Azadpur,Vegetables,Cauliflower,January-2025,5180.90,Metric Tonnes,891.95,Rs./Quintal
NCT of Delhi,Delhi,APMC Azadpur,Vegetables,Coriander(Leaves),January-2025,1495.50,Bundle,966.35,Rs./Bundle
NCT of Delhi,Delhi,APMC Azadpur,Vegetables,Cucumbar(Kheera),January-2025,5383.30,Metric Tonnes,2762.13,Rs./Quintal
NCT of Delhi,Delhi,APMC Azadpur,Vegetables,Garlic,January-2025,2275.90,Metric Tonnes,18496.27,Rs./Quintal
NCT of Delhi,Delhi,APMC Azadpur,Vegetables,Ginger(Green),January-2025,9678.00,Metric Tonnes,3181.48,Rs./Quintal
NCT of Delhi,Delhi,APMC Azadpur,Vegetables,Green Chilli,January-2025,6414.50,Metric Tonnes,2790.36,Rs./Quintal
NCT of Delhi,Delhi,APMC Azadpur,Vegetables,Guar,January-2025,80.80,Metric Tonnes,4415.53,Rs./Quintal
NCT of Delhi,Delhi,APMC Azadpur,Vegetables,Lemon,January-2025,3294.80,Metric Tonnes,3061.72,Rs./Quintal
NCT of Delhi,Delhi,APMC Azadpur,Vegetables,Little gourd(Kundru),January-2025,8.10,Metric Tonnes,3250.00,Rs./Quintal
NCT of Delhi,Delhi,APMC Azadpur,Vegetables,Mashrooms,January-2025,1168.60,Metric Tonnes,7661.86,Rs./Quintal
NCT of Delhi,Delhi,APMC Azadpur,Vegetables,Methi(Leaves),January-2025,423.80,Metric Tonnes,1829.96,Rs./Quintal
NCT of Delhi,Delhi,APMC Azadpur,Vegetables,Mint(Pudina),January-2025,84.00,Bundle,2938.39,Rs./Bundle
NCT of Delhi,Delhi,APMC Azadpur,Vegetables,Onion,January-2025,18476.30,Metric Tonnes,1941.88,Rs./Quintal
NCT of Delhi,Delhi,APMC Azadpur,Vegetables,Onion Green,January-2025,1261.20,Metric Tonnes,1928.89,Rs./Quintal
NCT of Delhi,Delhi,APMC Azadpur,Vegetables,Peas Wet,January-2025,5896.30,Metric Tonnes,3036.31,Rs./Quintal
NCT of Delhi,Delhi,APMC Azadpur,Vegetables,Pointed gourd(Parval),January-2025,14.40,Metric Tonnes,2901.39,Rs./Quintal
NCT of Delhi,Delhi,APMC Azadpur,Vegetables,Potato,January-2025,29653.40,Metric Tonnes,1833.76,Rs./Quintal
NCT of Delhi,Delhi,APMC Azadpur,Vegetables,Pumpkin,January-2025,2860.30,Metric Tonnes,1651.15,Rs./Quintal
NCT of Delhi,Delhi,APMC Azadpur,Vegetables,Raddish,January-2025,1248.20,Metric Tonnes,806.00,Rs./Quintal
NCT of Delhi,Delhi,APMC Azadpur,Vegetables,Season Leaves,January-2025,200.50,Metric Tonnes,1117.61,Rs./Quintal
NCT of Delhi,Delhi,APMC Azadpur,Vegetables,Spinach,January-2025,1178.60,Metric Tonnes,961.70,Rs./Quintal
NCT of Delhi,Delhi,APMC Azadpur,Vegetables,Sweet Potato,January-2025,4304.00,Metric Tonnes,1930.38,Rs./Quintal
NCT of Delhi,Delhi,APMC Azadpur,Vegetables,Sweet Pumpkin,January-2025,85.40,Metric Tonnes,1597.31,Rs./Quintal
NCT of Delhi,Delhi,APMC Azadpur,Vegetables,Tinda,January-2025,119.90,Metric Tonnes,3137.66,Rs./Quintal
NCT of Delhi,Delhi,APMC Azadpur,Vegetables,Tomato,January-2025,13224.80,Metric Tonnes,922.92,Rs./Quintal
NCT of Delhi,Delhi,APMC Azadpur,Vegetables,Turnip,January-2025,363.40,Metric Tonnes,1022.45,Rs./Quintal
NCT of Delhi,Delhi,APMC Azadpur,Vegetables,Yam(Ratalu),January-2025,11.90,Metric Tonnes,4074.37,Rs./Quintal
NCT of Delhi,Delhi,APMC Azadpur,Vegetables,Banana - Green,February-2025,192.50,Metric Tonnes,2282.08,Rs./Quintal
NCT of Delhi,Delhi,APMC Azadpur,Vegetables,Beetroot,February-2025,2126.90,Metric Tonnes,1339.86,Rs./Quintal
NCT of Delhi,Delhi,APMC Azadpur,Vegetables,Bhindi(Ladies Finger),February-2025,3156.40,Metric Tonnes,3839.50,Rs./Quintal
NCT of Delhi,Delhi,APMC Azadpur,Vegetables,Bitter gourd,February-2025,1007.00,Metric Tonnes,3590.11,Rs./Quintal
NCT of Delhi,Delhi,APMC Azadpur,Vegetables,Bottle gourd,February-2025,4115.90,Metric Tonnes,1602.72,Rs./Quintal
NCT of Delhi,Delhi,APMC Azadpur,Vegetables,Brinjal,February-2025,2127.00,Metric Tonnes,1505.89,Rs./Quintal
NCT of Delhi,Delhi,APMC Azadpur,Vegetables,Cabbage,February-2025,1773.90,Metric Tonnes,421.14,Rs./Quintal
NCT of Delhi,Delhi,APMC Azadpur,Vegetables,Capsicum,February-2025,1999.30,Metric Tonnes,2197.31,Rs./Quintal
NCT of Delhi,Delhi,APMC Azadpur,Vegetables,Carrot,February-2025,10139.20,Metric Tonnes,1311.24,Rs./Quintal
NCT of Delhi,Delhi,APMC Azadpur,Vegetables,Cauliflower,February-2025,3150.20,Metric Tonnes,597.60,Rs./Quintal
NCT of Delhi,Delhi,APMC Azadpur,Vegetables,Coriander(Leaves),February-2025,1489.60,Bundle,908.96,Rs./Bundle
NCT of Delhi,Delhi,APMC Azadpur,Vegetables,Cucumbar(Kheera),February-2025,7568.70,Metric Tonnes,2111.21,Rs./Quintal
NCT of Delhi,Delhi,APMC Azadpur,Vegetables,Garlic,February-2025,5914.00,Metric Tonnes,7460.22,Rs./Quintal
NCT of Delhi,Delhi,APMC Azadpur,Vegetables,Ginger(Green),February-2025,7071.90,Metric Tonnes,2788.92,Rs./Quintal
NCT of Delhi,Delhi,APMC Azadpur,Vegetables,Green Chilli,February-2025,8809.80,Metric Tonnes,3076.83,Rs./Quintal
NCT of Delhi,Delhi,APMC Azadpur,Vegetables,Guar,February-2025,16.20,Metric Tonnes,4187.04,Rs./Quintal
NCT of Delhi,Delhi,APMC Azadpur,Vegetables,Lemon,February-2025,4249.60,Metric Tonnes,3544.00,Rs./Quintal
NCT of Delhi,Delhi,APMC Azadpur,Vegetables,Little gourd(Kundru),February-2025,482.80,Metric Tonnes,3249.94,Rs./Quintal
NCT of Delhi,Delhi,APMC Azadpur,Vegetables,Mango(Raw-Ripe),February-2025,68.00,Metric Tonnes,7788.24,Rs./Quintal
NCT of Delhi,Delhi,APMC Azadpur,Vegetables,Mashrooms,February-2025,1119.20,Metric Tonnes,8255.49,Rs./Quintal
NCT of Delhi,Delhi,APMC Azadpur,Vegetables,Methi(Leaves),February-2025,387.10,Metric Tonnes,1561.52,Rs./Quintal
NCT of Delhi,Delhi,APMC Azadpur,Vegetables,Mint(Pudina),February-2025,103.30,Bundle,3855.42,Rs./Bundle
NCT of Delhi,Delhi,APMC Azadpur,Vegetables,Onion,February-2025,18211.90,Metric Tonnes,2396.13,Rs./Quintal
NCT of Delhi,Delhi,APMC Azadpur,Vegetables,Onion Green,February-2025,248.80,Metric Tonnes,1730.59,Rs./Quintal
NCT of Delhi,Delhi,APMC Azadpur,Vegetables,Peas Wet,February-2025,8109.40,Metric Tonnes,1871.00,Rs./Quintal
NCT of Delhi,Delhi,APMC Azadpur,Vegetables,Pointed gourd(Parval),February-2025,11.70,Metric Tonnes,5500.00,Rs./Quintal
NCT of Delhi,Delhi,APMC Azadpur,Vegetables,Potato,February-2025,25012.10,Metric Tonnes,909.38,Rs./Quintal
NCT of Delhi,Delhi,APMC Azadpur,Vegetables,Pumpkin,February-2025,3816.10,Metric Tonnes,1476.49,Rs./Quintal
NCT of Delhi,Delhi,APMC Azadpur,Vegetables,Raddish,February-2025,1416.70,Metric Tonnes,608.20,Rs./Quintal
NCT of Delhi,Delhi,APMC Azadpur,Vegetables,Season Leaves,February-2025,123.10,Metric Tonnes,886.76,Rs./Quintal
NCT of Delhi,Delhi,APMC Azadpur,Vegetables,Spinach,February-2025,1128.20,Metric Tonnes,835.68,Rs./Quintal
NCT of Delhi,Delhi,APMC Azadpur,Vegetables,Sweet Potato,February-2025,1382.70,Metric Tonnes,1784.45,Rs./Quintal
NCT of Delhi,Delhi,APMC Azadpur,Vegetables,Sweet Pumpkin,February-2025,153.50,Metric Tonnes,1463.71,Rs./Quintal
NCT of Delhi,Delhi,APMC Azadpur,Vegetables,Tinda,February-2025,204.60,Metric Tonnes,4567.25,Rs./Quintal
NCT of Delhi,Delhi,APMC Azadpur,Vegetables,Tomato,February-2025,12412.00,Metric Tonnes,875.85,Rs./Quintal
NCT of Delhi,Delhi,APMC Azadpur,Vegetables,Turnip,February-2025,265.00,Metric Tonnes,1168.75,Rs./Quintal
NCT of Delhi,Delhi,APMC Azadpur,Vegetables,Yam(Ratalu),February-2025,1.80,Metric Tonnes,3300.00,Rs./Quintal
NCT of Delhi,Delhi,APMC Azadpur,Vegetables,Banana - Green,March-2025,188.40,Metric Tonnes,2633.23,Rs./Quintal
NCT of Delhi,Delhi,APMC Azadpur,Vegetables,Beetroot,March-2025,1379.70,Metric Tonnes,961.62,Rs./Quintal
NCT of Delhi,Delhi,APMC Azadpur,Vegetables,Bhindi(Ladies Finger),March-2025,4579.00,Metric Tonnes,4142.54,Rs./Quintal
NCT of Delhi,Delhi,APMC Azadpur,Vegetables,Bitter gourd,March-2025,980.20,Metric Tonnes,3432.87,Rs./Quintal
NCT of Delhi,Delhi,APMC Azadpur,Vegetables,Bottle gourd,March-2025,5201.00,Metric Tonnes,853.25,Rs./Quintal
NCT of Delhi,Delhi,APMC Azadpur,Vegetables,Brinjal,March-2025,1737.60,Metric Tonnes,1200.52,Rs./Quintal
NCT of Delhi,Delhi,APMC Azadpur,Vegetables,Cabbage,March-2025,1320.70,Metric Tonnes,342.15,Rs./Quintal
NCT of Delhi,Delhi,APMC Azadpur,Vegetables,Capsicum,March-2025,1820.40,Metric Tonnes,1661.62,Rs./Quintal
NCT of Delhi,Delhi,APMC Azadpur,Vegetables,Carrot,March-2025,5805.70,Metric Tonnes,847.27,Rs./Quintal
NCT of Delhi,Delhi,APMC Azadpur,Vegetables,Cauliflower,March-2025,3090.30,Metric Tonnes,851.25,Rs./Quintal
NCT of Delhi,Delhi,APMC Azadpur,Vegetables,Coriander(Leaves),March-2025,1590.60,Bundle,1662.11,Rs./Bundle
NCT of Delhi,Delhi,APMC Azadpur,Vegetables,Cucumbar(Kheera),March-2025,9587.40,Metric Tonnes,1693.42,Rs./Quintal
NCT of Delhi,Delhi,APMC Azadpur,Vegetables,Garlic,March-2025,4161.80,Metric Tonnes,4650.80,Rs./Quintal
NCT of Delhi,Delhi,APMC Azadpur,Vegetables,Ginger(Green),March-2025,7272.00,Metric Tonnes,2971.13,Rs./Quintal
NCT of Delhi,Delhi,APMC Azadpur,Vegetables,Green Chilli,March-2025,11083.40,Metric Tonnes,3327.42,Rs./Quintal
NCT of Delhi,Delhi,APMC Azadpur,Vegetables,Guar,March-2025,127.00,Metric Tonnes,3098.78,Rs./Quintal
NCT of Delhi,Delhi,APMC Azadpur,Vegetables,Lemon,March-2025,5543.30,Metric Tonnes,4931.15,Rs./Quintal
NCT of Delhi,Delhi,APMC Azadpur,Vegetables,Little gourd(Kundru),March-2025,314.50,Metric Tonnes,2063.80,Rs./Quintal
NCT of Delhi,Delhi,APMC Azadpur,Vegetables,Mango(Raw-Ripe),March-2025,262.80,Metric Tonnes,4581.53,Rs./Quintal
NCT of Delhi,Delhi,APMC Azadpur,Vegetables,Mashrooms,March-2025,671.80,Metric Tonnes,8016.89,Rs./Quintal
NCT of Delhi,Delhi,APMC Azadpur,Vegetables,Methi(Leaves),March-2025,185.70,Metric Tonnes,1591.84,Rs./Quintal
NCT of Delhi,Delhi,APMC Azadpur,Vegetables,Mint(Pudina),March-2025,132.50,Bundle,2800.38,Rs./Bundle
NCT of Delhi,Delhi,APMC Azadpur,Vegetables,Onion,March-2025,21652.40,Metric Tonnes,1745.55,Rs./Quintal
NCT of Delhi,Delhi,APMC Azadpur,Vegetables,Onion Green,March-2025,176.60,Metric Tonnes,1612.29,Rs./Quintal
NCT of Delhi,Delhi,APMC Azadpur,Vegetables,Peas Wet,March-2025,7551.70,Metric Tonnes,2455.20,Rs./Quintal
NCT of Delhi,Delhi,APMC Azadpur,Vegetables,Pointed gourd(Parval),March-2025,1018.00,Metric Tonnes,3529.73,Rs./Quintal
NCT of Delhi,Delhi,APMC Azadpur,Vegetables,Potato,March-2025,28924.10,Metric Tonnes,995.75,Rs./Quintal
NCT of Delhi,Delhi,APMC Azadpur,Vegetables,Pumpkin,March-2025,3978.40,Metric Tonnes,1177.12,Rs./Quintal
NCT of Delhi,Delhi,APMC Azadpur,Vegetables,Raddish,March-2025,1180.40,Metric Tonnes,482.69,Rs./Quintal
NCT of Delhi,Delhi,APMC Azadpur,Vegetables,Season Leaves,March-2025,24.00,Metric Tonnes,1105.83,Rs./Quintal
NCT of Delhi,Delhi,APMC Azadpur,Vegetables,Spinach,March-2025,1076.90,Metric Tonnes,576.72,Rs./Quintal
NCT of Delhi,Delhi,APMC Azadpur,Vegetables,Sweet Potato,March-2025,530.70,Metric Tonnes,1821.31,Rs./Quintal
NCT of Delhi,Delhi,APMC Azadpur,Vegetables,Sweet Pumpkin,March-2025,124.70,Metric Tonnes,1043.87,Rs./Quintal
NCT of Delhi,Delhi,APMC Azadpur,Vegetables,Tinda,March-2025,247.20,Metric Tonnes,2093.39,Rs./Quintal
NCT of Delhi,Delhi,APMC Azadpur,Vegetables,Tomato,March-2025,14755.90,Metric Tonnes,801.95,Rs./Quintal
NCT of Delhi,Delhi,APMC Azadpur,Vegetables,Turnip,March-2025,106.70,Metric Tonnes,977.41,Rs./Quintal
NCT of Delhi,Delhi,APMC Azadpur,Vegetables,Banana - Green,April-2025,139.30,Metric Tonnes,2593.11,Rs./Quintal
NCT of Delhi,Delhi,APMC Azadpur,Vegetables,Beetroot,April-2025,1243.20,Metric Tonnes,682.78,Rs./Quintal
NCT of Delhi,Delhi,APMC Azadpur,Vegetables,Bhindi(Ladies Finger),April-2025,3540.90,Metric Tonnes,3401.38,Rs./Quintal
NCT of Delhi,Delhi,APMC Azadpur,Vegetables,Bitter gourd,April-2025,1376.90,Metric Tonnes,2445.22,Rs./Quintal
NCT of Delhi,Delhi,APMC Azadpur,Vegetables,Bottle gourd,April-2025,2887.40,Metric Tonnes,631.32,Rs./Quintal
NCT of Delhi,Delhi,APMC Azadpur,Vegetables,Brinjal,April-2025,1676.10,Metric Tonnes,1296.96,Rs./Quintal
NCT of Delhi,Delhi,APMC Azadpur,Vegetables,Cabbage,April-2025,1607.90,Metric Tonnes,311.14,Rs./Quintal
NCT of Delhi,Delhi,APMC Azadpur,Vegetables,Capsicum,April-2025,1251.40,Metric Tonnes,1632.71,Rs./Quintal
NCT of Delhi,Delhi,APMC Azadpur,Vegetables,Carrot,April-2025,2035.70,Metric Tonnes,536.08,Rs./Quintal
NCT of Delhi,Delhi,APMC Azadpur,Vegetables,Cauliflower,April-2025,2896.20,Metric Tonnes,858.15,Rs./Quintal
NCT of Delhi,Delhi,APMC Azadpur,Vegetables,Coriander(Leaves),April-2025,1664.20,Bundle,1757.83,Rs./Bundle
NCT of Delhi,Delhi,APMC Azadpur,Vegetables,Cucumbar(Kheera),April-2025,8830.80,Metric Tonnes,1412.21,Rs./Quintal
NCT of Delhi,Delhi,APMC Azadpur,Vegetables,Garlic,April-2025,2639.20,Metric Tonnes,4544.11,Rs./Quintal
NCT of Delhi,Delhi,APMC Azadpur,Vegetables,Ginger(Green),April-2025,6076.80,Metric Tonnes,2976.86,Rs./Quintal
NCT of Delhi,Delhi,APMC Azadpur,Vegetables,Green Chilli,April-2025,5515.50,Metric Tonnes,1934.25,Rs./Quintal
NCT of Delhi,Delhi,APMC Azadpur,Vegetables,Guar,April-2025,151.60,Metric Tonnes,2887.50,Rs./Quintal
NCT of Delhi,Delhi,APMC Azadpur,Vegetables,Lemon,April-2025,6484.80,Metric Tonnes,6101.61,Rs./Quintal
NCT of Delhi,Delhi,APMC Azadpur,Vegetables,Little gourd(Kundru),April-2025,884.60,Metric Tonnes,1781.59,Rs./Quintal
NCT of Delhi,Delhi,APMC Azadpur,Vegetables,Mango(Raw-Ripe),April-2025,1044.30,Metric Tonnes,2594.77,Rs./Quintal
NCT of Delhi,Delhi,APMC Azadpur,Vegetables,Mashrooms,April-2025,543.60,Metric Tonnes,10777.87,Rs./Quintal
NCT of Delhi,Delhi,APMC Azadpur,Vegetables,Methi(Leaves),April-2025,30.80,Metric Tonnes,2001.62,Rs./Quintal
NCT of Delhi,Delhi,APMC Azadpur,Vegetables,Mint(Pudina),April-2025,179.30,Bundle,2161.02,Rs./Bundle
NCT of Delhi,Delhi,APMC Azadpur,Vegetables,Onion,April-2025,19465.10,Metric Tonnes,1386.58,Rs./Quintal
NCT of Delhi,Delhi,APMC Azadpur,Vegetables,Onion Green,April-2025,60.60,Metric Tonnes,1698.84,Rs./Quintal
NCT of Delhi,Delhi,APMC Azadpur,Vegetables,Peas Wet,April-2025,1799.30,Metric Tonnes,3112.46,Rs./Quintal
NCT of Delhi,Delhi,APMC Azadpur,Vegetables,Pointed gourd(Parval),April-2025,1908.30,Metric Tonnes,2984.98,Rs./Quintal
NCT of Delhi,Delhi,APMC Azadpur,Vegetables,Potato,April-2025,26168.80,Metric Tonnes,886.37,Rs./Quintal
NCT of Delhi,Delhi,APMC Azadpur,Vegetables,Pumpkin,April-2025,3559.70,Metric Tonnes,996.80,Rs./Quintal
NCT of Delhi,Delhi,APMC Azadpur,Vegetables,Raddish,April-2025,649.40,Metric Tonnes,530.02,Rs./Quintal
NCT of Delhi,Delhi,APMC Azadpur,Vegetables,Season Leaves,April-2025,0.60,Metric Tonnes,1100.00,Rs./Quintal
NCT of Delhi,Delhi,APMC Azadpur,Vegetables,Spinach,April-2025,862.60,Metric Tonnes,501.47,Rs./Quintal
NCT of Delhi,Delhi,APMC Azadpur,Vegetables,Sweet Potato,April-2025,355.40,Metric Tonnes,2251.17,Rs./Quintal
NCT of Delhi,Delhi,APMC Azadpur,Vegetables,Sweet Pumpkin,April-2025,361.70,Metric Tonnes,1212.63,Rs./Quintal
NCT of Delhi,Delhi,APMC Azadpur,Vegetables,Tinda,April-2025,544.70,Metric Tonnes,2369.37,Rs./Quintal
NCT of Delhi,Delhi,APMC Azadpur,Vegetables,Tomato,April-2025,13409.30,Metric Tonnes,796.17,Rs./Quintal
NCT of Delhi,Delhi,APMC Azadpur,Vegetables,Turnip,April-2025,1.00,Metric Tonnes,320.00,Rs./Quintal
NCT of Delhi,Delhi,APMC Azadpur,Vegetables,Banana - Green,May-2025,165.70,Metric Tonnes,2635.18,Rs./Quintal
NCT of Delhi,Delhi,APMC Azadpur,Vegetables,Beetroot,May-2025,1183.40,Metric Tonnes,706.76,Rs./Quintal
NCT of Delhi,Delhi,APMC Azadpur,Vegetables,Bhindi(Ladies Finger),May-2025,1765.90,Metric Tonnes,1705.65,Rs./Quintal
NCT of Delhi,Delhi,APMC Azadpur,Vegetables,Bitter gourd,May-2025,1009.40,Metric Tonnes,1374.42,Rs./Quintal
NCT of Delhi,Delhi,APMC Azadpur,Vegetables,Bottle gourd,May-2025,2011.40,Metric Tonnes,756.79,Rs./Quintal
NCT of Delhi,Delhi,APMC Azadpur,Vegetables,Brinjal,May-2025,1512.50,Metric Tonnes,1215.36,Rs./Quintal
NCT of Delhi,Delhi,APMC Azadpur,Vegetables,Cabbage,May-2025,1839.90,Metric Tonnes,356.51,Rs./Quintal
NCT of Delhi,Delhi,APMC Azadpur,Vegetables,Capsicum,May-2025,1383.70,Metric Tonnes,1474.24,Rs./Quintal
NCT of Delhi,Delhi,APMC Azadpur,Vegetables,Carrot,May-2025,1265.40,Metric Tonnes,735.56,Rs./Quintal
NCT of Delhi,Delhi,APMC Azadpur,Vegetables,Cauliflower,May-2025,1993.70,Metric Tonnes,1416.48,Rs./Quintal
NCT of Delhi,Delhi,APMC Azadpur,Vegetables,Coriander(Leaves),May-2025,1818.10,Bundle,1876.68,Rs./Bundle
NCT of Delhi,Delhi,APMC Azadpur,Vegetables,Cucumbar(Kheera),May-2025,10386.00,Metric Tonnes,1198.64,Rs./Quintal
NCT of Delhi,Delhi,APMC Azadpur,Vegetables,Garlic,May-2025,2723.80,Metric Tonnes,4678.30,Rs./Quintal
NCT of Delhi,Delhi,APMC Azadpur,Vegetables,Ginger(Green),May-2025,4890.40,Metric Tonnes,2826.55,Rs./Quintal
NCT of Delhi,Delhi,APMC Azadpur,Vegetables,Green Chilli,May-2025,4281.80,Metric Tonnes,1641.52,Rs./Quintal
NCT of Delhi,Delhi,APMC Azadpur,Vegetables,Guar,May-2025,562.70,Metric Tonnes,3029.58,Rs./Quintal
NCT of Delhi,Delhi,APMC Azadpur,Vegetables,Lemon,May-2025,7520.90,Metric Tonnes,3818.36,Rs./Quintal
NCT of Delhi,Delhi,APMC Azadpur,Vegetables,Little gourd(Kundru),May-2025,1496.00,Metric Tonnes,1446.46,Rs./Quintal
NCT of Delhi,Delhi,APMC Azadpur,Vegetables,Mango(Raw-Ripe),May-2025,2403.00,Metric Tonnes,1878.21,Rs./Quintal
NCT of Delhi,Delhi,APMC Azadpur,Vegetables,Mashrooms,May-2025,979.30,Metric Tonnes,11791.92,Rs./Quintal
NCT of Delhi,Delhi,APMC Azadpur,Vegetables,Methi(Leaves),May-2025,3.70,Metric Tonnes,2200.00,Rs./Quintal
NCT of Delhi,Delhi,APMC Azadpur,Vegetables,Mint(Pudina),May-2025,149.10,Bundle,2119.75,Rs./Bundle
NCT of Delhi,Delhi,APMC Azadpur,Vegetables,Onion,May-2025,23608.70,Metric Tonnes,1069.01,Rs./Quintal
NCT of Delhi,Delhi,APMC Azadpur,Vegetables,Onion Green,May-2025,90.40,Metric Tonnes,1870.02,Rs./Quintal
NCT of Delhi,Delhi,APMC Azadpur,Vegetables,Peas Wet,May-2025,1229.90,Metric Tonnes,3721.30,Rs./Quintal
NCT of Delhi,Delhi,APMC Azadpur,Vegetables,Pointed gourd(Parval),May-2025,2433.10,Metric Tonnes,1636.74,Rs./Quintal
NCT of Delhi,Delhi,APMC Azadpur,Vegetables,Potato,May-2025,22208.20,Metric Tonnes,845.12,Rs./Quintal
NCT of Delhi,Delhi,APMC Azadpur,Vegetables,Pumpkin,May-2025,1732.50,Metric Tonnes,870.42,Rs./Quintal
NCT of Delhi,Delhi,APMC Azadpur,Vegetables,Raddish,May-2025,585.40,Metric Tonnes,718.80,Rs./Quintal
NCT of Delhi,Delhi,APMC Azadpur,Vegetables,Sweet Potato,May-2025,167.90,Metric Tonnes,1581.66,Rs./Quintal
NCT of Delhi,Delhi,APMC Azadpur,Vegetables,Sweet Pumpkin,May-2025,273.20,Metric Tonnes,1172.00,Rs./Quintal
NCT of Delhi,Delhi,APMC Azadpur,Vegetables,Tinda,May-2025,654.30,Metric Tonnes,2195.35,Rs./Quintal
NCT of Delhi,Delhi,APMC Azadpur,Vegetables,Tomato,May-2025,11404.20,Metric Tonnes,803.02,Rs./Quintal
NCT of Delhi,Delhi,APMC Azadpur,Vegetables,Banana - Green,June-2025,255.60,Metric Tonnes,2680.71,Rs./Quintal
NCT of Delhi,Delhi,APMC Azadpur,Vegetables,Beetroot,June-2025,2009.20,Metric Tonnes,1224.85,Rs./Quintal
NCT of Delhi,Delhi,APMC Azadpur,Vegetables,Bhindi(Ladies Finger),June-2025,1581.10,Metric Tonnes,1246.62,Rs./Quintal
NCT of Delhi,Delhi,APMC Azadpur,Vegetables,Bitter gourd,June-2025,851.40,Metric Tonnes,1538.33,Rs./Quintal
NCT of Delhi,Delhi,APMC Azadpur,Vegetables,Bottle gourd,June-2025,1785.30,Metric Tonnes,805.35,Rs./Quintal
NCT of Delhi,Delhi,APMC Azadpur,Vegetables,Brinjal,June-2025,1400.20,Metric Tonnes,1477.39,Rs./Quintal
NCT of Delhi,Delhi,APMC Azadpur,Vegetables,Cabbage,June-2025,3135.80,Metric Tonnes,962.20,Rs./Quintal
NCT of Delhi,Delhi,APMC Azadpur,Vegetables,Capsicum,June-2025,1572.40,Metric Tonnes,2303.36,Rs./Quintal
NCT of Delhi,Delhi,APMC Azadpur,Vegetables,Carrot,June-2025,1367.70,Metric Tonnes,1346.24,Rs./Quintal
NCT of Delhi,Delhi,APMC Azadpur,Vegetables,Cauliflower,June-2025,3282.70,Metric Tonnes,2234.74,Rs./Quintal
NCT of Delhi,Delhi,APMC Azadpur,Vegetables,Coriander(Leaves),June-2025,1398.20,Bundle,3958.12,Rs./Bundle
NCT of Delhi,Delhi,APMC Azadpur,Vegetables,Cucumbar(Kheera),June-2025,7321.20,Metric Tonnes,1507.90,Rs./Quintal
NCT of Delhi,Delhi,APMC Azadpur,Vegetables,Garlic,June-2025,2140.70,Metric Tonnes,5417.94,Rs./Quintal
NCT of Delhi,Delhi,APMC Azadpur,Vegetables,Ginger(Green),June-2025,5073.60,Metric Tonnes,3541.30,Rs./Quintal
NCT of Delhi,Delhi,APMC Azadpur,Vegetables,Green Chilli,June-2025,4380.40,Metric Tonnes,1534.57,Rs./Quintal
NCT of Delhi,Delhi,APMC Azadpur,Vegetables,Guar,June-2025,315.90,Metric Tonnes,2890.61,Rs./Quintal
NCT of Delhi,Delhi,APMC Azadpur,Vegetables,Lemon,June-2025,8792.80,Metric Tonnes,2372.81,Rs./Quintal
NCT of Delhi,Delhi,APMC Azadpur,Vegetables,Little gourd(Kundru),June-2025,1750.80,Metric Tonnes,1088.43,Rs./Quintal
NCT of Delhi,Delhi,APMC Azadpur,Vegetables,Mango(Raw-Ripe),June-2025,1416.90,Metric Tonnes,1346.34,Rs./Quintal
NCT of Delhi,Delhi,APMC Azadpur,Vegetables,Mashrooms,June-2025,511.20,Metric Tonnes,9376.27,Rs./Quintal
NCT of Delhi,Delhi,APMC Azadpur,Vegetables,Mint(Pudina),June-2025,108.60,Bundle,2539.41,Rs./Bundle
NCT of Delhi,Delhi,APMC Azadpur,Vegetables,Onion,June-2025,18444.20,Metric Tonnes,1283.34,Rs./Quintal
NCT of Delhi,Delhi,APMC Azadpur,Vegetables,Onion Green,June-2025,74.30,Metric Tonnes,2275.91,Rs./Quintal
NCT of Delhi,Delhi,APMC Azadpur,Vegetables,Peas Wet,June-2025,735.20,Metric Tonnes,4364.65,Rs./Quintal
NCT of Delhi,Delhi,APMC Azadpur,Vegetables,Pointed gourd(Parval),June-2025,1938.70,Metric Tonnes,1558.32,Rs./Quintal
NCT of Delhi,Delhi,APMC Azadpur,Vegetables,Potato,June-2025,19810.60,Metric Tonnes,1214.99,Rs./Quintal
NCT of Delhi,Delhi,APMC Azadpur,Vegetables,Pumpkin,June-2025,1495.00,Metric Tonnes,712.36,Rs./Quintal
NCT of Delhi,Delhi,APMC Azadpur,Vegetables,Raddish,June-2025,717.50,Metric Tonnes,982.15,Rs./Quintal
NCT of Delhi,Delhi,APMC Azadpur,Vegetables,Sweet Potato,June-2025,137.10,Metric Tonnes,2064.11,Rs./Quintal
NCT of Delhi,Delhi,APMC Azadpur,Vegetables,Sweet Pumpkin,June-2025,282.70,Metric Tonnes,805.80,Rs./Quintal
NCT of Delhi,Delhi,APMC Azadpur,Vegetables,Tinda,June-2025,795.20,Metric Tonnes,2064.61,Rs./Quintal
NCT of Delhi,Delhi,APMC Azadpur,Vegetables,Tomato,June-2025,10105.70,Metric Tonnes,1585.24,Rs./Quintal
NCT of Delhi,Delhi,APMC Azadpur,Vegetables,Banana - Green,July-2025,799.10,Metric Tonnes,2599.54,Rs./Quintal
NCT of Delhi,Delhi,APMC Azadpur,Vegetables,Beetroot,July-2025,2774.10,Metric Tonnes,1128.33,Rs./Quintal
NCT of Delhi,Delhi,APMC Azadpur,Vegetables,Bhindi(Ladies Finger),July-2025,1752.00,Metric Tonnes,1967.75,Rs./Quintal
NCT of Delhi,Delhi,APMC Azadpur,Vegetables,Bitter gourd,July-2025,937.90,Metric Tonnes,1784.84,Rs./Quintal
NCT of Delhi,Delhi,APMC Azadpur,Vegetables,Bottle gourd,July-2025,2692.40,Metric Tonnes,1046.18,Rs./Quintal
NCT of Delhi,Delhi,APMC Azadpur,Vegetables,Brinjal,July-2025,1936.40,Metric Tonnes,1452.94,Rs./Quintal
NCT of Delhi,Delhi,APMC Azadpur,Vegetables,Cabbage,July-2025,3297.80,Metric Tonnes,709.25,Rs./Quintal
NCT of Delhi,Delhi,APMC Azadpur,Vegetables,Capsicum,July-2025,1862.40,Metric Tonnes,4394.97,Rs./Quintal
NCT of Delhi,Delhi,APMC Azadpur,Vegetables,Carrot,July-2025,1936.20,Metric Tonnes,1315.60,Rs./Quintal
NCT of Delhi,Delhi,APMC Azadpur,Vegetables,Cauliflower,July-2025,3826.90,Metric Tonnes,1794.28,Rs./Quintal
NCT of Delhi,Delhi,APMC Azadpur,Vegetables,Coriander(Leaves),July-2025,1025.50,Bundle,7093.85,Rs./Bundle
NCT of Delhi,Delhi,APMC Azadpur,Vegetables,Cucumbar(Kheera),July-2025,9975.40,Metric Tonnes,1791.92,Rs./Quintal
NCT of Delhi,Delhi,APMC Azadpur,Vegetables,Garlic,July-2025,3150.80,Metric Tonnes,4831.99,Rs./Quintal
NCT of Delhi,Delhi,APMC Azadpur,Vegetables,Ginger(Green),July-2025,6020.80,Metric Tonnes,3365.33,Rs./Quintal
NCT of Delhi,Delhi,APMC Azadpur,Vegetables,Green Chilli,July-2025,4588.70,Metric Tonnes,4687.45,Rs./Quintal
NCT of Delhi,Delhi,APMC Azadpur,Vegetables,Guar,July-2025,568.30,Metric Tonnes,4969.93,Rs./Quintal
NCT of Delhi,Delhi,APMC Azadpur,Vegetables,Lemon,July-2025,7179.70,Metric Tonnes,1896.90,Rs./Quintal
NCT of Delhi,Delhi,APMC Azadpur,Vegetables,Little gourd(Kundru),July-2025,2162.40,Metric Tonnes,1463.60,Rs./Quintal
NCT of Delhi,Delhi,APMC Azadpur,Vegetables,Mango(Raw-Ripe),July-2025,201.30,Metric Tonnes,2093.94,Rs./Quintal
NCT of Delhi,Delhi,APMC Azadpur,Vegetables,Mashrooms,July-2025,596.60,Metric Tonnes,9434.04,Rs./Quintal
NCT of Delhi,Delhi,APMC Azadpur,Vegetables,Mint(Pudina),July-2025,159.20,Bundle,3183.23,Rs./Bundle
NCT of Delhi,Delhi,APMC Azadpur,Vegetables,Onion,July-2025,22523.10,Metric Tonnes,1427.24,Rs./Quintal
NCT of Delhi,Delhi,APMC Azadpur,Vegetables,Onion Green,July-2025,102.60,Metric Tonnes,2155.80,Rs./Quintal
NCT of Delhi,Delhi,APMC Azadpur,Vegetables,Peas Wet,July-2025,729.40,Metric Tonnes,6147.32,Rs./Quintal
NCT of Delhi,Delhi,APMC Azadpur,Vegetables,Pointed gourd(Parval),July-2025,1580.10,Metric Tonnes,1922.75,Rs./Quintal
NCT of Delhi,Delhi,APMC Azadpur,Vegetables,Potato,July-2025,28980.90,Metric Tonnes,1363.21,Rs./Quintal
NCT of Delhi,Delhi,APMC Azadpur,Vegetables,Pumpkin,July-2025,2785.00,Metric Tonnes,638.09,Rs./Quintal
NCT of Delhi,Delhi,APMC Azadpur,Vegetables,Raddish,July-2025,978.00,Metric Tonnes,728.92,Rs./Quintal
NCT of Delhi,Delhi,APMC Azadpur,Vegetables,Sweet Potato,July-2025,349.80,Metric Tonnes,2037.05,Rs./Quintal
NCT of Delhi,Delhi,APMC Azadpur,Vegetables,Sweet Pumpkin,July-2025,283.80,Metric Tonnes,785.69,Rs./Quintal
NCT of Delhi,Delhi,APMC Azadpur,Vegetables,Tinda,July-2025,481.30,Metric Tonnes,3247.64,Rs./Quintal
NCT of Delhi,Delhi,APMC Azadpur,Vegetables,Tomato,July-2025,13866.80,Metric Tonnes,2306.25,Rs./Quintal
NCT of Delhi,Delhi,APMC Azadpur,Vegetables,Banana - Green,August-2025,639.70,Metric Tonnes,2647.33,Rs./Quintal
NCT of Delhi,Delhi,APMC Azadpur,Vegetables,Beetroot,August-2025,2580.70,Metric Tonnes,1394.31,Rs./Quintal
NCT of Delhi,Delhi,APMC Azadpur,Vegetables,Bhindi(Ladies Finger),August-2025,1689.10,Metric Tonnes,1546.84,Rs./Quintal
NCT of Delhi,Delhi,APMC Azadpur,Vegetables,Bitter gourd,August-2025,814.50,Metric Tonnes,2116.40,Rs./Quintal
NCT of Delhi,Delhi,APMC Azadpur,Vegetables,Bottle gourd,August-2025,1911.80,Metric Tonnes,1075.26,Rs./Quintal
NCT of Delhi,Delhi,APMC Azadpur,Vegetables,Brinjal,August-2025,1650.90,Metric Tonnes,1287.50,Rs./Quintal
NCT of Delhi,Delhi,APMC Azadpur,Vegetables,Cabbage,August-2025,3497.20,Metric Tonnes,734.78,Rs./Quintal
NCT of Delhi,Delhi,APMC Azadpur,Vegetables,Capsicum,August-2025,3110.30,Metric Tonnes,2686.88,Rs./Quintal
NCT of Delhi,Delhi,APMC Azadpur,Vegetables,Carrot,August-2025,2102.00,Metric Tonnes,1493.82,Rs./Quintal
NCT of Delhi,Delhi,APMC Azadpur,Vegetables,Cauliflower,August-2025,4371.40,Metric Tonnes,2346.23,Rs./Quintal
NCT of Delhi,Delhi,APMC Azadpur,Vegetables,Coriander(Leaves),August-2025,1032.20,Bundle,5163.30,Rs./Bundle
NCT of Delhi,Delhi,APMC Azadpur,Vegetables,Cucumbar(Kheera),August-2025,9123.60,Metric Tonnes,1472.41,Rs./Quintal
NCT of Delhi,Delhi,APMC Azadpur,Vegetables,Garlic,August-2025,2643.80,Metric Tonnes,3563.49,Rs./Quintal
NCT of Delhi,Delhi,APMC Azadpur,Vegetables,Ginger(Green),August-2025,7590.60,Metric Tonnes,3724.17,Rs./Quintal
NCT of Delhi,Delhi,APMC Azadpur,Vegetables,Green Chilli,August-2025,5192.90,Metric Tonnes,2866.24,Rs./Quintal
NCT of Delhi,Delhi,APMC Azadpur,Vegetables,Guar,August-2025,547.00,Metric Tonnes,4477.10,Rs./Quintal
NCT of Delhi,Delhi,APMC Azadpur,Vegetables,Lemon,August-2025,4912.80,Metric Tonnes,2082.20,Rs./Quintal
NCT of Delhi,Delhi,APMC Azadpur,Vegetables,Little gourd(Kundru),August-2025,1306.40,Metric Tonnes,1741.74,Rs./Quintal
NCT of Delhi,Delhi,APMC Azadpur,Vegetables,Mango(Raw-Ripe),August-2025,41.00,Metric Tonnes,4625.61,Rs./Quintal
NCT of Delhi,Delhi,APMC Azadpur,Vegetables,Mashrooms,August-2025,560.60,Metric Tonnes,9834.37,Rs./Quintal
NCT of Delhi,Delhi,APMC Azadpur,Vegetables,Mint(Pudina),August-2025,133.20,Bundle,1933.07,Rs./Bundle
NCT of Delhi,Delhi,APMC Azadpur,Vegetables,Onion,August-2025,21930.00,Metric Tonnes,1386.46,Rs./Quintal
NCT of Delhi,Delhi,APMC Azadpur,Vegetables,Onion Green,August-2025,123.40,Metric Tonnes,2875.20,Rs./Quintal
NCT of Delhi,Delhi,APMC Azadpur,Vegetables,Peas Wet,August-2025,659.60,Metric Tonnes,6627.84,Rs./Quintal
NCT of Delhi,Delhi,APMC Azadpur,Vegetables,Pointed gourd(Parval),August-2025,949.70,Metric Tonnes,2233.39,Rs./Quintal
NCT of Delhi,Delhi,APMC Azadpur,Vegetables,Potato,August-2025,23840.40,Metric Tonnes,1279.33,Rs./Quintal
NCT of Delhi,Delhi,APMC Azadpur,Vegetables,Pumpkin,August-2025,2553.70,Metric Tonnes,665.33,Rs./Quintal
NCT of Delhi,Delhi,APMC Azadpur,Vegetables,Raddish,August-2025,750.50,Metric Tonnes,1057.65,Rs./Quintal
NCT of Delhi,Delhi,APMC Azadpur,Vegetables,Sweet Potato,August-2025,400.20,Metric Tonnes,2104.17,Rs./Quintal
NCT of Delhi,Delhi,APMC Azadpur,Vegetables,Sweet Pumpkin,August-2025,146.40,Metric Tonnes,1168.65,Rs./Quintal
NCT of Delhi,Delhi,APMC Azadpur,Vegetables,Tinda,August-2025,687.80,Metric Tonnes,3431.76,Rs./Quintal
NCT of Delhi,Delhi,APMC Azadpur,Vegetables,Tomato,August-2025,12671.50,Metric Tonnes,3096.61,Rs./Quintal
NCT of Delhi,Delhi,APMC Azadpur,Vegetables,Banana - Green,September-2025,490.30,Metric Tonnes,2250.74,Rs./Quintal
NCT of Delhi,Delhi,APMC Azadpur,Vegetables,Beetroot,September-2025,2398.80,Metric Tonnes,1582.50,Rs./Quintal
NCT of Delhi,Delhi,APMC Azadpur,Vegetables,Bhindi(Ladies Finger),September-2025,1390.10,Metric Tonnes,1906.84,Rs./Quintal
NCT of Delhi,Delhi,APMC Azadpur,Vegetables,Bitter gourd,September-2025,1385.60,Metric Tonnes,2100.58,Rs./Quintal
NCT of Delhi,Delhi,APMC Azadpur,Vegetables,Bottle gourd,September-2025,2309.80,Metric Tonnes,1228.45,Rs./Quintal
NCT of Delhi,Delhi,APMC Azadpur,Vegetables,Brinjal,September-2025,1714.60,Metric Tonnes,1670.85,Rs./Quintal
NCT of Delhi,Delhi,APMC Azadpur,Vegetables,Cabbage,September-2025,3586.20,Metric Tonnes,1146.74,Rs./Quintal
NCT of Delhi,Delhi,APMC Azadpur,Vegetables,Capsicum,September-2025,3945.00,Metric Tonnes,3608.35,Rs./Quintal
NCT of Delhi,Delhi,APMC Azadpur,Vegetables,Carrot,September-2025,2334.60,Metric Tonnes,2068.98,Rs./Quintal
NCT of Delhi,Delhi,APMC Azadpur,Vegetables,Cauliflower,September-2025,4967.60,Metric Tonnes,1991.98,Rs./Quintal
NCT of Delhi,Delhi,APMC Azadpur,Vegetables,Coriander(Leaves),September-2025,1094.40,Bundle,4939.29,Rs./Bundle
NCT of Delhi,Delhi,APMC Azadpur,Vegetables,Cucumbar(Kheera),September-2025,8045.10,Metric Tonnes,1794.59,Rs./Quintal
NCT of Delhi,Delhi,APMC Azadpur,Vegetables,Garlic,September-2025,2543.20,Metric Tonnes,4919.44,Rs./Quintal
NCT of Delhi,Delhi,APMC Azadpur,Vegetables,Ginger(Green),September-2025,6987.20,Metric Tonnes,3421.95,Rs./Quintal
NCT of Delhi,Delhi,APMC Azadpur,Vegetables,Green Chilli,September-2025,6591.30,Metric Tonnes,1800.39,Rs./Quintal
NCT of Delhi,Delhi,APMC Azadpur,Vegetables,Guar,September-2025,350.10,Metric Tonnes,3236.48,Rs./Quintal
NCT of Delhi,Delhi,APMC Azadpur,Vegetables,Lemon,September-2025,4402.30,Metric Tonnes,2618.35,Rs./Quintal
NCT of Delhi,Delhi,APMC Azadpur,Vegetables,Little gourd(Kundru),September-2025,1600.30,Metric Tonnes,1482.79,Rs./Quintal
NCT of Delhi,Delhi,APMC Azadpur,Vegetables,Mango(Raw-Ripe),September-2025,147.40,Metric Tonnes,4443.35,Rs./Quintal
NCT of Delhi,Delhi,APMC Azadpur,Vegetables,Mashrooms,September-2025,539.10,Metric Tonnes,10832.64,Rs./Quintal
NCT of Delhi,Delhi,APMC Azadpur,Vegetables,Methi(Leaves),September-2025,1.70,Metric Tonnes,4029.41,Rs./Quintal
NCT of Delhi,Delhi,APMC Azadpur,Vegetables,Mint(Pudina),September-2025,164.40,Bundle,1994.71,Rs./Bundle
NCT of Delhi,Delhi,APMC Azadpur,Vegetables,Onion,September-2025,19061.40,Metric Tonnes,1165.51,Rs./Quintal
NCT of Delhi,Delhi,APMC Azadpur,Vegetables,Onion Green,September-2025,235.20,Metric Tonnes,2500.00,Rs./Quintal
NCT of Delhi,Delhi,APMC Azadpur,Vegetables,Peas Wet,September-2025,245.10,Metric Tonnes,5664.12,Rs./Quintal
NCT of Delhi,Delhi,APMC Azadpur,Vegetables,Pointed gourd(Parval),September-2025,1545.70,Metric Tonnes,2018.34,Rs./Quintal
NCT of Delhi,Delhi,APMC Azadpur,Vegetables,Potato,September-2025,30454.20,Metric Tonnes,1355.97,Rs./Quintal
NCT of Delhi,Delhi,APMC Azadpur,Vegetables,Pumpkin,September-2025,2586.30,Metric Tonnes,889.22,Rs./Quintal
NCT of Delhi,Delhi,APMC Azadpur,Vegetables,Raddish,September-2025,895.60,Metric Tonnes,1132.97,Rs./Quintal
NCT of Delhi,Delhi,APMC Azadpur,Vegetables,Sweet Potato,September-2025,1614.10,Metric Tonnes,2219.11,Rs./Quintal
NCT of Delhi,Delhi,APMC Azadpur,Vegetables,Sweet Pumpkin,September-2025,169.80,Metric Tonnes,1200.00,Rs./Quintal
NCT of Delhi,Delhi,APMC Azadpur,Vegetables,Tinda,September-2025,562.80,Metric Tonnes,2899.07,Rs./Quintal
NCT of Delhi,Delhi,APMC Azadpur,Vegetables,Tomato,September-2025,14139.60,Metric Tonnes,2131.56,Rs./Quintal
NCT of Delhi,Delhi,APMC Azadpur,Vegetables,Yam(Ratalu),September-2025,569.10,Metric Tonnes,2156.39,Rs./Quintal
NCT of Delhi,Delhi,APMC Azadpur,Vegetables,Banana - Green,October-2025,406.60,Metric Tonnes,1791.12,Rs./Quintal
NCT of Delhi,Delhi,APMC Azadpur,Vegetables,Beetroot,October-2025,2230.00,Metric Tonnes,1535.90,Rs./Quintal
NCT of Delhi,Delhi,APMC Azadpur,Vegetables,Bhindi(Ladies Finger),October-2025,987.70,Metric Tonnes,1200.00,Rs./Quintal
NCT of Delhi,Delhi,APMC Azadpur,Vegetables,Bitter gourd,October-2025,685.20,Metric Tonnes,1841.64,Rs./Quintal
NCT of Delhi,Delhi,APMC Azadpur,Vegetables,Bottle gourd,October-2025,1759.10,Metric Tonnes,1000.00,Rs./Quintal
NCT of Delhi,Delhi,APMC Azadpur,Vegetables,Brinjal,October-2025,1835.60,Metric Tonnes,1650.00,Rs./Quintal
NCT of Delhi,Delhi,APMC Azadpur,Vegetables,Cabbage,October-2025,3466.80,Metric Tonnes,1247.37,Rs./Quintal
NCT of Delhi,Delhi,APMC Azadpur,Vegetables,Capsicum,October-2025,2925.70,Metric Tonnes,3987.01,Rs./Quintal
NCT of Delhi,Delhi,APMC Azadpur,Vegetables,Carrot,October-2025,2985.70,Metric Tonnes,2224.03,Rs./Quintal
NCT of Delhi,Delhi,APMC Azadpur,Vegetables,Cauliflower,October-2025,3462.60,Metric Tonnes,2029.52,Rs./Quintal
NCT of Delhi,Delhi,APMC Azadpur,Vegetables,Coriander(Leaves),October-2025,888.90,Bundle,9185.57,Rs./Bundle
NCT of Delhi,Delhi,APMC Azadpur,Vegetables,Cucumbar(Kheera),October-2025,7250.40,Metric Tonnes,1950.00,Rs./Quintal
NCT of Delhi,Delhi,APMC Azadpur,Vegetables,Garlic,October-2025,3144.30,Metric Tonnes,6000.00,Rs./Quintal
NCT of Delhi,Delhi,APMC Azadpur,Vegetables,Ginger(Green),October-2025,7229.80,Metric Tonnes,3650.00,Rs./Quintal
NCT of Delhi,Delhi,APMC Azadpur,Vegetables,Green Chilli,October-2025,7585.30,Metric Tonnes,1260.43,Rs./Quintal
NCT of Delhi,Delhi,APMC Azadpur,Vegetables,Guar,October-2025,478.70,Metric Tonnes,3850.00,Rs./Quintal
NCT of Delhi,Delhi,APMC Azadpur,Vegetables,Lemon,October-2025,4655.00,Metric Tonnes,2400.11,Rs./Quintal
NCT of Delhi,Delhi,APMC Azadpur,Vegetables,Little gourd(Kundru),October-2025,671.30,Metric Tonnes,1389.99,Rs./Quintal
NCT of Delhi,Delhi,APMC Azadpur,Vegetables,Mango(Raw-Ripe),October-2025,98.40,Metric Tonnes,4500.00,Rs./Quintal
NCT of Delhi,Delhi,APMC Azadpur,Vegetables,Mashrooms,October-2025,566.80,Metric Tonnes,11500.00,Rs./Quintal
NCT of Delhi,Delhi,APMC Azadpur,Vegetables,Methi(Leaves),October-2025,485.80,Metric Tonnes,4000.00,Rs./Quintal
NCT of Delhi,Delhi,APMC Azadpur,Vegetables,Mint(Pudina),October-2025,127.70,Bundle,2000.00,Rs./Bundle
NCT of Delhi,Delhi,APMC Azadpur,Vegetables,Onion,October-2025,22299.10,Metric Tonnes,1063.00,Rs./Quintal
NCT of Delhi,Delhi,APMC Azadpur,Vegetables,Onion Green,October-2025,1001.80,Metric Tonnes,2500.00,Rs./Quintal
NCT of Delhi,Delhi,APMC Azadpur,Vegetables,Peas Wet,October-2025,318.50,Metric Tonnes,5500.00,Rs./Quintal
NCT of Delhi,Delhi,APMC Azadpur,Vegetables,Pointed gourd(Parval),October-2025,1351.00,Metric Tonnes,2000.00,Rs./Quintal
NCT of Delhi,Delhi,APMC Azadpur,Vegetables,Potato,October-2025,26721.10,Metric Tonnes,1442.04,Rs./Quintal
NCT of Delhi,Delhi,APMC Azadpur,Vegetables,Pumpkin,October-2025,2145.80,Metric Tonnes,1300.00,Rs./Quintal
NCT of Delhi,Delhi,APMC Azadpur,Vegetables,Raddish,October-2025,1890.60,Metric Tonnes,1140.00,Rs./Quintal
NCT of Delhi,Delhi,APMC Azadpur,Vegetables,Sweet Potato,October-2025,3426.30,Metric Tonnes,1584.25,Rs./Quintal
NCT of Delhi,Delhi,APMC Azadpur,Vegetables,Sweet Pumpkin,October-2025,117.30,Metric Tonnes,2500.00,Rs./Quintal
NCT of Delhi,Delhi,APMC Azadpur,Vegetables,Tinda,October-2025,527.80,Metric Tonnes,3000.00,Rs./Quintal
NCT of Delhi,Delhi,APMC Azadpur,Vegetables,Tomato,October-2025,13313.50,Metric Tonnes,1958.77,Rs./Quintal
NCT of Delhi,Delhi,APMC Azadpur,Vegetables,Yam(Ratalu),October-2025,137.50,Metric Tonnes,2200.00,Rs./Quintal
NCT of Delhi,Delhi,APMC Azadpur,Vegetables,Banana - Green,November-2025,35.40,Metric Tonnes,1800.00,Rs./Quintal
NCT of Delhi,Delhi,APMC Azadpur,Vegetables,Beetroot,November-2025,529.80,Metric Tonnes,1500.00,Rs./Quintal
NCT of Delhi,Delhi,APMC Azadpur,Vegetables,Bhindi(Ladies Finger),November-2025,97.30,Metric Tonnes,1200.00,Rs./Quintal
NCT of Delhi,Delhi,APMC Azadpur,Vegetables,Bitter gourd,November-2025,101.60,Metric Tonnes,1950.00,Rs./Quintal
NCT of Delhi,Delhi,APMC Azadpur,Vegetables,Bottle gourd,November-2025,314.50,Metric Tonnes,1000.00,Rs./Quintal
NCT of Delhi,Delhi,APMC Azadpur,Vegetables,Brinjal,November-2025,393.80,Metric Tonnes,1650.00,Rs./Quintal
NCT of Delhi,Delhi,APMC Azadpur,Vegetables,Cabbage,November-2025,743.80,Metric Tonnes,1000.00,Rs./Quintal
NCT of Delhi,Delhi,APMC Azadpur,Vegetables,Capsicum,November-2025,524.70,Metric Tonnes,4000.00,Rs./Quintal
NCT of Delhi,Delhi,APMC Azadpur,Vegetables,Carrot,November-2025,1676.90,Metric Tonnes,2300.00,Rs./Quintal
NCT of Delhi,Delhi,APMC Azadpur,Vegetables,Cauliflower,November-2025,962.40,Metric Tonnes,2025.00,Rs./Quintal
NCT of Delhi,Delhi,APMC Azadpur,Vegetables,Coriander(Leaves),November-2025,300.10,Bundle,1900.00,Rs./Bundle
NCT of Delhi,Delhi,APMC Azadpur,Vegetables,Cucumbar(Kheera),November-2025,1322.30,Metric Tonnes,1950.00,Rs./Quintal
NCT of Delhi,Delhi,APMC Azadpur,Vegetables,Garlic,November-2025,545.80,Metric Tonnes,6000.00,Rs./Quintal
NCT of Delhi,Delhi,APMC Azadpur,Vegetables,Ginger(Green),November-2025,1505.50,Metric Tonnes,3859.72,Rs./Quintal
NCT of Delhi,Delhi,APMC Azadpur,Vegetables,Green Chilli,November-2025,1500.20,Metric Tonnes,1250.00,Rs./Quintal
NCT of Delhi,Delhi,APMC Azadpur,Vegetables,Guar,November-2025,47.90,Metric Tonnes,3850.00,Rs./Quintal
NCT of Delhi,Delhi,APMC Azadpur,Vegetables,Lemon,November-2025,1005.50,Metric Tonnes,1943.74,Rs./Quintal
NCT of Delhi,Delhi,APMC Azadpur,Vegetables,Little gourd(Kundru),November-2025,80.10,Metric Tonnes,1400.00,Rs./Quintal
NCT of Delhi,Delhi,APMC Azadpur,Vegetables,Mango(Raw-Ripe),November-2025,15.20,Metric Tonnes,4500.00,Rs./Quintal
NCT of Delhi,Delhi,APMC Azadpur,Vegetables,Mashrooms,November-2025,174.70,Metric Tonnes,11500.00,Rs./Quintal
NCT of Delhi,Delhi,APMC Azadpur,Vegetables,Methi(Leaves),November-2025,132.90,Metric Tonnes,4000.00,Rs./Quintal
NCT of Delhi,Delhi,APMC Azadpur,Vegetables,Mint(Pudina),November-2025,30.30,Bundle,2000.00,Rs./Bundle
NCT of Delhi,Delhi,APMC Azadpur,Vegetables,Onion,November-2025,7798.30,Metric Tonnes,1064.05,Rs./Quintal
NCT of Delhi,Delhi,APMC Azadpur,Vegetables,Onion Green,November-2025,207.30,Metric Tonnes,2500.00,Rs./Quintal
NCT of Delhi,Delhi,APMC Azadpur,Vegetables,Peas Wet,November-2025,156.50,Metric Tonnes,5500.00,Rs./Quintal
NCT of Delhi,Delhi,APMC Azadpur,Vegetables,Pointed gourd(Parval),November-2025,225.20,Metric Tonnes,2000.00,Rs./Quintal
NCT of Delhi,Delhi,APMC Azadpur,Vegetables,Potato,November-2025,4106.40,Metric Tonnes,1384.44,Rs./Quintal
NCT of Delhi,Delhi,APMC Azadpur,Vegetables,Pumpkin,November-2025,431.60,Metric Tonnes,1300.00,Rs./Quintal
NCT of Delhi,Delhi,APMC Azadpur,Vegetables,Raddish,November-2025,449.80,Metric Tonnes,1140.00,Rs./Quintal
NCT of Delhi,Delhi,APMC Azadpur,Vegetables,Season Leaves,November-2025,40.00,Metric Tonnes,3500.00,Rs./Quintal
NCT of Delhi,Delhi,APMC Azadpur,Vegetables,Sweet Potato,November-2025,626.20,Metric Tonnes,1500.00,Rs./Quintal
NCT of Delhi,Delhi,APMC Azadpur,Vegetables,Sweet Pumpkin,November-2025,28.40,Metric Tonnes,2500.00,Rs./Quintal
NCT of Delhi,Delhi,APMC Azadpur,Vegetables,Tinda,November-2025,46.10,Metric Tonnes,3000.00,Rs./Quintal
NCT of Delhi,Delhi,APMC Azadpur,Vegetables,Tomato,November-2025,3020.60,Metric Tonnes,1855.00,Rs./Quintal
NCT of Delhi,Delhi,APMC Azadpur,Vegetables,Yam(Ratalu),November-2025,15.80,Metric Tonnes,2200.00,Rs./Quintal
NCT of Delhi,Delhi,APMC Azadpur,Vegetables,Banana - Green,December-2025,125.90,Metric Tonnes,2417.00,Rs./Quintal
NCT of Delhi,Delhi,APMC Azadpur,Vegetables,Bhindi(Ladies Finger),December-2025,1106.70,Metric Tonnes,6061.41,Rs./Quintal
NCT of Delhi,Delhi,APMC Azadpur,Vegetables,Bitter gourd,December-2025,592.30,Metric Tonnes,4379.59,Rs./Quintal
NCT of Delhi,Delhi,APMC Azadpur,Vegetables,Bottle gourd,December-2025,2391.80,Metric Tonnes,1946.42,Rs./Quintal
NCT of Delhi,Delhi,APMC Azadpur,Vegetables,Brinjal,December-2025,1282.70,Metric Tonnes,2032.81,Rs./Quintal
NCT of Delhi,Delhi,APMC Azadpur,Vegetables,Cabbage,December-2025,2489.10,Metric Tonnes,993.02,Rs./Quintal
NCT of Delhi,Delhi,APMC Azadpur,Vegetables,Capsicum,December-2025,2975.10,Metric Tonnes,2898.55,Rs./Quintal
NCT of Delhi,Delhi,APMC Azadpur,Vegetables,Carrot,December-2025,11516.40,Metric Tonnes,1598.67,Rs./Quintal
NCT of Delhi,Delhi,APMC Azadpur,Vegetables,Cauliflower,December-2025,5458.00,Metric Tonnes,2159.27,Rs./Quintal
NCT of Delhi,Delhi,APMC Azadpur,Vegetables,Coriander(Leaves),December-2025,1344.70,Bundle,2305.92,Rs./Bundle
NCT of Delhi,Delhi,APMC Azadpur,Vegetables,Cucumbar(Kheera),December-2025,5061.40,Metric Tonnes,1946.79,Rs./Quintal
NCT of Delhi,Delhi,APMC Azadpur,Vegetables,Galgal(Lemon),December-2025,5.20,Metric Tonnes,3000.00,Rs./Quintal
NCT of Delhi,Delhi,APMC Azadpur,Vegetables,Garlic,December-2025,2326.50,Metric Tonnes,6905.97,Rs./Quintal
NCT of Delhi,Delhi,APMC Azadpur,Vegetables,Ginger(Green),December-2025,9993.40,Metric Tonnes,4707.07,Rs./Quintal
NCT of Delhi,Delhi,APMC Azadpur,Vegetables,Green Chilli,December-2025,5587.10,Metric Tonnes,2881.24,Rs./Quintal
NCT of Delhi,Delhi,APMC Azadpur,Vegetables,Guar,December-2025,27.60,Metric Tonnes,7057.61,Rs./Quintal
NCT of Delhi,Delhi,APMC Azadpur,Vegetables,Indian Beans(Seam),December-2025,492.60,Metric Tonnes,1825.09,Rs./Quintal
NCT of Delhi,Delhi,APMC Azadpur,Vegetables,Indian Colza(Sarson),December-2025,186.20,Metric Tonnes,1739.61,Rs./Quintal
NCT of Delhi,Delhi,APMC Azadpur,Vegetables,Little gourd(Kundru),December-2025,73.90,Metric Tonnes,2160.89,Rs./Quintal
NCT of Delhi,Delhi,APMC Azadpur,Vegetables,Lotus Sticks,December-2025,94.20,Metric Tonnes,5643.95,Rs./Quintal
NCT of Delhi,Delhi,APMC Azadpur,Vegetables,Mango(Raw-Ripe),December-2025,37.30,Metric Tonnes,7250.67,Rs./Quintal
NCT of Delhi,Delhi,APMC Azadpur,Vegetables,Mashrooms,December-2025,1339.00,Metric Tonnes,8945.74,Rs./Quintal
NCT of Delhi,Delhi,APMC Azadpur,Vegetables,Methi(Leaves),December-2025,520.40,Metric Tonnes,1814.76,Rs./Quintal
NCT of Delhi,Delhi,APMC Azadpur,Vegetables,Mint(Pudina),December-2025,64.90,Bundle,2432.97,Rs./Bundle
NCT of Delhi,Delhi,APMC Azadpur,Vegetables,Onion,December-2025,24273.70,Metric Tonnes,1497.49,Rs./Quintal
NCT of Delhi,Delhi,APMC Azadpur,Vegetables,Onion Green,December-2025,416.00,Metric Tonnes,1896.41,Rs./Quintal
NCT of Delhi,Delhi,APMC Azadpur,Vegetables,Peas Wet,December-2025,6553.30,Metric Tonnes,3626.81,Rs./Quintal
NCT of Delhi,Delhi,APMC Azadpur,Vegetables,Pointed gourd(Parval),December-2025,171.00,Metric Tonnes,4351.64,Rs./Quintal
NCT of Delhi,Delhi,APMC Azadpur,Vegetables,Potato,December-2025,32882.80,Metric Tonnes,706.11,Rs./Quintal
NCT of Delhi,Delhi,APMC Azadpur,Vegetables,Pumpkin,December-2025,3204.40,Metric Tonnes,1306.37,Rs./Quintal
NCT of Delhi,Delhi,APMC Azadpur,Vegetables,Raddish,December-2025,1397.40,Metric Tonnes,1383.02,Rs./Quintal
NCT of Delhi,Delhi,APMC Azadpur,Vegetables,Round gourd,December-2025,160.10,Metric Tonnes,1700.00,Rs./Quintal
NCT of Delhi,Delhi,APMC Azadpur,Vegetables,Season Leaves,December-2025,27.20,Metric Tonnes,1927.57,Rs./Quintal
NCT of Delhi,Delhi,APMC Azadpur,Vegetables,Spinach,December-2025,1348.40,Metric Tonnes,1329.93,Rs./Quintal
NCT of Delhi,Delhi,APMC Azadpur,Vegetables,Sweet Potato,December-2025,7511.80,Metric Tonnes,1741.55,Rs./Quintal
NCT of Delhi,Delhi,APMC Azadpur,Vegetables,Sweet Pumpkin,December-2025,98.00,Metric Tonnes,1322.55,Rs./Quintal
NCT of Delhi,Delhi,APMC Azadpur,Vegetables,Tinda,December-2025,92.90,Metric Tonnes,2596.88,Rs./Quintal
NCT of Delhi,Delhi,APMC Azadpur,Vegetables,Tomato,December-2025,13240.60,Metric Tonnes,3530.18,Rs./Quintal
NCT of Delhi,Delhi,APMC Azadpur,Vegetables,Turmeric(raw),December-2025,242.00,Metric Tonnes,1789.83,Rs./Quintal
NCT of Delhi,Delhi,APMC Azadpur,Vegetables,Turnip,December-2025,391.80,Metric Tonnes,1129.53,Rs./Quintal
NCT of Delhi,Delhi,APMC Azadpur,Vegetables,Yam(Ratalu),December-2025,8.80,Metric Tonnes,3500.00,Rs./Quintal
NCT of Delhi,Delhi,APMC Azadpur,Vegetables,Banana - Green,January-2026,108.20,Metric Tonnes,2213.77,Rs./Quintal
NCT of Delhi,Delhi,APMC Azadpur,Vegetables,Beetroot,January-2026,101.80,Metric Tonnes,1100.00,Rs./Quintal
NCT of Delhi,Delhi,APMC Azadpur,Vegetables,Bhindi(Ladies Finger),January-2026,1742.20,Metric Tonnes,5580.04,Rs./Quintal
NCT of Delhi,Delhi,APMC Azadpur,Vegetables,Bitter gourd,January-2026,810.50,Metric Tonnes,4857.30,Rs./Quintal
NCT of Delhi,Delhi,APMC Azadpur,Vegetables,Bottle gourd,January-2026,2147.90,Metric Tonnes,1320.87,Rs./Quintal
NCT of Delhi,Delhi,APMC Azadpur,Vegetables,Brinjal,January-2026,2279.30,Metric Tonnes,1901.65,Rs./Quintal
NCT of Delhi,Delhi,APMC Azadpur,Vegetables,Cabbage,January-2026,2497.70,Metric Tonnes,880.12,Rs./Quintal
NCT of Delhi,Delhi,APMC Azadpur,Vegetables,Capsicum,January-2026,2743.40,Metric Tonnes,1805.67,Rs./Quintal
NCT of Delhi,Delhi,APMC Azadpur,Vegetables,Carrot,January-2026,10205.00,Metric Tonnes,1066.73,Rs./Quintal
NCT of Delhi,Delhi,APMC Azadpur,Vegetables,Cauliflower,January-2026,3227.70,Metric Tonnes,1108.90,Rs./Quintal
NCT of Delhi,Delhi,APMC Azadpur,Vegetables,Coriander(Leaves),January-2026,1650.00,Bundle,2038.26,Rs./Bundle
NCT of Delhi,Delhi,APMC Azadpur,Vegetables,Cucumbar(Kheera),January-2026,6377.80,Metric Tonnes,2508.90,Rs./Quintal
NCT of Delhi,Delhi,APMC Azadpur,Vegetables,Garlic,January-2026,3577.00,Metric Tonnes,8102.87,Rs./Quintal
NCT of Delhi,Delhi,APMC Azadpur,Vegetables,Ginger(Green),January-2026,9301.70,Metric Tonnes,4978.46,Rs./Quintal
NCT of Delhi,Delhi,APMC Azadpur,Vegetables,Green Chilli,January-2026,8060.40,Metric Tonnes,4435.39,Rs./Quintal
NCT of Delhi,Delhi,APMC Azadpur,Vegetables,Guar,January-2026,147.90,Metric Tonnes,4627.89,Rs./Quintal
NCT of Delhi,Delhi,APMC Azadpur,Vegetables,Indian Beans(Seam),January-2026,652.00,Metric Tonnes,2666.75,Rs./Quintal
NCT of Delhi,Delhi,APMC Azadpur,Vegetables,Indian Colza(Sarson),January-2026,220.80,Metric Tonnes,1460.42,Rs./Quintal
NCT of Delhi,Delhi,APMC Azadpur,Vegetables,Little gourd(Kundru),January-2026,2.60,Metric Tonnes,2492.31,Rs./Quintal
NCT of Delhi,Delhi,APMC Azadpur,Vegetables,Lotus Sticks,January-2026,133.40,Metric Tonnes,5256.67,Rs./Quintal
NCT of Delhi,Delhi,APMC Azadpur,Vegetables,Mango(Raw-Ripe),January-2026,61.20,Metric Tonnes,8512.34,Rs./Quintal
NCT of Delhi,Delhi,APMC Azadpur,Vegetables,Mashrooms,January-2026,1590.70,Metric Tonnes,9349.41,Rs./Quintal
NCT of Delhi,Delhi,APMC Azadpur,Vegetables,Methi(Leaves),January-2026,524.20,Metric Tonnes,1279.77,Rs./Quintal
NCT of Delhi,Delhi,APMC Azadpur,Vegetables,Mint(Pudina),January-2026,108.20,Bundle,2302.40,Rs./Bundle
NCT of Delhi,Delhi,APMC Azadpur,Vegetables,Onion,January-2026,25482.90,Metric Tonnes,1491.68,Rs./Quintal
NCT of Delhi,Delhi,APMC Azadpur,Vegetables,Onion Green,January-2026,382.10,Metric Tonnes,2094.20,Rs./Quintal
NCT of Delhi,Delhi,APMC Azadpur,Vegetables,Peas Wet,January-2026,12135.70,Metric Tonnes,2035.15,Rs./Quintal
NCT of Delhi,Delhi,APMC Azadpur,Vegetables,Potato,January-2026,33001.60,Metric Tonnes,640.77,Rs./Quintal
NCT of Delhi,Delhi,APMC Azadpur,Vegetables,Pumpkin,January-2026,3167.90,Metric Tonnes,1432.39,Rs./Quintal
NCT of Delhi,Delhi,APMC Azadpur,Vegetables,Raddish,January-2026,1344.50,Metric Tonnes,897.13,Rs./Quintal
NCT of Delhi,Delhi,APMC Azadpur,Vegetables,Season Leaves,January-2026,5.30,Metric Tonnes,1500.00,Rs./Quintal
NCT of Delhi,Delhi,APMC Azadpur,Vegetables,Spinach,January-2026,1431.90,Metric Tonnes,851.24,Rs./Quintal
NCT of Delhi,Delhi,APMC Azadpur,Vegetables,Sweet Potato,January-2026,6275.40,Metric Tonnes,1625.21,Rs./Quintal
NCT of Delhi,Delhi,APMC Azadpur,Vegetables,Sweet Pumpkin,January-2026,37.60,Metric Tonnes,1254.79,Rs./Quintal
NCT of Delhi,Delhi,APMC Azadpur,Vegetables,Tinda,January-2026,146.40,Metric Tonnes,2351.50,Rs./Quintal
NCT of Delhi,Delhi,APMC Azadpur,Vegetables,Tomato,January-2026,13368.30,Metric Tonnes,2706.84,Rs./Quintal
NCT of Delhi,Delhi,APMC Azadpur,Vegetables,Turmeric(raw),January-2026,227.90,Metric Tonnes,1278.83,Rs./Quintal
NCT of Delhi,Delhi,APMC Azadpur,Vegetables,Turnip,January-2026,279.50,Metric Tonnes,1063.75,Rs./Quintal
NCT of Delhi,Delhi,APMC Azadpur,Vegetables,Yam(Ratalu),January-2026,60.20,Metric Tonnes,3462.79,Rs./Quintal
NCT of Delhi,Delhi,APMC Azadpur,Vegetables,Banana - Green,February-2026,200.00,Metric Tonnes,2284.85,Rs./Quintal
NCT of Delhi,Delhi,APMC Azadpur,Vegetables,Beetroot,February-2026,1660.80,Metric Tonnes,1294.52,Rs./Quintal
NCT of Delhi,Delhi,APMC Azadpur,Vegetables,Bhindi(Ladies Finger),February-2026,3821.80,Metric Tonnes,4820.43,Rs./Quintal
NCT of Delhi,Delhi,APMC Azadpur,Vegetables,Bitter gourd,February-2026,910.20,Metric Tonnes,4948.69,Rs./Quintal
NCT of Delhi,Delhi,APMC Azadpur,Vegetables,Bottle gourd,February-2026,2874.00,Metric Tonnes,1251.26,Rs./Quintal
NCT of Delhi,Delhi,APMC Azadpur,Vegetables,Brinjal,February-2026,2156.60,Metric Tonnes,1900.00,Rs./Quintal
NCT of Delhi,Delhi,APMC Azadpur,Vegetables,Cabbage,February-2026,2360.20,Metric Tonnes,889.23,Rs./Quintal
NCT of Delhi,Delhi,APMC Azadpur,Vegetables,Capsicum,February-2026,2775.90,Metric Tonnes,2567.09,Rs./Quintal
NCT of Delhi,Delhi,APMC Azadpur,Vegetables,Carrot,February-2026,9206.30,Metric Tonnes,1174.40,Rs./Quintal
NCT of Delhi,Delhi,APMC Azadpur,Vegetables,Cauliflower,February-2026,4033.90,Metric Tonnes,1054.85,Rs./Quintal
NCT of Delhi,Delhi,APMC Azadpur,Vegetables,Coriander(Leaves),February-2026,1571.58,Bundle,1840.89,Rs./Bundle
NCT of Delhi,Delhi,APMC Azadpur,Vegetables,Cucumbar(Kheera),February-2026,8431.70,Metric Tonnes,2300.26,Rs./Quintal
NCT of Delhi,Delhi,APMC Azadpur,Vegetables,Garlic,February-2026,5911.10,Metric Tonnes,7426.17,Rs./Quintal
NCT of Delhi,Delhi,APMC Azadpur,Vegetables,Ginger(Green),February-2026,8492.40,Metric Tonnes,5214.19,Rs./Quintal
NCT of Delhi,Delhi,APMC Azadpur,Vegetables,Green Chilli,February-2026,9536.80,Metric Tonnes,5093.02,Rs./Quintal
NCT of Delhi,Delhi,APMC Azadpur,Vegetables,Guar,February-2026,170.20,Metric Tonnes,4626.26,Rs./Quintal
NCT of Delhi,Delhi,APMC Azadpur,Vegetables,Indian Beans(Seam),February-2026,684.40,Metric Tonnes,1800.00,Rs./Quintal
NCT of Delhi,Delhi,APMC Azadpur,Vegetables,Indian Colza(Sarson),February-2026,167.00,Metric Tonnes,1769.34,Rs./Quintal
NCT of Delhi,Delhi,APMC Azadpur,Vegetables,Lemon,February-2026,3764.80,Metric Tonnes,2706.60,Rs./Quintal
NCT of Delhi,Delhi,APMC Azadpur,Vegetables,Little gourd(Kundru),February-2026,18.70,Metric Tonnes,2750.27,Rs./Quintal
NCT of Delhi,Delhi,APMC Azadpur,Vegetables,Lotus Sticks,February-2026,139.10,Metric Tonnes,4466.75,Rs./Quintal
NCT of Delhi,Delhi,APMC Azadpur,Vegetables,Mango(Raw-Ripe),February-2026,99.90,Metric Tonnes,7232.43,Rs./Quintal
NCT of Delhi,Delhi,APMC Azadpur,Vegetables,Mashrooms,February-2026,1465.20,Metric Tonnes,9964.41,Rs./Quintal
NCT of Delhi,Delhi,APMC Azadpur,Vegetables,Methi(Leaves),February-2026,352.40,Metric Tonnes,1277.50,Rs./Quintal
NCT of Delhi,Delhi,APMC Azadpur,Vegetables,Mint(Pudina),February-2026,167.30,Bundle,2315.09,Rs./Bundle
NCT of Delhi,Delhi,APMC Azadpur,Vegetables,Onion,February-2026,21930.50,Metric Tonnes,1360.77,Rs./Quintal
NCT of Delhi,Delhi,APMC Azadpur,Vegetables,Onion Green,February-2026,337.90,Metric Tonnes,2178.69,Rs./Quintal
NCT of Delhi,Delhi,APMC Azadpur,Vegetables,Peas Wet,February-2026,9237.40,Metric Tonnes,1957.55,Rs./Quintal
NCT of Delhi,Delhi,APMC Azadpur,Vegetables,Potato,February-2026,31933.50,Metric Tonnes,545.22,Rs./Quintal
NCT of Delhi,Delhi,APMC Azadpur,Vegetables,Pumpkin,February-2026,2865.40,Metric Tonnes,1514.28,Rs./Quintal
NCT of Delhi,Delhi,APMC Azadpur,Vegetables,Raddish,February-2026,1575.50,Metric Tonnes,1135.49,Rs./Quintal
NCT of Delhi,Delhi,APMC Azadpur,Vegetables,Spinach,February-2026,1142.40,Metric Tonnes,1469.58,Rs./Quintal
NCT of Delhi,Delhi,APMC Azadpur,Vegetables,Sweet Potato,February-2026,2259.10,Metric Tonnes,1606.93,Rs./Quintal
NCT of Delhi,Delhi,APMC Azadpur,Vegetables,Sweet Pumpkin,February-2026,186.30,Metric Tonnes,1320.45,Rs./Quintal
NCT of Delhi,Delhi,APMC Azadpur,Vegetables,Tinda,February-2026,216.20,Metric Tonnes,2581.48,Rs./Quintal
NCT of Delhi,Delhi,APMC Azadpur,Vegetables,Tomato,February-2026,15086.20,Metric Tonnes,1311.71,Rs./Quintal
NCT of Delhi,Delhi,APMC Azadpur,Vegetables,Turmeric(raw),February-2026,163.30,Metric Tonnes,1266.26,Rs./Quintal
NCT of Delhi,Delhi,APMC Azadpur,Vegetables,Turnip,February-2026,212.50,Metric Tonnes,1149.13,Rs./Quintal
NCT of Delhi,Delhi,APMC Azadpur,Vegetables,Yam(Ratalu),February-2026,30.90,Metric Tonnes,4272.49,Rs./Quintal
NCT of Delhi,Delhi,APMC Azadpur,Vegetables,Banana - Green,March-2026,204.50,Metric Tonnes,2535.94,Rs./Quintal
NCT of Delhi,Delhi,APMC Azadpur,Vegetables,Beetroot,March-2026,1072.40,Metric Tonnes,921.31,Rs./Quintal
NCT of Delhi,Delhi,APMC Azadpur,Vegetables,Bhindi(Ladies Finger),March-2026,4462.80,Metric Tonnes,3664.74,Rs./Quintal
NCT of Delhi,Delhi,APMC Azadpur,Vegetables,Bitter gourd,March-2026,788.30,Metric Tonnes,4814.18,Rs./Quintal
NCT of Delhi,Delhi,APMC Azadpur,Vegetables,Bottle gourd,March-2026,3089.50,Metric Tonnes,1327.06,Rs./Quintal
NCT of Delhi,Delhi,APMC Azadpur,Vegetables,Brinjal,March-2026,1231.90,Metric Tonnes,1800.00,Rs./Quintal
NCT of Delhi,Delhi,APMC Azadpur,Vegetables,Cabbage,March-2026,1735.60,Metric Tonnes,500.00,Rs./Quintal
NCT of Delhi,Delhi,APMC Azadpur,Vegetables,Capsicum,March-2026,1433.40,Metric Tonnes,2262.59,Rs./Quintal
NCT of Delhi,Delhi,APMC Azadpur,Vegetables,Carrot,March-2026,3219.80,Metric Tonnes,1111.90,Rs./Quintal
NCT of Delhi,Delhi,APMC Azadpur,Vegetables,Cauliflower,March-2026,2319.40,Metric Tonnes,1235.30,Rs./Quintal
NCT of Delhi,Delhi,APMC Azadpur,Vegetables,Coriander(Leaves),March-2026,1303.60,Bundle,1000.00,Rs./Bundle
NCT of Delhi,Delhi,APMC Azadpur,Vegetables,Cucumbar(Kheera),March-2026,7962.70,Metric Tonnes,1727.17,Rs./Quintal
NCT of Delhi,Delhi,APMC Azadpur,Vegetables,Garlic,March-2026,3433.60,Metric Tonnes,6737.41,Rs./Quintal
NCT of Delhi,Delhi,APMC Azadpur,Vegetables,Ginger(Green),March-2026,4244.30,Metric Tonnes,4257.55,Rs./Quintal
NCT of Delhi,Delhi,APMC Azadpur,Vegetables,Green Chilli,March-2026,7782.20,Metric Tonnes,4960.52,Rs./Quintal
NCT of Delhi,Delhi,APMC Azadpur,Vegetables,Guar,March-2026,265.30,Metric Tonnes,3699.19,Rs./Quintal
NCT of Delhi,Delhi,APMC Azadpur,Vegetables,Indian Beans(Seam),March-2026,182.90,Metric Tonnes,2534.77,Rs./Quintal
NCT of Delhi,Delhi,APMC Azadpur,Vegetables,Indian Colza(Sarson),March-2026,13.90,Metric Tonnes,1280.94,Rs./Quintal
NCT of Delhi,Delhi,APMC Azadpur,Vegetables,Lemon,March-2026,3555.80,Metric Tonnes,5229.40,Rs./Quintal
NCT of Delhi,Delhi,APMC Azadpur,Vegetables,Little gourd(Kundru),March-2026,201.10,Metric Tonnes,3463.90,Rs./Quintal
NCT of Delhi,Delhi,APMC Azadpur,Vegetables,Long Melon(Kakri),March-2026,16.80,Metric Tonnes,2814.29,Rs./Quintal
NCT of Delhi,Delhi,APMC Azadpur,Vegetables,Lotus Sticks,March-2026,86.10,Metric Tonnes,3356.10,Rs./Quintal
NCT of Delhi,Delhi,APMC Azadpur,Vegetables,Mango(Raw-Ripe),March-2026,185.80,Metric Tonnes,6747.95,Rs./Quintal
NCT of Delhi,Delhi,APMC Azadpur,Vegetables,Mashrooms,March-2026,514.20,Metric Tonnes,10789.87,Rs./Quintal
NCT of Delhi,Delhi,APMC Azadpur,Vegetables,Methi(Leaves),March-2026,105.30,Metric Tonnes,1338.08,Rs./Quintal
NCT of Delhi,Delhi,APMC Azadpur,Vegetables,Mint(Pudina),March-2026,127.00,Bundle,2146.54,Rs./Bundle
NCT of Delhi,Delhi,APMC Azadpur,Vegetables,Onion,March-2026,16182.90,Metric Tonnes,1295.77,Rs./Quintal
NCT of Delhi,Delhi,APMC Azadpur,Vegetables,Onion Green,March-2026,85.20,Metric Tonnes,1755.28,Rs./Quintal
NCT of Delhi,Delhi,APMC Azadpur,Vegetables,Pea Pod/Pea Cod/हरी मटर,March-2026,650.30,Metric Tonnes,1757.87,Rs./Quintal
NCT of Delhi,Delhi,APMC Azadpur,Vegetables,Peas Wet,March-2026,4340.90,Metric Tonnes,1698.20,Rs./Quintal
NCT of Delhi,Delhi,APMC Azadpur,Vegetables,Pointed gourd(Parval),March-2026,337.60,Metric Tonnes,4308.15,Rs./Quintal
NCT of Delhi,Delhi,APMC Azadpur,Vegetables,Potato,March-2026,26255.20,Metric Tonnes,415.27,Rs./Quintal
NCT of Delhi,Delhi,APMC Azadpur,Vegetables,Pumpkin,March-2026,2771.80,Metric Tonnes,1424.58,Rs./Quintal
NCT of Delhi,Delhi,APMC Azadpur,Vegetables,Raddish,March-2026,899.10,Metric Tonnes,1000.48,Rs./Quintal
NCT of Delhi,Delhi,APMC Azadpur,Vegetables,Sweet Potato,March-2026,685.30,Metric Tonnes,2009.02,Rs./Quintal
NCT of Delhi,Delhi,APMC Azadpur,Vegetables,Sweet Pumpkin,March-2026,104.40,Metric Tonnes,1377.78,Rs./Quintal
NCT of Delhi,Delhi,APMC Azadpur,Vegetables,Tinda,March-2026,352.70,Metric Tonnes,2516.52,Rs./Quintal
NCT of Delhi,Delhi,APMC Azadpur,Vegetables,Tomato,March-2026,13042.10,Metric Tonnes,1421.72,Rs./Quintal
NCT of Delhi,Delhi,APMC Azadpur,Vegetables,Turmeric(raw),March-2026,84.00,Metric Tonnes,1435.48,Rs./Quintal
NCT of Delhi,Delhi,APMC Azadpur,Vegetables,Turnip,March-2026,30.80,Metric Tonnes,1000.00,Rs./Quintal
NCT of Delhi,Delhi,APMC Azadpur,Vegetables,Banana - Green,April-2026,113.60,Metric Tonnes,3011.09,Rs./Quintal
NCT of Delhi,Delhi,APMC Azadpur,Vegetables,Beetroot,April-2026,992.40,Metric Tonnes,728.46,Rs./Quintal
NCT of Delhi,Delhi,APMC Azadpur,Vegetables,Bhindi(Ladies Finger),April-2026,5134.10,Metric Tonnes,2979.96,Rs./Quintal
NCT of Delhi,Delhi,APMC Azadpur,Vegetables,Bitter gourd,April-2026,1505.80,Metric Tonnes,2776.78,Rs./Quintal
NCT of Delhi,Delhi,APMC Azadpur,Vegetables,Bottle gourd,April-2026,2700.50,Metric Tonnes,1326.35,Rs./Quintal
NCT of Delhi,Delhi,APMC Azadpur,Vegetables,Brinjal,April-2026,1503.50,Metric Tonnes,1895.59,Rs./Quintal
NCT of Delhi,Delhi,APMC Azadpur,Vegetables,Cabbage,April-2026,2192.10,Metric Tonnes,496.19,Rs./Quintal
NCT of Delhi,Delhi,APMC Azadpur,Vegetables,Capsicum,April-2026,1402.60,Metric Tonnes,2367.69,Rs./Quintal
NCT of Delhi,Delhi,APMC Azadpur,Vegetables,Carrot,April-2026,1752.50,Metric Tonnes,1372.60,Rs./Quintal
NCT of Delhi,Delhi,APMC Azadpur,Vegetables,Cauliflower,April-2026,2271.50,Metric Tonnes,2546.17,Rs./Quintal
NCT of Delhi,Delhi,APMC Azadpur,Vegetables,Coriander(Leaves),April-2026,1601.90,Bundle,1670.62,Rs./Bundle
NCT of Delhi,Delhi,APMC Azadpur,Vegetables,Cucumbar(Kheera),April-2026,9930.80,Metric Tonnes,1524.91,Rs./Quintal
NCT of Delhi,Delhi,APMC Azadpur,Vegetables,Garlic,April-2026,3579.10,Metric Tonnes,6925.49,Rs./Quintal
NCT of Delhi,Delhi,APMC Azadpur,Vegetables,Ginger(Green),April-2026,4779.10,Metric Tonnes,5188.46,Rs./Quintal
NCT of Delhi,Delhi,APMC Azadpur,Vegetables,Green Chilli,April-2026,4636.10,Metric Tonnes,3244.36,Rs./Quintal
NCT of Delhi,Delhi,APMC Azadpur,Vegetables,Guar,April-2026,376.00,Metric Tonnes,3211.57,Rs./Quintal
NCT of Delhi,Delhi,APMC Azadpur,Vegetables,Indian Beans(Seam),April-2026,492.20,Metric Tonnes,2636.08,Rs./Quintal
NCT of Delhi,Delhi,APMC Azadpur,Vegetables,Indian Colza(Sarson),April-2026,1.40,Metric Tonnes,1514.29,Rs./Quintal
NCT of Delhi,Delhi,APMC Azadpur,Vegetables,Lemon,April-2026,5476.00,Metric Tonnes,7772.82,Rs./Quintal
NCT of Delhi,Delhi,APMC Azadpur,Vegetables,Little gourd(Kundru),April-2026,912.60,Metric Tonnes,2960.69,Rs./Quintal
NCT of Delhi,Delhi,APMC Azadpur,Vegetables,Long Melon(Kakri),April-2026,80.10,Metric Tonnes,1703.12,Rs./Quintal
NCT of Delhi,Delhi,APMC Azadpur,Vegetables,Lotus Sticks,April-2026,89.80,Metric Tonnes,3934.97,Rs./Quintal
NCT of Delhi,Delhi,APMC Azadpur,Vegetables,Mango(Raw-Ripe),April-2026,1031.60,Metric Tonnes,4909.75,Rs./Quintal
NCT of Delhi,Delhi,APMC Azadpur,Vegetables,Mashrooms,April-2026,593.50,Metric Tonnes,11324.01,Rs./Quintal
NCT of Delhi,Delhi,APMC Azadpur,Vegetables,Methi(Leaves),April-2026,39.00,Metric Tonnes,1952.56,Rs./Quintal
NCT of Delhi,Delhi,APMC Azadpur,Vegetables,Mint(Pudina),April-2026,175.70,Bundle,2458.14,Rs./Bundle
NCT of Delhi,Delhi,APMC Azadpur,Vegetables,Onion,April-2026,21925.90,Metric Tonnes,1181.28,Rs./Quintal
NCT of Delhi,Delhi,APMC Azadpur,Vegetables,Onion Green,April-2026,64.60,Metric Tonnes,2526.32,Rs./Quintal
NCT of Delhi,Delhi,APMC Azadpur,Vegetables,Pea Pod/Pea Cod/हरी मटर,April-2026,216.80,Metric Tonnes,6037.04,Rs./Quintal
NCT of Delhi,Delhi,APMC Azadpur,Vegetables,Peas Wet,April-2026,1555.00,Metric Tonnes,2906.86,Rs./Quintal
NCT of Delhi,Delhi,APMC Azadpur,Vegetables,Pointed gourd(Parval),April-2026,1575.00,Metric Tonnes,3870.79,Rs./Quintal
NCT of Delhi,Delhi,APMC Azadpur,Vegetables,Potato,April-2026,22954.60,Metric Tonnes,513.39,Rs./Quintal
NCT of Delhi,Delhi,APMC Azadpur,Vegetables,Pumpkin,April-2026,2280.00,Metric Tonnes,1425.78,Rs./Quintal
NCT of Delhi,Delhi,APMC Azadpur,Vegetables,Raddish,April-2026,719.60,Metric Tonnes,853.78,Rs./Quintal
NCT of Delhi,Delhi,APMC Azadpur,Vegetables,Spinach,April-2026,956.80,Metric Tonnes,814.10,Rs./Quintal
NCT of Delhi,Delhi,APMC Azadpur,Vegetables,Sweet Potato,April-2026,404.40,Metric Tonnes,1750.00,Rs./Quintal
NCT of Delhi,Delhi,APMC Azadpur,Vegetables,Sweet Pumpkin,April-2026,162.30,Metric Tonnes,1252.56,Rs./Quintal
NCT of Delhi,Delhi,APMC Azadpur,Vegetables,Tinda,April-2026,717.70,Metric Tonnes,3158.87,Rs./Quintal
NCT of Delhi,Delhi,APMC Azadpur,Vegetables,Tomato,April-2026,14942.20,Metric Tonnes,1498.77,Rs./Quintal
NCT of Delhi,Delhi,APMC Azadpur,Vegetables,Turmeric(raw),April-2026,65.80,Metric Tonnes,1951.98,Rs./Quintal
NCT of Delhi,Delhi,APMC Azadpur,Vegetables,Turnip,April-2026,0.70,Metric Tonnes,1000.00,Rs./Quintal
NCT of Delhi,Delhi,APMC Azadpur,Vegetables,Banana - Green,May-2026,99.50,Metric Tonnes,3086.03,Rs./Quintal
NCT of Delhi,Delhi,APMC Azadpur,Vegetables,Beetroot,May-2026,903.70,Metric Tonnes,604.06,Rs./Quintal
NCT of Delhi,Delhi,APMC Azadpur,Vegetables,Bhindi(Ladies Finger),May-2026,1603.00,Metric Tonnes,1777.92,Rs./Quintal
NCT of Delhi,Delhi,APMC Azadpur,Vegetables,Bitter gourd,May-2026,1264.60,Metric Tonnes,1113.72,Rs./Quintal
NCT of Delhi,Delhi,APMC Azadpur,Vegetables,Bottle gourd,May-2026,1717.80,Metric Tonnes,1286.74,Rs./Quintal
NCT of Delhi,Delhi,APMC Azadpur,Vegetables,Brinjal,May-2026,1432.40,Metric Tonnes,1602.02,Rs./Quintal
NCT of Delhi,Delhi,APMC Azadpur,Vegetables,Cabbage,May-2026,2114.50,Metric Tonnes,480.00,Rs./Quintal
NCT of Delhi,Delhi,APMC Azadpur,Vegetables,Capsicum,May-2026,1463.40,Metric Tonnes,1451.52,Rs./Quintal
NCT of Delhi,Delhi,APMC Azadpur,Vegetables,Carrot,May-2026,1246.70,Metric Tonnes,1386.87,Rs./Quintal
NCT of Delhi,Delhi,APMC Azadpur,Vegetables,Cauliflower,May-2026,2436.70,Metric Tonnes,3348.67,Rs./Quintal
NCT of Delhi,Delhi,APMC Azadpur,Vegetables,Coriander(Leaves),May-2026,1759.20,Bundle,2249.01,Rs./Bundle
NCT of Delhi,Delhi,APMC Azadpur,Vegetables,Cucumbar(Kheera),May-2026,8848.70,Metric Tonnes,1112.08,Rs./Quintal
NCT of Delhi,Delhi,APMC Azadpur,Vegetables,Garlic,May-2026,3094.80,Metric Tonnes,6848.88,Rs./Quintal
NCT of Delhi,Delhi,APMC Azadpur,Vegetables,Ginger(Green),May-2026,5151.40,Metric Tonnes,7373.37,Rs./Quintal
NCT of Delhi,Delhi,APMC Azadpur,Vegetables,Green Chilli,May-2026,4465.90,Metric Tonnes,2297.31,Rs./Quintal
NCT of Delhi,Delhi,APMC Azadpur,Vegetables,Guar,May-2026,887.10,Metric Tonnes,1206.44,Rs./Quintal
NCT of Delhi,Delhi,APMC Azadpur,Vegetables,Indian Beans(Seam),May-2026,21.30,Metric Tonnes,1975.12,Rs./Quintal
NCT of Delhi,Delhi,APMC Azadpur,Vegetables,Indian Colza(Sarson),May-2026,0.70,Metric Tonnes,1800.00,Rs./Quintal
NCT of Delhi,Delhi,APMC Azadpur,Vegetables,Lemon,May-2026,7744.50,Metric Tonnes,4202.86,Rs./Quintal
NCT of Delhi,Delhi,APMC Azadpur,Vegetables,Little gourd(Kundru),May-2026,1366.10,Metric Tonnes,1775.34,Rs./Quintal
NCT of Delhi,Delhi,APMC Azadpur,Vegetables,Long Melon(Kakri),May-2026,125.70,Metric Tonnes,1350.84,Rs./Quintal
NCT of Delhi,Delhi,APMC Azadpur,Vegetables,Lotus Sticks,May-2026,118.30,Metric Tonnes,3482.59,Rs./Quintal
NCT of Delhi,Delhi,APMC Azadpur,Vegetables,Mango(Raw-Ripe),May-2026,2026.50,Metric Tonnes,1856.71,Rs./Quintal
NCT of Delhi,Delhi,APMC Azadpur,Vegetables,Mashrooms,May-2026,783.20,Metric Tonnes,10561.35,Rs./Quintal
NCT of Delhi,Delhi,APMC Azadpur,Vegetables,Methi(Leaves),May-2026,10.10,Metric Tonnes,3449.50,Rs./Quintal
NCT of Delhi,Delhi,APMC Azadpur,Vegetables,Mint(Pudina),May-2026,183.60,Bundle,2707.65,Rs./Bundle
NCT of Delhi,Delhi,APMC Azadpur,Vegetables,Onion,May-2026,22111.40,Metric Tonnes,1091.04,Rs./Quintal
NCT of Delhi,Delhi,APMC Azadpur,Vegetables,Onion Green,May-2026,95.20,Metric Tonnes,2424.89,Rs./Quintal
NCT of Delhi,Delhi,APMC Azadpur,Vegetables,Pea Pod/Pea Cod/हरी मटर,May-2026,155.20,Metric Tonnes,4501.51,Rs./Quintal
NCT of Delhi,Delhi,APMC Azadpur,Vegetables,Peas Wet,May-2026,1398.00,Metric Tonnes,4408.68,Rs./Quintal
NCT of Delhi,Delhi,APMC Azadpur,Vegetables,Pointed gourd(Parval),May-2026,1651.40,Metric Tonnes,2311.16,Rs./Quintal
NCT of Delhi,Delhi,APMC Azadpur,Vegetables,Potato,May-2026,22727.60,Metric Tonnes,640.41,Rs./Quintal
NCT of Delhi,Delhi,APMC Azadpur,Vegetables,Pumpkin,May-2026,1356.00,Metric Tonnes,1043.13,Rs./Quintal
NCT of Delhi,Delhi,APMC Azadpur,Vegetables,Raddish,May-2026,556.40,Metric Tonnes,947.74,Rs./Quintal
NCT of Delhi,Delhi,APMC Azadpur,Vegetables,Spinach,May-2026,780.30,Metric Tonnes,974.88,Rs./Quintal
NCT of Delhi,Delhi,APMC Azadpur,Vegetables,Sweet Potato,May-2026,343.80,Metric Tonnes,2677.28,Rs./Quintal
NCT of Delhi,Delhi,APMC Azadpur,Vegetables,Sweet Pumpkin,May-2026,79.00,Metric Tonnes,1170.38,Rs./Quintal
NCT of Delhi,Delhi,APMC Azadpur,Vegetables,Tinda,May-2026,685.60,Metric Tonnes,2693.60,Rs./Quintal
NCT of Delhi,Delhi,APMC Azadpur,Vegetables,Tomato,May-2026,11338.40,Metric Tonnes,1118.63,Rs./Quintal
NCT of Delhi,Delhi,APMC Azadpur,Vegetables,Turmeric(raw),May-2026,52.10,Metric Tonnes,1962.57,Rs./Quintal
NCT of Delhi,Delhi,APMC Azadpur,Vegetables,Banana - Green,June-2026,168.60,Metric Tonnes,2873.19,Rs./Quintal
NCT of Delhi,Delhi,APMC Azadpur,Vegetables,Beetroot,June-2026,1874.80,Metric Tonnes,738.45,Rs./Quintal
NCT of Delhi,Delhi,APMC Azadpur,Vegetables,Bhindi(Ladies Finger),June-2026,1628.40,Metric Tonnes,2103.56,Rs./Quintal
NCT of Delhi,Delhi,APMC Azadpur,Vegetables,Bitter gourd,June-2026,1145.30,Metric Tonnes,1262.89,Rs./Quintal
NCT of Delhi,Delhi,APMC Azadpur,Vegetables,Bottle gourd,June-2026,1954.80,Metric Tonnes,1138.04,Rs./Quintal
NCT of Delhi,Delhi,APMC Azadpur,Vegetables,Brinjal,June-2026,1744.00,Metric Tonnes,1556.78,Rs./Quintal
NCT of Delhi,Delhi,APMC Azadpur,Vegetables,Cabbage,June-2026,2777.70,Metric Tonnes,584.53,Rs./Quintal
NCT of Delhi,Delhi,APMC Azadpur,Vegetables,Capsicum,June-2026,1335.90,Metric Tonnes,2982.33,Rs./Quintal
NCT of Delhi,Delhi,APMC Azadpur,Vegetables,Carrot,June-2026,1449.30,Metric Tonnes,1721.64,Rs./Quintal
NCT of Delhi,Delhi,APMC Azadpur,Vegetables,Cauliflower,June-2026,2555.30,Metric Tonnes,2297.01,Rs./Quintal
NCT of Delhi,Delhi,APMC Azadpur,Vegetables,Coriander(Leaves),June-2026,1956.70,Bundle,2278.52,Rs./Bundle
NCT of Delhi,Delhi,APMC Azadpur,Vegetables,Cucumbar(Kheera),June-2026,8388.70,Metric Tonnes,1235.65,Rs./Quintal
NCT of Delhi,Delhi,APMC Azadpur,Vegetables,Garlic,June-2026,3279.30,Metric Tonnes,7244.72,Rs./Quintal
NCT of Delhi,Delhi,APMC Azadpur,Vegetables,Ginger(Green),June-2026,4206.20,Metric Tonnes,10375.41,Rs./Quintal
NCT of Delhi,Delhi,APMC Azadpur,Vegetables,Green Chilli,June-2026,5266.10,Metric Tonnes,1918.50,Rs./Quintal
NCT of Delhi,Delhi,APMC Azadpur,Vegetables,Guar,June-2026,770.20,Metric Tonnes,896.62,Rs./Quintal
NCT of Delhi,Delhi,APMC Azadpur,Vegetables,Indian Beans(Seam),June-2026,1.00,Metric Tonnes,2040.00,Rs./Quintal
NCT of Delhi,Delhi,APMC Azadpur,Vegetables,Indian Colza(Sarson),June-2026,0.60,Metric Tonnes,2000.00,Rs./Quintal
NCT of Delhi,Delhi,APMC Azadpur,Vegetables,Lemon,June-2026,6911.50,Metric Tonnes,3022.45,Rs./Quintal
NCT of Delhi,Delhi,APMC Azadpur,Vegetables,Little gourd(Kundru),June-2026,1721.90,Metric Tonnes,1544.42,Rs./Quintal
NCT of Delhi,Delhi,APMC Azadpur,Vegetables,Long Melon(Kakri),June-2026,16.90,Metric Tonnes,1973.37,Rs./Quintal
NCT of Delhi,Delhi,APMC Azadpur,Vegetables,Lotus Sticks,June-2026,173.30,Metric Tonnes,3830.58,Rs./Quintal
NCT of Delhi,Delhi,APMC Azadpur,Vegetables,Mango(Raw-Ripe),June-2026,2111.50,Metric Tonnes,1276.65,Rs./Quintal
NCT of Delhi,Delhi,APMC Azadpur,Vegetables,Mashrooms,June-2026,533.40,Metric Tonnes,9350.49,Rs./Quintal
NCT of Delhi,Delhi,APMC Azadpur,Vegetables,Methi(Leaves),June-2026,2.80,Metric Tonnes,3178.57,Rs./Quintal
NCT of Delhi,Delhi,APMC Azadpur,Vegetables,Mint(Pudina),June-2026,321.40,Bundle,1937.62,Rs./Bundle
NCT of Delhi,Delhi,APMC Azadpur,Vegetables,Onion,June-2026,20819.90,Metric Tonnes,1324.11,Rs./Quintal
NCT of Delhi,Delhi,APMC Azadpur,Vegetables,Onion Green,June-2026,105.40,Metric Tonnes,1888.52,Rs./Quintal
NCT of Delhi,Delhi,APMC Azadpur,Vegetables,Pea Pod/Pea Cod/हरी मटर,June-2026,142.60,Metric Tonnes,4239.48,Rs./Quintal
NCT of Delhi,Delhi,APMC Azadpur,Vegetables,Peas Wet,June-2026,809.40,Metric Tonnes,4825.84,Rs./Quintal
NCT of Delhi,Delhi,APMC Azadpur,Vegetables,Pointed gourd(Parval),June-2026,2116.50,Metric Tonnes,2050.82,Rs./Quintal
NCT of Delhi,Delhi,APMC Azadpur,Vegetables,Potato,June-2026,21963.10,Metric Tonnes,758.55,Rs./Quintal
NCT of Delhi,Delhi,APMC Azadpur,Vegetables,Pumpkin,June-2026,1812.70,Metric Tonnes,865.10,Rs./Quintal
NCT of Delhi,Delhi,APMC Azadpur,Vegetables,Raddish,June-2026,898.40,Metric Tonnes,1300.00,Rs./Quintal
NCT of Delhi,Delhi,APMC Azadpur,Vegetables,Spinach,June-2026,915.30,Metric Tonnes,908.12,Rs./Quintal
NCT of Delhi,Delhi,APMC Azadpur,Vegetables,Sweet Potato,June-2026,340.50,Metric Tonnes,2612.48,Rs./Quintal
NCT of Delhi,Delhi,APMC Azadpur,Vegetables,Sweet Pumpkin,June-2026,83.60,Metric Tonnes,1200.00,Rs./Quintal
NCT of Delhi,Delhi,APMC Azadpur,Vegetables,Tinda,June-2026,614.80,Metric Tonnes,2964.72,Rs./Quintal
NCT of Delhi,Delhi,APMC Azadpur,Vegetables,Tomato,June-2026,11220.10,Metric Tonnes,2145.17,Rs./Quintal
NCT of Delhi,Delhi,APMC Azadpur,Vegetables,Turmeric(raw),June-2026,47.80,Metric Tonnes,2195.40,Rs./Quintal
NCT of Delhi,Delhi,APMC Azadpur,Vegetables,Yam(Ratalu),June-2026,84.60,Metric Tonnes,2701.89,Rs./Quintal
NCT of Delhi,Delhi,APMC Azadpur,Vegetables,Banana - Green,July-2026,1004.40,Metric Tonnes,2435.60,Rs./Quintal
NCT of Delhi,Delhi,APMC Azadpur,Vegetables,Beetroot,July-2026,2667.70,Metric Tonnes,878.58,Rs./Quintal
NCT of Delhi,Delhi,APMC Azadpur,Vegetables,Bhindi(Ladies Finger),July-2026,1541.10,Metric Tonnes,2891.88,Rs./Quintal
NCT of Delhi,Delhi,APMC Azadpur,Vegetables,Bitter gourd,July-2026,1074.80,Metric Tonnes,1420.07,Rs./Quintal
NCT of Delhi,Delhi,APMC Azadpur,Vegetables,Bottle gourd,July-2026,2138.80,Metric Tonnes,1777.35,Rs./Quintal
NCT of Delhi,Delhi,APMC Azadpur,Vegetables,Brinjal,July-2026,1846.80,Metric Tonnes,1520.87,Rs./Quintal
NCT of Delhi,Delhi,APMC Azadpur,Vegetables,Cabbage,July-2026,2835.10,Metric Tonnes,666.38,Rs./Quintal
NCT of Delhi,Delhi,APMC Azadpur,Vegetables,Capsicum,July-2026,2034.30,Metric Tonnes,4307.62,Rs./Quintal
NCT of Delhi,Delhi,APMC Azadpur,Vegetables,Carrot,July-2026,2009.40,Metric Tonnes,2342.74,Rs./Quintal
NCT of Delhi,Delhi,APMC Azadpur,Vegetables,Cauliflower,July-2026,5078.20,Metric Tonnes,2566.27,Rs./Quintal
NCT of Delhi,Delhi,APMC Azadpur,Vegetables,Coriander(Leaves),July-2026,1458.30,Bundle,4980.10,Rs./Bundle
NCT of Delhi,Delhi,APMC Azadpur,Vegetables,Cucumbar(Kheera),July-2026,7779.50,Metric Tonnes,1425.55,Rs./Quintal
NCT of Delhi,Delhi,APMC Azadpur,Vegetables,Garlic,July-2026,3224.60,Metric Tonnes,8326.65,Rs./Quintal
NCT of Delhi,Delhi,APMC Azadpur,Vegetables,Ginger(Green),July-2026,6127.30,Metric Tonnes,12519.09,Rs./Quintal
NCT of Delhi,Delhi,APMC Azadpur,Vegetables,Green Chilli,July-2026,3957.40,Metric Tonnes,2083.39,Rs./Quintal
NCT of Delhi,Delhi,APMC Azadpur,Vegetables,Guar,July-2026,570.00,Metric Tonnes,1379.86,Rs./Quintal
NCT of Delhi,Delhi,APMC Azadpur,Vegetables,Lemon,July-2026,6785.10,Metric Tonnes,3280.36,Rs./Quintal
NCT of Delhi,Delhi,APMC Azadpur,Vegetables,Little gourd(Kundru),July-2026,1844.80,Metric Tonnes,1930.41,Rs./Quintal
NCT of Delhi,Delhi,APMC Azadpur,Vegetables,Long Melon(Kakri),July-2026,0.80,Metric Tonnes,2000.00,Rs./Quintal
NCT of Delhi,Delhi,APMC Azadpur,Vegetables,Lotus Sticks,July-2026,173.20,Metric Tonnes,3686.52,Rs./Quintal
NCT of Delhi,Delhi,APMC Azadpur,Vegetables,Mango(Raw-Ripe),July-2026,286.50,Metric Tonnes,1586.07,Rs./Quintal
NCT of Delhi,Delhi,APMC Azadpur,Vegetables,Mashrooms,July-2026,611.80,Metric Tonnes,8124.44,Rs./Quintal
NCT of Delhi,Delhi,APMC Azadpur,Vegetables,Methi(Leaves),July-2026,0.90,Metric Tonnes,3533.33,Rs./Quintal
NCT of Delhi,Delhi,APMC Azadpur,Vegetables,Mint(Pudina),July-2026,183.73,Bundle,2257.22,Rs./Bundle
NCT of Delhi,Delhi,APMC Azadpur,Vegetables,Onion,July-2026,26048.50,Metric Tonnes,2062.37,Rs./Quintal
NCT of Delhi,Delhi,APMC Azadpur,Vegetables,Onion Green,July-2026,144.20,Metric Tonnes,2000.00,Rs./Quintal
NCT of Delhi,Delhi,APMC Azadpur,Vegetables,Pea Pod/Pea Cod/हरी मटर,July-2026,603.70,Metric Tonnes,7807.69,Rs./Quintal
NCT of Delhi,Delhi,APMC Azadpur,Vegetables,Peas Wet,July-2026,28.00,Metric Tonnes,8300.00,Rs./Quintal
NCT of Delhi,Delhi,APMC Azadpur,Vegetables,Pointed gourd(Parval),July-2026,1907.00,Metric Tonnes,2173.53,Rs./Quintal
NCT of Delhi,Delhi,APMC Azadpur,Vegetables,Potato,July-2026,29997.20,Metric Tonnes,887.62,Rs./Quintal
NCT of Delhi,Delhi,APMC Azadpur,Vegetables,Pumpkin,July-2026,2505.40,Metric Tonnes,1008.85,Rs./Quintal
NCT of Delhi,Delhi,APMC Azadpur,Vegetables,Raddish,July-2026,637.54,Metric Tonnes,840.00,Rs./Quintal
NCT of Delhi,Delhi,APMC Azadpur,Vegetables,Spinach,July-2026,704.00,Metric Tonnes,929.42,Rs./Quintal
NCT of Delhi,Delhi,APMC Azadpur,Vegetables,Sweet Potato,July-2026,360.70,Metric Tonnes,2600.44,Rs./Quintal
NCT of Delhi,Delhi,APMC Azadpur,Vegetables,Sweet Pumpkin,July-2026,112.30,Metric Tonnes,1273.02,Rs./Quintal
NCT of Delhi,Delhi,APMC Azadpur,Vegetables,Tinda,July-2026,750.90,Metric Tonnes,2850.69,Rs./Quintal
NCT of Delhi,Delhi,APMC Azadpur,Vegetables,Tomato,July-2026,16407.90,Metric Tonnes,2406.53,Rs./Quintal
NCT of Delhi,Delhi,APMC Azadpur,Vegetables,Turmeric(raw),July-2026,51.10,Metric Tonnes,2014.87,Rs./Quintal
NCT of Delhi,Delhi,APMC Azadpur,Vegetables,Yam(Ratalu),July-2026,311.80,Metric Tonnes,2800.00,Rs./Quintal
NCT of Delhi,Delhi,APMC Azadpur,Vegetables,Banana - Green,August-2026,945.70,Metric Tonnes,2095.36,Rs./Quintal
NCT of Delhi,Delhi,APMC Azadpur,Vegetables,Beetroot,August-2026,2352.20,Metric Tonnes,1279.87,Rs./Quintal
NCT of Delhi,Delhi,APMC Azadpur,Vegetables,Bhindi(Ladies Finger),August-2026,1766.20,Metric Tonnes,3875.05,Rs./Quintal
NCT of Delhi,Delhi,APMC Azadpur,Vegetables,Bitter gourd,August-2026,767.80,Metric Tonnes,1860.60,Rs./Quintal
NCT of Delhi,Delhi,APMC Azadpur,Vegetables,Bottle gourd,August-2026,2466.20,Metric Tonnes,2058.91,Rs./Quintal
NCT of Delhi,Delhi,APMC Azadpur,Vegetables,Brinjal,August-2026,1803.90,Metric Tonnes,1693.83,Rs./Quintal
NCT of Delhi,Delhi,APMC Azadpur,Vegetables,Cabbage,August-2026,3222.90,Metric Tonnes,703.62,Rs./Quintal
NCT of Delhi,Delhi,APMC Azadpur,Vegetables,Capsicum,August-2026,3138.10,Metric Tonnes,3936.10,Rs./Quintal
NCT of Delhi,Delhi,APMC Azadpur,Vegetables,Carrot,August-2026,2081.60,Metric Tonnes,2569.55,Rs./Quintal
NCT of Delhi,Delhi,APMC Azadpur,Vegetables,Cauliflower,August-2026,3994.00,Metric Tonnes,2371.83,Rs./Quintal
NCT of Delhi,Delhi,APMC Azadpur,Vegetables,Coriander(Leaves),August-2026,1012.20,Bundle,6300.77,Rs./Bundle
NCT of Delhi,Delhi,APMC Azadpur,Vegetables,Cucumbar(Kheera),August-2026,7175.40,Metric Tonnes,1898.24,Rs./Quintal
NCT of Delhi,Delhi,APMC Azadpur,Vegetables,Garlic,August-2026,2704.30,Metric Tonnes,8784.32,Rs./Quintal
NCT of Delhi,Delhi,APMC Azadpur,Vegetables,Ginger(Green),August-2026,6209.00,Metric Tonnes,9152.52,Rs./Quintal
NCT of Delhi,Delhi,APMC Azadpur,Vegetables,Green Chilli,August-2026,3663.70,Metric Tonnes,3309.82,Rs./Quintal
NCT of Delhi,Delhi,APMC Azadpur,Vegetables,Guar,August-2026,562.10,Metric Tonnes,2329.76,Rs./Quintal
NCT of Delhi,Delhi,APMC Azadpur,Vegetables,Lemon,August-2026,4189.40,Metric Tonnes,4063.17,Rs./Quintal
NCT of Delhi,Delhi,APMC Azadpur,Vegetables,Little gourd(Kundru),August-2026,1759.60,Metric Tonnes,2129.60,Rs./Quintal
NCT of Delhi,Delhi,APMC Azadpur,Vegetables,Lotus Sticks,August-2026,226.30,Metric Tonnes,4590.10,Rs./Quintal
NCT of Delhi,Delhi,APMC Azadpur,Vegetables,Mango(Raw-Ripe),August-2026,65.80,Metric Tonnes,3956.99,Rs./Quintal
NCT of Delhi,Delhi,APMC Azadpur,Vegetables,Mashrooms,August-2026,617.10,Metric Tonnes,9028.29,Rs./Quintal
NCT of Delhi,Delhi,APMC Azadpur,Vegetables,Methi(Leaves),August-2026,1.60,Metric Tonnes,3562.50,Rs./Quintal
NCT of Delhi,Delhi,APMC Azadpur,Vegetables,Mint(Pudina),August-2026,173.90,Bundle,3224.09,Rs./Bundle
NCT of Delhi,Delhi,APMC Azadpur,Vegetables,Onion,August-2026,21623.50,Metric Tonnes,2619.69,Rs./Quintal
NCT of Delhi,Delhi,APMC Azadpur,Vegetables,Onion Green,August-2026,146.60,Metric Tonnes,2035.88,Rs./Quintal
NCT of Delhi,Delhi,APMC Azadpur,Vegetables,Pea Pod/Pea Cod/हरी मटर,August-2026,797.60,Metric Tonnes,7872.83,Rs./Quintal
NCT of Delhi,Delhi,APMC Azadpur,Vegetables,Pointed gourd(Parval),August-2026,1530.70,Metric Tonnes,3063.81,Rs./Quintal
NCT of Delhi,Delhi,APMC Azadpur,Vegetables,Potato,August-2026,28085.80,Metric Tonnes,1053.83,Rs./Quintal
NCT of Delhi,Delhi,APMC Azadpur,Vegetables,Pumpkin,August-2026,2589.50,Metric Tonnes,1104.24,Rs./Quintal
NCT of Delhi,Delhi,APMC Azadpur,Vegetables,Raddish,August-2026,784.60,Metric Tonnes,826.23,Rs./Quintal
NCT of Delhi,Delhi,APMC Azadpur,Vegetables,Spinach,August-2026,593.40,Metric Tonnes,1387.87,Rs./Quintal
NCT of Delhi,Delhi,APMC Azadpur,Vegetables,Sweet Potato,August-2026,288.50,Metric Tonnes,2882.32,Rs./Quintal
NCT of Delhi,Delhi,APMC Azadpur,Vegetables,Sweet Pumpkin,August-2026,97.10,Metric Tonnes,1214.01,Rs./Quintal
NCT of Delhi,Delhi,APMC Azadpur,Vegetables,Tinda,August-2026,910.10,Metric Tonnes,3003.13,Rs./Quintal
NCT of Delhi,Delhi,APMC Azadpur,Vegetables,Tomato,August-2026,15476.80,Metric Tonnes,2425.01,Rs./Quintal
NCT of Delhi,Delhi,APMC Azadpur,Vegetables,Turmeric(raw),August-2026,62.00,Metric Tonnes,2081.77,Rs./Quintal
NCT of Delhi,Delhi,APMC Azadpur,Vegetables,Yam(Ratalu),August-2026,468.90,Metric Tonnes,2800.00,Rs./Quintal
NCT of Delhi,Delhi,APMC Azadpur,Vegetables,Banana - Green,September-2026,33.70,Metric Tonnes,2000.00,Rs./Quintal
NCT of Delhi,Delhi,APMC Azadpur,Vegetables,Beetroot,September-2026,104.30,Metric Tonnes,1500.00,Rs./Quintal
NCT of Delhi,Delhi,APMC Azadpur,Vegetables,Bhindi(Ladies Finger),September-2026,75.60,Metric Tonnes,4200.00,Rs./Quintal
NCT of Delhi,Delhi,APMC Azadpur,Vegetables,Bitter gourd,September-2026,58.50,Metric Tonnes,2000.00,Rs./Quintal
NCT of Delhi,Delhi,APMC Azadpur,Vegetables,Bottle gourd,September-2026,122.80,Metric Tonnes,2000.00,Rs./Quintal
NCT of Delhi,Delhi,APMC Azadpur,Vegetables,Brinjal,September-2026,94.20,Metric Tonnes,2050.00,Rs./Quintal
NCT of Delhi,Delhi,APMC Azadpur,Vegetables,Cabbage,September-2026,83.50,Metric Tonnes,1550.00,Rs./Quintal
NCT of Delhi,Delhi,APMC Azadpur,Vegetables,Capsicum,September-2026,96.10,Metric Tonnes,2950.00,Rs./Quintal
NCT of Delhi,Delhi,APMC Azadpur,Vegetables,Carrot,September-2026,86.80,Metric Tonnes,2600.00,Rs./Quintal
NCT of Delhi,Delhi,APMC Azadpur,Vegetables,Cauliflower,September-2026,220.00,Metric Tonnes,3000.00,Rs./Quintal
NCT of Delhi,Delhi,APMC Azadpur,Vegetables,Coriander(Leaves),September-2026,25.20,Bundle,3200.00,Rs./Bundle
NCT of Delhi,Delhi,APMC Azadpur,Vegetables,Cucumbar(Kheera),September-2026,334.30,Metric Tonnes,2300.00,Rs./Quintal
NCT of Delhi,Delhi,APMC Azadpur,Vegetables,Garlic,September-2026,166.10,Metric Tonnes,9125.00,Rs./Quintal
NCT of Delhi,Delhi,APMC Azadpur,Vegetables,Ginger(Green),September-2026,362.60,Metric Tonnes,6750.00,Rs./Quintal
NCT of Delhi,Delhi,APMC Azadpur,Vegetables,Green Chilli,September-2026,255.80,Metric Tonnes,2800.00,Rs./Quintal
NCT of Delhi,Delhi,APMC Azadpur,Vegetables,Guar,September-2026,31.90,Metric Tonnes,2500.00,Rs./Quintal
NCT of Delhi,Delhi,APMC Azadpur,Vegetables,Lemon,September-2026,155.00,Metric Tonnes,6000.00,Rs./Quintal
NCT of Delhi,Delhi,APMC Azadpur,Vegetables,Little gourd(Kundru),September-2026,41.80,Metric Tonnes,2400.00,Rs./Quintal
NCT of Delhi,Delhi,APMC Azadpur,Vegetables,Lotus Sticks,September-2026,22.60,Metric Tonnes,4300.00,Rs./Quintal
NCT of Delhi,Delhi,APMC Azadpur,Vegetables,Mango(Raw-Ripe),September-2026,2.60,Metric Tonnes,4000.00,Rs./Quintal
NCT of Delhi,Delhi,APMC Azadpur,Vegetables,Mashrooms,September-2026,20.90,Metric Tonnes,10000.00,Rs./Quintal
NCT of Delhi,Delhi,APMC Azadpur,Vegetables,Mint(Pudina),September-2026,7.40,Bundle,6150.00,Rs./Bundle
NCT of Delhi,Delhi,APMC Azadpur,Vegetables,Onion,September-2026,861.00,Metric Tonnes,3281.00,Rs./Quintal
NCT of Delhi,Delhi,APMC Azadpur,Vegetables,Onion Green,September-2026,8.30,Metric Tonnes,2100.00,Rs./Quintal
NCT of Delhi,Delhi,APMC Azadpur,Vegetables,Pea Pod/Pea Cod/हरी मटर,September-2026,22.60,Metric Tonnes,8000.00,Rs./Quintal
NCT of Delhi,Delhi,APMC Azadpur,Vegetables,Pointed gourd(Parval),September-2026,73.80,Metric Tonnes,3100.00,Rs./Quintal
NCT of Delhi,Delhi,APMC Azadpur,Vegetables,Potato,September-2026,1503.90,Metric Tonnes,1070.00,Rs./Quintal
NCT of Delhi,Delhi,APMC Azadpur,Vegetables,Pumpkin,September-2026,49.00,Metric Tonnes,1200.00,Rs./Quintal
NCT of Delhi,Delhi,APMC Azadpur,Vegetables,Raddish,September-2026,49.70,Metric Tonnes,1140.00,Rs./Quintal
NCT of Delhi,Delhi,APMC Azadpur,Vegetables,Spinach,September-2026,26.00,Metric Tonnes,1200.00,Rs./Quintal
NCT of Delhi,Delhi,APMC Azadpur,Vegetables,Sweet Pumpkin,September-2026,6.00,Metric Tonnes,1300.00,Rs./Quintal
NCT of Delhi,Delhi,APMC Azadpur,Vegetables,Tinda,September-2026,25.60,Metric Tonnes,3200.00,Rs./Quintal
NCT of Delhi,Delhi,APMC Azadpur,Vegetables,Tomato,September-2026,375.30,Metric Tonnes,2447.00,Rs./Quintal
NCT of Delhi,Delhi,APMC Azadpur,Vegetables,Turmeric(raw),September-2026,1.80,Metric Tonnes,2500.00,Rs./Quintal
NCT of Delhi,Delhi,APMC Azadpur,Vegetables,Yam(Ratalu),September-2026,29.20,Metric Tonnes,2800.00,Rs./Quintal
NCT of Delhi,Delhi,APMC Keshopur,Vegetables,Bitter gourd,January-2023,12.73,Metric Tonnes,5115.87,Rs./Quintal
NCT of Delhi,Delhi,APMC Keshopur,Vegetables,Bottle gourd,January-2023,281.27,Metric Tonnes,2138.61,Rs./Quintal
NCT of Delhi,Delhi,APMC Keshopur,Vegetables,Brinjal,January-2023,225.29,Metric Tonnes,1404.66,Rs./Quintal
NCT of Delhi,Delhi,APMC Keshopur,Vegetables,Cabbage,January-2023,380.30,Metric Tonnes,685.99,Rs./Quintal
NCT of Delhi,Delhi,APMC Keshopur,Vegetables,Capsicum,January-2023,156.97,Metric Tonnes,2111.08,Rs./Quintal
NCT of Delhi,Delhi,APMC Keshopur,Vegetables,Cauliflower,January-2023,1013.20,Metric Tonnes,1696.05,Rs./Quintal
NCT of Delhi,Delhi,APMC Keshopur,Vegetables,Coriander(Leaves),January-2023,12.20,Bundle,2766.97,Rs./Bundle
NCT of Delhi,Delhi,APMC Keshopur,Vegetables,Cucumbar(Kheera),January-2023,86.72,Metric Tonnes,2480.29,Rs./Quintal
NCT of Delhi,Delhi,APMC Keshopur,Vegetables,Onion,January-2023,1184.84,Metric Tonnes,1896.76,Rs./Quintal
NCT of Delhi,Delhi,APMC Keshopur,Vegetables,Peas Wet,January-2023,1119.05,Metric Tonnes,2311.89,Rs./Quintal
NCT of Delhi,Delhi,APMC Keshopur,Vegetables,Potato,January-2023,2510.13,Metric Tonnes,812.15,Rs./Quintal
NCT of Delhi,Delhi,APMC Keshopur,Vegetables,Pumpkin,January-2023,85.41,Metric Tonnes,1318.65,Rs./Quintal
NCT of Delhi,Delhi,APMC Keshopur,Vegetables,Raddish,January-2023,207.98,Metric Tonnes,928.80,Rs./Quintal
NCT of Delhi,Delhi,APMC Keshopur,Vegetables,Tomato,January-2023,2561.90,Metric Tonnes,1467.43,Rs./Quintal
NCT of Delhi,Delhi,APMC Keshopur,Vegetables,Bitter gourd,February-2023,67.97,Metric Tonnes,2682.64,Rs./Quintal
NCT of Delhi,Delhi,APMC Keshopur,Vegetables,Bottle gourd,February-2023,386.23,Metric Tonnes,2118.91,Rs./Quintal
NCT of Delhi,Delhi,APMC Keshopur,Vegetables,Brinjal,February-2023,317.29,Metric Tonnes,1770.41,Rs./Quintal
NCT of Delhi,Delhi,APMC Keshopur,Vegetables,Cabbage,February-2023,638.51,Metric Tonnes,572.49,Rs./Quintal
NCT of Delhi,Delhi,APMC Keshopur,Vegetables,Capsicum,February-2023,128.61,Metric Tonnes,2334.64,Rs./Quintal
NCT of Delhi,Delhi,APMC Keshopur,Vegetables,Cauliflower,February-2023,364.87,Metric Tonnes,1574.54,Rs./Quintal
NCT of Delhi,Delhi,APMC Keshopur,Vegetables,Coriander(Leaves),February-2023,32.81,Bundle,1105.62,Rs./Bundle
NCT of Delhi,Delhi,APMC Keshopur,Vegetables,Cucumbar(Kheera),February-2023,207.55,Metric Tonnes,1849.89,Rs./Quintal
NCT of Delhi,Delhi,APMC Keshopur,Vegetables,Onion,February-2023,1632.83,Metric Tonnes,1436.43,Rs./Quintal
NCT of Delhi,Delhi,APMC Keshopur,Vegetables,Peas Wet,February-2023,1064.97,Metric Tonnes,1974.70,Rs./Quintal
NCT of Delhi,Delhi,APMC Keshopur,Vegetables,Potato,February-2023,2915.25,Metric Tonnes,624.17,Rs./Quintal
NCT of Delhi,Delhi,APMC Keshopur,Vegetables,Pumpkin,February-2023,112.16,Metric Tonnes,1343.94,Rs./Quintal
NCT of Delhi,Delhi,APMC Keshopur,Vegetables,Raddish,February-2023,293.51,Metric Tonnes,693.34,Rs./Quintal
NCT of Delhi,Delhi,APMC Keshopur,Vegetables,Tomato,February-2023,3310.10,Metric Tonnes,1202.56,Rs./Quintal
NCT of Delhi,Delhi,APMC Keshopur,Vegetables,Bitter gourd,March-2023,93.71,Metric Tonnes,3127.63,Rs./Quintal
NCT of Delhi,Delhi,APMC Keshopur,Vegetables,Bottle gourd,March-2023,494.75,Metric Tonnes,1881.09,Rs./Quintal
NCT of Delhi,Delhi,APMC Keshopur,Vegetables,Brinjal,March-2023,294.61,Metric Tonnes,1902.76,Rs./Quintal
NCT of Delhi,Delhi,APMC Keshopur,Vegetables,Cabbage,March-2023,127.40,Metric Tonnes,572.51,Rs./Quintal
NCT of Delhi,Delhi,APMC Keshopur,Vegetables,Capsicum,March-2023,125.17,Metric Tonnes,3398.25,Rs./Quintal
NCT of Delhi,Delhi,APMC Keshopur,Vegetables,Cauliflower,March-2023,648.88,Metric Tonnes,787.67,Rs./Quintal
NCT of Delhi,Delhi,APMC Keshopur,Vegetables,Coriander(Leaves),March-2023,16.52,Bundle,1819.55,Rs./Bundle
NCT of Delhi,Delhi,APMC Keshopur,Vegetables,Cucumbar(Kheera),March-2023,539.52,Metric Tonnes,1822.71,Rs./Quintal
NCT of Delhi,Delhi,APMC Keshopur,Vegetables,Onion,March-2023,1152.82,Metric Tonnes,1408.08,Rs./Quintal
NCT of Delhi,Delhi,APMC Keshopur,Vegetables,Peas Wet,March-2023,260.10,Metric Tonnes,2088.47,Rs./Quintal
NCT of Delhi,Delhi,APMC Keshopur,Vegetables,Potato,March-2023,1914.71,Metric Tonnes,662.64,Rs./Quintal
NCT of Delhi,Delhi,APMC Keshopur,Vegetables,Pumpkin,March-2023,184.54,Metric Tonnes,1391.65,Rs./Quintal
NCT of Delhi,Delhi,APMC Keshopur,Vegetables,Raddish,March-2023,115.84,Metric Tonnes,704.83,Rs./Quintal
NCT of Delhi,Delhi,APMC Keshopur,Vegetables,Tomato,March-2023,1895.84,Metric Tonnes,1482.57,Rs./Quintal
NCT of Delhi,Delhi,APMC Keshopur,Vegetables,Bitter gourd,April-2023,116.01,Metric Tonnes,2173.08,Rs./Quintal
NCT of Delhi,Delhi,APMC Keshopur,Vegetables,Bottle gourd,April-2023,333.20,Metric Tonnes,1057.58,Rs./Quintal
NCT of Delhi,Delhi,APMC Keshopur,Vegetables,Brinjal,April-2023,301.76,Metric Tonnes,1017.65,Rs./Quintal
NCT of Delhi,Delhi,APMC Keshopur,Vegetables,Cabbage,April-2023,237.68,Metric Tonnes,474.92,Rs./Quintal
NCT of Delhi,Delhi,APMC Keshopur,Vegetables,Capsicum,April-2023,117.89,Metric Tonnes,1135.93,Rs./Quintal
NCT of Delhi,Delhi,APMC Keshopur,Vegetables,Cauliflower,April-2023,282.84,Metric Tonnes,1545.23,Rs./Quintal
NCT of Delhi,Delhi,APMC Keshopur,Vegetables,Coriander(Leaves),April-2023,9.28,Bundle,1382.33,Rs./Bundle
NCT of Delhi,Delhi,APMC Keshopur,Vegetables,Cucumbar(Kheera),April-2023,365.28,Metric Tonnes,1373.34,Rs./Quintal
NCT of Delhi,Delhi,APMC Keshopur,Vegetables,Onion,April-2023,742.31,Metric Tonnes,1168.07,Rs./Quintal
NCT of Delhi,Delhi,APMC Keshopur,Vegetables,Peas Wet,April-2023,32.78,Metric Tonnes,4104.03,Rs./Quintal
NCT of Delhi,Delhi,APMC Keshopur,Vegetables,Potato,April-2023,961.30,Metric Tonnes,969.05,Rs./Quintal
NCT of Delhi,Delhi,APMC Keshopur,Vegetables,Pumpkin,April-2023,137.96,Metric Tonnes,684.34,Rs./Quintal
NCT of Delhi,Delhi,APMC Keshopur,Vegetables,Raddish,April-2023,23.08,Metric Tonnes,827.99,Rs./Quintal
NCT of Delhi,Delhi,APMC Keshopur,Vegetables,Tomato,April-2023,1471.60,Metric Tonnes,905.08,Rs./Quintal
NCT of Delhi,Delhi,APMC Keshopur,Vegetables,Bitter gourd,May-2023,225.74,Metric Tonnes,2334.86,Rs./Quintal
NCT of Delhi,Delhi,APMC Keshopur,Vegetables,Bottle gourd,May-2023,361.16,Metric Tonnes,1212.84,Rs./Quintal
NCT of Delhi,Delhi,APMC Keshopur,Vegetables,Brinjal,May-2023,435.38,Metric Tonnes,1295.16,Rs./Quintal
NCT of Delhi,Delhi,APMC Keshopur,Vegetables,Cabbage,May-2023,445.73,Metric Tonnes,664.87,Rs./Quintal
NCT of Delhi,Delhi,APMC Keshopur,Vegetables,Capsicum,May-2023,275.31,Metric Tonnes,628.45,Rs./Quintal
NCT of Delhi,Delhi,APMC Keshopur,Vegetables,Cauliflower,May-2023,266.38,Metric Tonnes,3103.02,Rs./Quintal
NCT of Delhi,Delhi,APMC Keshopur,Vegetables,Coriander(Leaves),May-2023,10.01,Bundle,2469.63,Rs./Bundle
NCT of Delhi,Delhi,APMC Keshopur,Vegetables,Cucumbar(Kheera),May-2023,626.93,Metric Tonnes,1749.51,Rs./Quintal
NCT of Delhi,Delhi,APMC Keshopur,Vegetables,Onion,May-2023,2175.72,Metric Tonnes,1219.09,Rs./Quintal
NCT of Delhi,Delhi,APMC Keshopur,Vegetables,Peas Wet,May-2023,173.56,Metric Tonnes,4943.05,Rs./Quintal
NCT of Delhi,Delhi,APMC Keshopur,Vegetables,Potato,May-2023,2174.20,Metric Tonnes,1310.91,Rs./Quintal
NCT of Delhi,Delhi,APMC Keshopur,Vegetables,Pumpkin,May-2023,208.91,Metric Tonnes,755.60,Rs./Quintal
NCT of Delhi,Delhi,APMC Keshopur,Vegetables,Raddish,May-2023,51.27,Metric Tonnes,1313.00,Rs./Quintal
NCT of Delhi,Delhi,APMC Keshopur,Vegetables,Tomato,May-2023,2965.01,Metric Tonnes,1059.52,Rs./Quintal
NCT of Delhi,Delhi,APMC Keshopur,Vegetables,Bitter gourd,June-2023,105.51,Metric Tonnes,2183.66,Rs./Quintal
NCT of Delhi,Delhi,APMC Keshopur,Vegetables,Bottle gourd,June-2023,147.50,Metric Tonnes,1676.08,Rs./Quintal
NCT of Delhi,Delhi,APMC Keshopur,Vegetables,Brinjal,June-2023,132.80,Metric Tonnes,1614.58,Rs./Quintal
NCT of Delhi,Delhi,APMC Keshopur,Vegetables,Cabbage,June-2023,334.24,Metric Tonnes,683.18,Rs./Quintal
NCT of Delhi,Delhi,APMC Keshopur,Vegetables,Capsicum,June-2023,101.26,Metric Tonnes,2024.59,Rs./Quintal
NCT of Delhi,Delhi,APMC Keshopur,Vegetables,Cauliflower,June-2023,52.35,Metric Tonnes,4387.35,Rs./Quintal
NCT of Delhi,Delhi,APMC Keshopur,Vegetables,Coriander(Leaves),June-2023,7.13,Bundle,4053.72,Rs./Bundle
NCT of Delhi,Delhi,APMC Keshopur,Vegetables,Cucumbar(Kheera),June-2023,412.74,Metric Tonnes,2002.62,Rs./Quintal
NCT of Delhi,Delhi,APMC Keshopur,Vegetables,Onion,June-2023,950.78,Metric Tonnes,1373.95,Rs./Quintal
NCT of Delhi,Delhi,APMC Keshopur,Vegetables,Peas Wet,June-2023,69.54,Metric Tonnes,4914.38,Rs./Quintal
NCT of Delhi,Delhi,APMC Keshopur,Vegetables,Potato,June-2023,1186.65,Metric Tonnes,1390.61,Rs./Quintal
NCT of Delhi,Delhi,APMC Keshopur,Vegetables,Pumpkin,June-2023,122.44,Metric Tonnes,961.51,Rs./Quintal
NCT of Delhi,Delhi,APMC Keshopur,Vegetables,Raddish,June-2023,56.31,Metric Tonnes,2001.65,Rs./Quintal
NCT of Delhi,Delhi,APMC Keshopur,Vegetables,Tomato,June-2023,1531.52,Metric Tonnes,2129.26,Rs./Quintal
NCT of Delhi,Delhi,APMC Keshopur,Vegetables,Bitter gourd,July-2023,54.07,Metric Tonnes,2827.30,Rs./Quintal
NCT of Delhi,Delhi,APMC Keshopur,Vegetables,Bottle gourd,July-2023,199.91,Metric Tonnes,2066.42,Rs./Quintal
NCT of Delhi,Delhi,APMC Keshopur,Vegetables,Brinjal,July-2023,116.03,Metric Tonnes,3005.28,Rs./Quintal
NCT of Delhi,Delhi,APMC Keshopur,Vegetables,Cabbage,July-2023,283.87,Metric Tonnes,1429.93,Rs./Quintal
NCT of Delhi,Delhi,APMC Keshopur,Vegetables,Capsicum,July-2023,99.24,Metric Tonnes,7746.80,Rs./Quintal
NCT of Delhi,Delhi,APMC Keshopur,Vegetables,Cauliflower,July-2023,77.81,Metric Tonnes,7119.39,Rs./Quintal
NCT of Delhi,Delhi,APMC Keshopur,Vegetables,Coriander(Leaves),July-2023,3.15,Bundle,17000.00,Rs./Bundle
NCT of Delhi,Delhi,APMC Keshopur,Vegetables,Cucumbar(Kheera),July-2023,817.39,Metric Tonnes,1301.16,Rs./Quintal
NCT of Delhi,Delhi,APMC Keshopur,Vegetables,Onion,July-2023,1284.28,Metric Tonnes,1659.22,Rs./Quintal
NCT of Delhi,Delhi,APMC Keshopur,Vegetables,Peas Wet,July-2023,26.06,Metric Tonnes,7980.24,Rs./Quintal
NCT of Delhi,Delhi,APMC Keshopur,Vegetables,Potato,July-2023,1461.08,Metric Tonnes,1510.87,Rs./Quintal
NCT of Delhi,Delhi,APMC Keshopur,Vegetables,Pumpkin,July-2023,272.34,Metric Tonnes,1472.53,Rs./Quintal
NCT of Delhi,Delhi,APMC Keshopur,Vegetables,Raddish,July-2023,24.27,Metric Tonnes,1550.52,Rs./Quintal
NCT of Delhi,Delhi,APMC Keshopur,Vegetables,Tomato,July-2023,815.28,Metric Tonnes,9412.71,Rs./Quintal
NCT of Delhi,Delhi,APMC Keshopur,Vegetables,Bitter gourd,August-2023,52.36,Metric Tonnes,2320.21,Rs./Quintal
NCT of Delhi,Delhi,APMC Keshopur,Vegetables,Bottle gourd,August-2023,248.26,Metric Tonnes,1636.31,Rs./Quintal
NCT of Delhi,Delhi,APMC Keshopur,Vegetables,Brinjal,August-2023,162.32,Metric Tonnes,2044.34,Rs./Quintal
NCT of Delhi,Delhi,APMC Keshopur,Vegetables,Cabbage,August-2023,148.37,Metric Tonnes,2438.69,Rs./Quintal
NCT of Delhi,Delhi,APMC Keshopur,Vegetables,Capsicum,August-2023,89.95,Metric Tonnes,6759.96,Rs./Quintal
NCT of Delhi,Delhi,APMC Keshopur,Vegetables,Cauliflower,August-2023,106.18,Metric Tonnes,6326.66,Rs./Quintal
NCT of Delhi,Delhi,APMC Keshopur,Vegetables,Coriander(Leaves),August-2023,0.20,Bundle,6500.00,Rs./Bundle
NCT of Delhi,Delhi,APMC Keshopur,Vegetables,Cucumbar(Kheera),August-2023,632.57,Metric Tonnes,1442.50,Rs./Quintal
NCT of Delhi,Delhi,APMC Keshopur,Vegetables,Onion,August-2023,1079.13,Metric Tonnes,1902.85,Rs./Quintal
NCT of Delhi,Delhi,APMC Keshopur,Vegetables,Peas Wet,August-2023,19.61,Metric Tonnes,8298.62,Rs./Quintal
NCT of Delhi,Delhi,APMC Keshopur,Vegetables,Potato,August-2023,1449.45,Metric Tonnes,1416.42,Rs./Quintal
NCT of Delhi,Delhi,APMC Keshopur,Vegetables,Pumpkin,August-2023,238.77,Metric Tonnes,1268.18,Rs./Quintal
NCT of Delhi,Delhi,APMC Keshopur,Vegetables,Raddish,August-2023,23.25,Metric Tonnes,2389.12,Rs./Quintal
NCT of Delhi,Delhi,APMC Keshopur,Vegetables,Tomato,August-2023,452.18,Metric Tonnes,7182.45,Rs./Quintal
NCT of Delhi,Delhi,APMC Keshopur,Vegetables,Bitter gourd,September-2023,68.52,Metric Tonnes,2409.52,Rs./Quintal
NCT of Delhi,Delhi,APMC Keshopur,Vegetables,Bottle gourd,September-2023,334.95,Metric Tonnes,1654.74,Rs./Quintal
NCT of Delhi,Delhi,APMC Keshopur,Vegetables,Brinjal,September-2023,124.63,Metric Tonnes,1877.46,Rs./Quintal
NCT of Delhi,Delhi,APMC Keshopur,Vegetables,Cabbage,September-2023,270.94,Metric Tonnes,1835.15,Rs./Quintal
NCT of Delhi,Delhi,APMC Keshopur,Vegetables,Capsicum,September-2023,92.64,Metric Tonnes,4320.82,Rs./Quintal
NCT of Delhi,Delhi,APMC Keshopur,Vegetables,Cauliflower,September-2023,412.89,Metric Tonnes,3401.49,Rs./Quintal
NCT of Delhi,Delhi,APMC Keshopur,Vegetables,Coriander(Leaves),September-2023,11.27,Bundle,15026.62,Rs./Bundle
NCT of Delhi,Delhi,APMC Keshopur,Vegetables,Cucumbar(Kheera),September-2023,403.10,Metric Tonnes,2938.92,Rs./Quintal
NCT of Delhi,Delhi,APMC Keshopur,Vegetables,Onion,September-2023,1136.04,Metric Tonnes,2289.74,Rs./Quintal
NCT of Delhi,Delhi,APMC Keshopur,Vegetables,Peas Wet,September-2023,26.28,Metric Tonnes,10734.40,Rs./Quintal
NCT of Delhi,Delhi,APMC Keshopur,Vegetables,Potato,September-2023,1919.45,Metric Tonnes,1329.26,Rs./Quintal
NCT of Delhi,Delhi,APMC Keshopur,Vegetables,Pumpkin,September-2023,226.01,Metric Tonnes,1471.55,Rs./Quintal
NCT of Delhi,Delhi,APMC Keshopur,Vegetables,Raddish,September-2023,194.47,Metric Tonnes,1122.32,Rs./Quintal
NCT of Delhi,Delhi,APMC Keshopur,Vegetables,Tomato,September-2023,870.24,Metric Tonnes,1638.36,Rs./Quintal
NCT of Delhi,Delhi,APMC Keshopur,Vegetables,Bitter gourd,October-2023,118.53,Metric Tonnes,2104.83,Rs./Quintal
NCT of Delhi,Delhi,APMC Keshopur,Vegetables,Bottle gourd,October-2023,373.19,Metric Tonnes,1823.62,Rs./Quintal
NCT of Delhi,Delhi,APMC Keshopur,Vegetables,Brinjal,October-2023,187.55,Metric Tonnes,1910.34,Rs./Quintal
NCT of Delhi,Delhi,APMC Keshopur,Vegetables,Cabbage,October-2023,325.24,Metric Tonnes,1957.89,Rs./Quintal
NCT of Delhi,Delhi,APMC Keshopur,Vegetables,Capsicum,October-2023,98.57,Metric Tonnes,5565.91,Rs./Quintal
NCT of Delhi,Delhi,APMC Keshopur,Vegetables,Cauliflower,October-2023,503.55,Metric Tonnes,3256.18,Rs./Quintal
NCT of Delhi,Delhi,APMC Keshopur,Vegetables,Coriander(Leaves),October-2023,34.40,Bundle,12847.38,Rs./Bundle
NCT of Delhi,Delhi,APMC Keshopur,Vegetables,Cucumbar(Kheera),October-2023,503.08,Metric Tonnes,2703.87,Rs./Quintal
NCT of Delhi,Delhi,APMC Keshopur,Vegetables,Onion,October-2023,936.09,Metric Tonnes,2952.79,Rs./Quintal
NCT of Delhi,Delhi,APMC Keshopur,Vegetables,Peas Wet,October-2023,10.56,Metric Tonnes,12457.39,Rs./Quintal
NCT of Delhi,Delhi,APMC Keshopur,Vegetables,Potato,October-2023,2190.69,Metric Tonnes,1301.09,Rs./Quintal
NCT of Delhi,Delhi,APMC Keshopur,Vegetables,Pumpkin,October-2023,280.21,Metric Tonnes,1396.70,Rs./Quintal
NCT of Delhi,Delhi,APMC Keshopur,Vegetables,Raddish,October-2023,373.65,Metric Tonnes,1009.36,Rs./Quintal
NCT of Delhi,Delhi,APMC Keshopur,Vegetables,Tomato,October-2023,2674.09,Metric Tonnes,1635.12,Rs./Quintal
NCT of Delhi,Delhi,APMC Keshopur,Vegetables,Bitter gourd,November-2023,46.30,Metric Tonnes,1700.63,Rs./Quintal
NCT of Delhi,Delhi,APMC Keshopur,Vegetables,Bottle gourd,November-2023,215.84,Metric Tonnes,1481.28,Rs./Quintal
NCT of Delhi,Delhi,APMC Keshopur,Vegetables,Brinjal,November-2023,279.34,Metric Tonnes,877.18,Rs./Quintal
NCT of Delhi,Delhi,APMC Keshopur,Vegetables,Cabbage,November-2023,343.60,Metric Tonnes,745.15,Rs./Quintal
NCT of Delhi,Delhi,APMC Keshopur,Vegetables,Capsicum,November-2023,86.62,Metric Tonnes,1752.61,Rs./Quintal
NCT of Delhi,Delhi,APMC Keshopur,Vegetables,Cauliflower,November-2023,1082.81,Metric Tonnes,795.23,Rs./Quintal
NCT of Delhi,Delhi,APMC Keshopur,Vegetables,Coriander(Leaves),November-2023,15.13,Bundle,2008.26,Rs./Bundle
NCT of Delhi,Delhi,APMC Keshopur,Vegetables,Cucumbar(Kheera),November-2023,319.06,Metric Tonnes,2036.49,Rs./Quintal
NCT of Delhi,Delhi,APMC Keshopur,Vegetables,Onion,November-2023,754.11,Metric Tonnes,3902.81,Rs./Quintal
NCT of Delhi,Delhi,APMC Keshopur,Vegetables,Peas Wet,November-2023,219.55,Metric Tonnes,3292.48,Rs./Quintal
NCT of Delhi,Delhi,APMC Keshopur,Vegetables,Potato,November-2023,1724.44,Metric Tonnes,1234.93,Rs./Quintal
NCT of Delhi,Delhi,APMC Keshopur,Vegetables,Pumpkin,November-2023,109.94,Metric Tonnes,982.09,Rs./Quintal
NCT of Delhi,Delhi,APMC Keshopur,Vegetables,Raddish,November-2023,345.57,Metric Tonnes,704.43,Rs./Quintal
NCT of Delhi,Delhi,APMC Keshopur,Vegetables,Tomato,November-2023,1862.84,Metric Tonnes,3088.09,Rs./Quintal
NCT of Delhi,Delhi,APMC Keshopur,Vegetables,Bitter gourd,December-2023,36.54,Metric Tonnes,3109.09,Rs./Quintal
NCT of Delhi,Delhi,APMC Keshopur,Vegetables,Bottle gourd,December-2023,299.37,Metric Tonnes,2067.58,Rs./Quintal
NCT of Delhi,Delhi,APMC Keshopur,Vegetables,Brinjal,December-2023,393.53,Metric Tonnes,1208.77,Rs./Quintal
NCT of Delhi,Delhi,APMC Keshopur,Vegetables,Cabbage,December-2023,1025.57,Metric Tonnes,746.69,Rs./Quintal
NCT of Delhi,Delhi,APMC Keshopur,Vegetables,Capsicum,December-2023,154.37,Metric Tonnes,2217.07,Rs./Quintal
NCT of Delhi,Delhi,APMC Keshopur,Vegetables,Cauliflower,December-2023,2432.10,Metric Tonnes,1169.43,Rs./Quintal
NCT of Delhi,Delhi,APMC Keshopur,Vegetables,Coriander(Leaves),December-2023,29.44,Bundle,2388.35,Rs./Bundle
NCT of Delhi,Delhi,APMC Keshopur,Vegetables,Cucumbar(Kheera),December-2023,559.93,Metric Tonnes,1672.82,Rs./Quintal
NCT of Delhi,Delhi,APMC Keshopur,Vegetables,Onion,December-2023,1580.30,Metric Tonnes,3123.81,Rs./Quintal
NCT of Delhi,Delhi,APMC Keshopur,Vegetables,Peas Wet,December-2023,1939.12,Metric Tonnes,2009.39,Rs./Quintal
NCT of Delhi,Delhi,APMC Keshopur,Vegetables,Potato,December-2023,4382.79,Metric Tonnes,1027.92,Rs./Quintal
NCT of Delhi,Delhi,APMC Keshopur,Vegetables,Pumpkin,December-2023,141.42,Metric Tonnes,1067.67,Rs./Quintal
NCT of Delhi,Delhi,APMC Keshopur,Vegetables,Raddish,December-2023,619.58,Metric Tonnes,751.63,Rs./Quintal
NCT of Delhi,Delhi,APMC Keshopur,Vegetables,Tomato,December-2023,4432.79,Metric Tonnes,2329.64,Rs./Quintal
NCT of Delhi,Delhi,APMC Keshopur,Vegetables,Bitter gourd,January-2024,13.24,Metric Tonnes,4722.89,Rs./Quintal
NCT of Delhi,Delhi,APMC Keshopur,Vegetables,Bottle gourd,January-2024,248.94,Metric Tonnes,1933.61,Rs./Quintal
NCT of Delhi,Delhi,APMC Keshopur,Vegetables,Brinjal,January-2024,240.22,Metric Tonnes,2064.23,Rs./Quintal
NCT of Delhi,Delhi,APMC Keshopur,Vegetables,Cabbage,January-2024,699.36,Metric Tonnes,1230.96,Rs./Quintal
NCT of Delhi,Delhi,APMC Keshopur,Vegetables,Capsicum,January-2024,82.67,Metric Tonnes,3239.64,Rs./Quintal
NCT of Delhi,Delhi,APMC Keshopur,Vegetables,Cauliflower,January-2024,1339.42,Metric Tonnes,1335.74,Rs./Quintal
NCT of Delhi,Delhi,APMC Keshopur,Vegetables,Coriander(Leaves),January-2024,16.11,Bundle,3538.76,Rs./Bundle
NCT of Delhi,Delhi,APMC Keshopur,Vegetables,Cucumbar(Kheera),January-2024,157.88,Metric Tonnes,1683.85,Rs./Quintal
NCT of Delhi,Delhi,APMC Keshopur,Vegetables,Onion,January-2024,1578.70,Metric Tonnes,2270.89,Rs./Quintal
NCT of Delhi,Delhi,APMC Keshopur,Vegetables,Peas Wet,January-2024,1009.46,Metric Tonnes,2353.58,Rs./Quintal
NCT of Delhi,Delhi,APMC Keshopur,Vegetables,Potato,January-2024,3046.15,Metric Tonnes,825.83,Rs./Quintal
NCT of Delhi,Delhi,APMC Keshopur,Vegetables,Pumpkin,January-2024,126.09,Metric Tonnes,1352.86,Rs./Quintal
NCT of Delhi,Delhi,APMC Keshopur,Vegetables,Raddish,January-2024,245.79,Metric Tonnes,954.55,Rs./Quintal
NCT of Delhi,Delhi,APMC Keshopur,Vegetables,Tomato,January-2024,2484.65,Metric Tonnes,1678.39,Rs./Quintal
NCT of Delhi,Delhi,APMC Keshopur,Vegetables,Bitter gourd,February-2024,14.72,Metric Tonnes,5340.66,Rs./Quintal
NCT of Delhi,Delhi,APMC Keshopur,Vegetables,Bottle gourd,February-2024,262.12,Metric Tonnes,1851.09,Rs./Quintal
NCT of Delhi,Delhi,APMC Keshopur,Vegetables,Brinjal,February-2024,274.97,Metric Tonnes,1884.05,Rs./Quintal
NCT of Delhi,Delhi,APMC Keshopur,Vegetables,Cabbage,February-2024,279.51,Metric Tonnes,1503.57,Rs./Quintal
NCT of Delhi,Delhi,APMC Keshopur,Vegetables,Capsicum,February-2024,50.72,Metric Tonnes,5016.42,Rs./Quintal
NCT of Delhi,Delhi,APMC Keshopur,Vegetables,Cauliflower,February-2024,904.44,Metric Tonnes,1565.58,Rs./Quintal
NCT of Delhi,Delhi,APMC Keshopur,Vegetables,Coriander(Leaves),February-2024,20.48,Bundle,1926.17,Rs./Bundle
NCT of Delhi,Delhi,APMC Keshopur,Vegetables,Cucumbar(Kheera),February-2024,101.84,Metric Tonnes,3081.21,Rs./Quintal
NCT of Delhi,Delhi,APMC Keshopur,Vegetables,Onion,February-2024,1131.22,Metric Tonnes,1907.21,Rs./Quintal
NCT of Delhi,Delhi,APMC Keshopur,Vegetables,Peas Wet,February-2024,481.88,Metric Tonnes,2703.07,Rs./Quintal
NCT of Delhi,Delhi,APMC Keshopur,Vegetables,Potato,February-2024,1631.80,Metric Tonnes,936.19,Rs./Quintal
NCT of Delhi,Delhi,APMC Keshopur,Vegetables,Pumpkin,February-2024,112.03,Metric Tonnes,1859.74,Rs./Quintal
NCT of Delhi,Delhi,APMC Keshopur,Vegetables,Raddish,February-2024,118.12,Metric Tonnes,1077.62,Rs./Quintal
NCT of Delhi,Delhi,APMC Keshopur,Vegetables,Tomato,February-2024,1703.27,Metric Tonnes,2467.65,Rs./Quintal
NCT of Delhi,Delhi,APMC Keshopur,Vegetables,Bitter gourd,March-2024,18.65,Metric Tonnes,5878.55,Rs./Quintal
NCT of Delhi,Delhi,APMC Keshopur,Vegetables,Bottle gourd,March-2024,168.42,Metric Tonnes,2518.67,Rs./Quintal
NCT of Delhi,Delhi,APMC Keshopur,Vegetables,Brinjal,March-2024,291.53,Metric Tonnes,1474.42,Rs./Quintal
NCT of Delhi,Delhi,APMC Keshopur,Vegetables,Cabbage,March-2024,238.54,Metric Tonnes,1591.35,Rs./Quintal
NCT of Delhi,Delhi,APMC Keshopur,Vegetables,Capsicum,March-2024,45.55,Metric Tonnes,4962.00,Rs./Quintal
NCT of Delhi,Delhi,APMC Keshopur,Vegetables,Cauliflower,March-2024,623.06,Metric Tonnes,2175.76,Rs./Quintal
NCT of Delhi,Delhi,APMC Keshopur,Vegetables,Coriander(Leaves),March-2024,15.72,Bundle,1430.76,Rs./Bundle
NCT of Delhi,Delhi,APMC Keshopur,Vegetables,Cucumbar(Kheera),March-2024,162.52,Metric Tonnes,2468.71,Rs./Quintal
NCT of Delhi,Delhi,APMC Keshopur,Vegetables,Onion,March-2024,879.54,Metric Tonnes,2168.17,Rs./Quintal
NCT of Delhi,Delhi,APMC Keshopur,Vegetables,Peas Wet,March-2024,181.02,Metric Tonnes,3452.47,Rs./Quintal
NCT of Delhi,Delhi,APMC Keshopur,Vegetables,Potato,March-2024,1319.75,Metric Tonnes,1325.65,Rs./Quintal
NCT of Delhi,Delhi,APMC Keshopur,Vegetables,Pumpkin,March-2024,127.23,Metric Tonnes,2174.17,Rs./Quintal
NCT of Delhi,Delhi,APMC Keshopur,Vegetables,Raddish,March-2024,110.73,Metric Tonnes,1211.17,Rs./Quintal
NCT of Delhi,Delhi,APMC Keshopur,Vegetables,Tomato,March-2024,1281.61,Metric Tonnes,2055.56,Rs./Quintal
NCT of Delhi,Delhi,APMC Keshopur,Vegetables,Bitter gourd,April-2024,121.40,Metric Tonnes,2133.20,Rs./Quintal
NCT of Delhi,Delhi,APMC Keshopur,Vegetables,Bottle gourd,April-2024,577.56,Metric Tonnes,1304.87,Rs./Quintal
NCT of Delhi,Delhi,APMC Keshopur,Vegetables,Brinjal,April-2024,390.23,Metric Tonnes,1237.65,Rs./Quintal
NCT of Delhi,Delhi,APMC Keshopur,Vegetables,Cabbage,April-2024,318.21,Metric Tonnes,1113.68,Rs./Quintal
NCT of Delhi,Delhi,APMC Keshopur,Vegetables,Capsicum,April-2024,144.60,Metric Tonnes,2130.41,Rs./Quintal
NCT of Delhi,Delhi,APMC Keshopur,Vegetables,Cauliflower,April-2024,801.54,Metric Tonnes,1098.42,Rs./Quintal
NCT of Delhi,Delhi,APMC Keshopur,Vegetables,Coriander(Leaves),April-2024,14.58,Bundle,1941.87,Rs./Bundle
NCT of Delhi,Delhi,APMC Keshopur,Vegetables,Cucumbar(Kheera),April-2024,1010.35,Metric Tonnes,1288.97,Rs./Quintal
NCT of Delhi,Delhi,APMC Keshopur,Vegetables,Onion,April-2024,1342.34,Metric Tonnes,1802.27,Rs./Quintal
NCT of Delhi,Delhi,APMC Keshopur,Vegetables,Peas Wet,April-2024,44.58,Metric Tonnes,4355.54,Rs./Quintal
NCT of Delhi,Delhi,APMC Keshopur,Vegetables,Potato,April-2024,2401.23,Metric Tonnes,1793.39,Rs./Quintal
NCT of Delhi,Delhi,APMC Keshopur,Vegetables,Pumpkin,April-2024,252.14,Metric Tonnes,900.45,Rs./Quintal
NCT of Delhi,Delhi,APMC Keshopur,Vegetables,Raddish,April-2024,39.85,Metric Tonnes,1291.47,Rs./Quintal
NCT of Delhi,Delhi,APMC Keshopur,Vegetables,Tomato,April-2024,2640.76,Metric Tonnes,1760.16,Rs./Quintal
NCT of Delhi,Delhi,APMC Keshopur,Vegetables,Bitter gourd,May-2024,212.83,Metric Tonnes,1959.89,Rs./Quintal
NCT of Delhi,Delhi,APMC Keshopur,Vegetables,Bottle gourd,May-2024,448.88,Metric Tonnes,1358.55,Rs./Quintal
NCT of Delhi,Delhi,APMC Keshopur,Vegetables,Brinjal,May-2024,415.29,Metric Tonnes,1151.18,Rs./Quintal
NCT of Delhi,Delhi,APMC Keshopur,Vegetables,Cabbage,May-2024,357.03,Metric Tonnes,1084.42,Rs./Quintal
NCT of Delhi,Delhi,APMC Keshopur,Vegetables,Capsicum,May-2024,192.55,Metric Tonnes,1120.08,Rs./Quintal
NCT of Delhi,Delhi,APMC Keshopur,Vegetables,Cauliflower,May-2024,252.79,Metric Tonnes,2787.74,Rs./Quintal
NCT of Delhi,Delhi,APMC Keshopur,Vegetables,Coriander(Leaves),May-2024,21.45,Bundle,3573.85,Rs./Bundle
NCT of Delhi,Delhi,APMC Keshopur,Vegetables,Cucumbar(Kheera),May-2024,1290.08,Metric Tonnes,1059.82,Rs./Quintal
NCT of Delhi,Delhi,APMC Keshopur,Vegetables,Onion,May-2024,2007.91,Metric Tonnes,1833.30,Rs./Quintal
NCT of Delhi,Delhi,APMC Keshopur,Vegetables,Peas Wet,May-2024,76.16,Metric Tonnes,4517.06,Rs./Quintal
NCT of Delhi,Delhi,APMC Keshopur,Vegetables,Potato,May-2024,2479.94,Metric Tonnes,1781.54,Rs./Quintal
NCT of Delhi,Delhi,APMC Keshopur,Vegetables,Pumpkin,May-2024,198.25,Metric Tonnes,1035.71,Rs./Quintal
NCT of Delhi,Delhi,APMC Keshopur,Vegetables,Raddish,May-2024,11.66,Metric Tonnes,2520.75,Rs./Quintal
NCT of Delhi,Delhi,APMC Keshopur,Vegetables,Tomato,May-2024,2684.65,Metric Tonnes,1196.86,Rs./Quintal
NCT of Delhi,Delhi,APMC Keshopur,Vegetables,Bitter gourd,June-2024,245.92,Metric Tonnes,1571.27,Rs./Quintal
NCT of Delhi,Delhi,APMC Keshopur,Vegetables,Bottle gourd,June-2024,207.14,Metric Tonnes,2315.85,Rs./Quintal
NCT of Delhi,Delhi,APMC Keshopur,Vegetables,Brinjal,June-2024,201.95,Metric Tonnes,1874.79,Rs./Quintal
NCT of Delhi,Delhi,APMC Keshopur,Vegetables,Cabbage,June-2024,274.37,Metric Tonnes,1150.77,Rs./Quintal
NCT of Delhi,Delhi,APMC Keshopur,Vegetables,Capsicum,June-2024,66.33,Metric Tonnes,3927.30,Rs./Quintal
NCT of Delhi,Delhi,APMC Keshopur,Vegetables,Cauliflower,June-2024,176.84,Metric Tonnes,2857.91,Rs./Quintal
NCT of Delhi,Delhi,APMC Keshopur,Vegetables,Coriander(Leaves),June-2024,2.16,Bundle,10488.43,Rs./Bundle
NCT of Delhi,Delhi,APMC Keshopur,Vegetables,Cucumbar(Kheera),June-2024,991.73,Metric Tonnes,2266.70,Rs./Quintal
NCT of Delhi,Delhi,APMC Keshopur,Vegetables,Onion,June-2024,2195.90,Metric Tonnes,2590.27,Rs./Quintal
NCT of Delhi,Delhi,APMC Keshopur,Vegetables,Peas Wet,June-2024,58.34,Metric Tonnes,5063.37,Rs./Quintal
NCT of Delhi,Delhi,APMC Keshopur,Vegetables,Potato,June-2024,2384.25,Metric Tonnes,2004.91,Rs./Quintal
NCT of Delhi,Delhi,APMC Keshopur,Vegetables,Pumpkin,June-2024,246.27,Metric Tonnes,1268.72,Rs./Quintal
NCT of Delhi,Delhi,APMC Keshopur,Vegetables,Raddish,June-2024,18.38,Metric Tonnes,1989.39,Rs./Quintal
NCT of Delhi,Delhi,APMC Keshopur,Vegetables,Tomato,June-2024,2626.32,Metric Tonnes,1525.90,Rs./Quintal
NCT of Delhi,Delhi,APMC Keshopur,Vegetables,Bitter gourd,July-2024,102.80,Metric Tonnes,1910.54,Rs./Quintal
NCT of Delhi,Delhi,APMC Keshopur,Vegetables,Bottle gourd,July-2024,157.77,Metric Tonnes,2409.88,Rs./Quintal
NCT of Delhi,Delhi,APMC Keshopur,Vegetables,Brinjal,July-2024,186.68,Metric Tonnes,2302.91,Rs./Quintal
NCT of Delhi,Delhi,APMC Keshopur,Vegetables,Cabbage,July-2024,157.15,Metric Tonnes,2238.50,Rs./Quintal
NCT of Delhi,Delhi,APMC Keshopur,Vegetables,Capsicum,July-2024,59.21,Metric Tonnes,4627.55,Rs./Quintal
NCT of Delhi,Delhi,APMC Keshopur,Vegetables,Cauliflower,July-2024,65.71,Metric Tonnes,6614.12,Rs./Quintal
NCT of Delhi,Delhi,APMC Keshopur,Vegetables,Coriander(Leaves),July-2024,0.41,Bundle,13000.00,Rs./Bundle
NCT of Delhi,Delhi,APMC Keshopur,Vegetables,Cucumbar(Kheera),July-2024,653.53,Metric Tonnes,2068.49,Rs./Quintal
NCT of Delhi,Delhi,APMC Keshopur,Vegetables,Onion,July-2024,901.52,Metric Tonnes,3054.28,Rs./Quintal
NCT of Delhi,Delhi,APMC Keshopur,Vegetables,Peas Wet,July-2024,19.30,Metric Tonnes,8647.41,Rs./Quintal
NCT of Delhi,Delhi,APMC Keshopur,Vegetables,Potato,July-2024,1060.60,Metric Tonnes,2262.40,Rs./Quintal
NCT of Delhi,Delhi,APMC Keshopur,Vegetables,Pumpkin,July-2024,205.04,Metric Tonnes,1507.83,Rs./Quintal
NCT of Delhi,Delhi,APMC Keshopur,Vegetables,Raddish,July-2024,15.81,Metric Tonnes,1691.46,Rs./Quintal
NCT of Delhi,Delhi,APMC Keshopur,Vegetables,Tomato,July-2024,867.59,Metric Tonnes,5326.21,Rs./Quintal
NCT of Delhi,Delhi,APMC Keshopur,Vegetables,Bitter gourd,August-2024,12.09,Metric Tonnes,2566.75,Rs./Quintal
NCT of Delhi,Delhi,APMC Keshopur,Vegetables,Bottle gourd,August-2024,101.02,Metric Tonnes,2343.93,Rs./Quintal
NCT of Delhi,Delhi,APMC Keshopur,Vegetables,Brinjal,August-2024,45.14,Metric Tonnes,2328.44,Rs./Quintal
NCT of Delhi,Delhi,APMC Keshopur,Vegetables,Cabbage,August-2024,47.27,Metric Tonnes,2665.75,Rs./Quintal
NCT of Delhi,Delhi,APMC Keshopur,Vegetables,Capsicum,August-2024,46.89,Metric Tonnes,4527.62,Rs./Quintal
NCT of Delhi,Delhi,APMC Keshopur,Vegetables,Cauliflower,August-2024,69.43,Metric Tonnes,4985.42,Rs./Quintal
NCT of Delhi,Delhi,APMC Keshopur,Vegetables,Coriander(Leaves),August-2024,0.24,Bundle,5541.67,Rs./Bundle
NCT of Delhi,Delhi,APMC Keshopur,Vegetables,Cucumbar(Kheera),August-2024,230.65,Metric Tonnes,3115.90,Rs./Quintal
NCT of Delhi,Delhi,APMC Keshopur,Vegetables,Onion,August-2024,413.96,Metric Tonnes,3332.06,Rs./Quintal
NCT of Delhi,Delhi,APMC Keshopur,Vegetables,Peas Wet,August-2024,10.82,Metric Tonnes,8177.45,Rs./Quintal
NCT of Delhi,Delhi,APMC Keshopur,Vegetables,Potato,August-2024,473.60,Metric Tonnes,2546.16,Rs./Quintal
NCT of Delhi,Delhi,APMC Keshopur,Vegetables,Pumpkin,August-2024,145.45,Metric Tonnes,1507.27,Rs./Quintal
NCT of Delhi,Delhi,APMC Keshopur,Vegetables,Raddish,August-2024,9.83,Metric Tonnes,2692.98,Rs./Quintal
NCT of Delhi,Delhi,APMC Keshopur,Vegetables,Tomato,August-2024,745.11,Metric Tonnes,2917.04,Rs./Quintal
NCT of Delhi,Delhi,APMC Keshopur,Vegetables,Bitter gourd,September-2024,105.53,Metric Tonnes,2536.57,Rs./Quintal
NCT of Delhi,Delhi,APMC Keshopur,Vegetables,Bottle gourd,September-2024,542.85,Metric Tonnes,1895.00,Rs./Quintal
NCT of Delhi,Delhi,APMC Keshopur,Vegetables,Brinjal,September-2024,249.88,Metric Tonnes,2488.61,Rs./Quintal
NCT of Delhi,Delhi,APMC Keshopur,Vegetables,Cabbage,September-2024,356.52,Metric Tonnes,1943.15,Rs./Quintal
NCT of Delhi,Delhi,APMC Keshopur,Vegetables,Capsicum,September-2024,112.39,Metric Tonnes,5726.13,Rs./Quintal
NCT of Delhi,Delhi,APMC Keshopur,Vegetables,Cauliflower,September-2024,186.98,Metric Tonnes,5066.43,Rs./Quintal
NCT of Delhi,Delhi,APMC Keshopur,Vegetables,Coriander(Leaves),September-2024,7.96,Bundle,12851.76,Rs./Bundle
NCT of Delhi,Delhi,APMC Keshopur,Vegetables,Cucumbar(Kheera),September-2024,833.24,Metric Tonnes,2727.70,Rs./Quintal
NCT of Delhi,Delhi,APMC Keshopur,Vegetables,Onion,September-2024,1684.52,Metric Tonnes,4342.43,Rs./Quintal
NCT of Delhi,Delhi,APMC Keshopur,Vegetables,Peas Wet,September-2024,7.95,Metric Tonnes,8480.13,Rs./Quintal
NCT of Delhi,Delhi,APMC Keshopur,Vegetables,Potato,September-2024,1853.40,Metric Tonnes,2353.40,Rs./Quintal
NCT of Delhi,Delhi,APMC Keshopur,Vegetables,Pumpkin,September-2024,350.36,Metric Tonnes,1512.11,Rs./Quintal
NCT of Delhi,Delhi,APMC Keshopur,Vegetables,Raddish,September-2024,933.04,Metric Tonnes,2788.59,Rs./Quintal
NCT of Delhi,Delhi,APMC Keshopur,Vegetables,Tomato,September-2024,2015.72,Metric Tonnes,3375.91,Rs./Quintal
NCT of Delhi,Delhi,APMC Keshopur,Vegetables,Bitter gourd,October-2024,104.44,Metric Tonnes,2090.02,Rs./Quintal
NCT of Delhi,Delhi,APMC Keshopur,Vegetables,Bottle gourd,October-2024,472.75,Metric Tonnes,1680.16,Rs./Quintal
NCT of Delhi,Delhi,APMC Keshopur,Vegetables,Brinjal,October-2024,565.31,Metric Tonnes,2113.12,Rs./Quintal
NCT of Delhi,Delhi,APMC Keshopur,Vegetables,Cabbage,October-2024,390.95,Metric Tonnes,1846.08,Rs./Quintal
NCT of Delhi,Delhi,APMC Keshopur,Vegetables,Capsicum,October-2024,141.31,Metric Tonnes,5507.05,Rs./Quintal
NCT of Delhi,Delhi,APMC Keshopur,Vegetables,Cauliflower,October-2024,409.90,Metric Tonnes,4510.48,Rs./Quintal
NCT of Delhi,Delhi,APMC Keshopur,Vegetables,Coriander(Leaves),October-2024,18.65,Bundle,6893.78,Rs./Bundle
NCT of Delhi,Delhi,APMC Keshopur,Vegetables,Cucumbar(Kheera),October-2024,984.23,Metric Tonnes,2277.01,Rs./Quintal
NCT of Delhi,Delhi,APMC Keshopur,Vegetables,Onion,October-2024,1738.07,Metric Tonnes,4009.96,Rs./Quintal
NCT of Delhi,Delhi,APMC Keshopur,Vegetables,Peas Wet,October-2024,15.75,Metric Tonnes,8798.54,Rs./Quintal
NCT of Delhi,Delhi,APMC Keshopur,Vegetables,Potato,October-2024,3475.88,Metric Tonnes,1935.63,Rs./Quintal
NCT of Delhi,Delhi,APMC Keshopur,Vegetables,Pumpkin,October-2024,436.67,Metric Tonnes,1562.82,Rs./Quintal
NCT of Delhi,Delhi,APMC Keshopur,Vegetables,Raddish,October-2024,448.28,Metric Tonnes,1989.37,Rs./Quintal
NCT of Delhi,Delhi,APMC Keshopur,Vegetables,Tomato,October-2024,2733.86,Metric Tonnes,4772.60,Rs./Quintal
NCT of Delhi,Delhi,APMC Keshopur,Vegetables,Bitter gourd,November-2024,85.13,Metric Tonnes,2131.89,Rs./Quintal
NCT of Delhi,Delhi,APMC Keshopur,Vegetables,Bottle gourd,November-2024,256.93,Metric Tonnes,1706.14,Rs./Quintal
NCT of Delhi,Delhi,APMC Keshopur,Vegetables,Brinjal,November-2024,365.71,Metric Tonnes,2096.87,Rs./Quintal
NCT of Delhi,Delhi,APMC Keshopur,Vegetables,Cabbage,November-2024,896.19,Metric Tonnes,1866.77,Rs./Quintal
NCT of Delhi,Delhi,APMC Keshopur,Vegetables,Capsicum,November-2024,166.20,Metric Tonnes,3764.03,Rs./Quintal
NCT of Delhi,Delhi,APMC Keshopur,Vegetables,Cauliflower,November-2024,1335.45,Metric Tonnes,2727.99,Rs./Quintal
NCT of Delhi,Delhi,APMC Keshopur,Vegetables,Coriander(Leaves),November-2024,38.22,Bundle,2905.08,Rs./Bundle
NCT of Delhi,Delhi,APMC Keshopur,Vegetables,Cucumbar(Kheera),November-2024,533.21,Metric Tonnes,2463.85,Rs./Quintal
NCT of Delhi,Delhi,APMC Keshopur,Vegetables,Onion,November-2024,2291.04,Metric Tonnes,3615.15,Rs./Quintal
NCT of Delhi,Delhi,APMC Keshopur,Vegetables,Peas Wet,November-2024,218.38,Metric Tonnes,5387.77,Rs./Quintal
NCT of Delhi,Delhi,APMC Keshopur,Vegetables,Potato,November-2024,3278.85,Metric Tonnes,2069.90,Rs./Quintal
NCT of Delhi,Delhi,APMC Keshopur,Vegetables,Pumpkin,November-2024,226.75,Metric Tonnes,1579.14,Rs./Quintal
NCT of Delhi,Delhi,APMC Keshopur,Vegetables,Raddish,November-2024,744.61,Metric Tonnes,1696.79,Rs./Quintal
NCT of Delhi,Delhi,APMC Keshopur,Vegetables,Tomato,November-2024,3379.21,Metric Tonnes,3077.96,Rs./Quintal
NCT of Delhi,Delhi,APMC Keshopur,Vegetables,Bitter gourd,December-2024,31.37,Metric Tonnes,2901.34,Rs./Quintal
NCT of Delhi,Delhi,APMC Keshopur,Vegetables,Bottle gourd,December-2024,303.57,Metric Tonnes,1753.90,Rs./Quintal
NCT of Delhi,Delhi,APMC Keshopur,Vegetables,Brinjal,December-2024,409.70,Metric Tonnes,2533.02,Rs./Quintal
NCT of Delhi,Delhi,APMC Keshopur,Vegetables,Cabbage,December-2024,811.28,Metric Tonnes,1760.37,Rs./Quintal
NCT of Delhi,Delhi,APMC Keshopur,Vegetables,Capsicum,December-2024,199.03,Metric Tonnes,3244.53,Rs./Quintal
NCT of Delhi,Delhi,APMC Keshopur,Vegetables,Cauliflower,December-2024,1869.39,Metric Tonnes,2120.05,Rs./Quintal
NCT of Delhi,Delhi,APMC Keshopur,Vegetables,Coriander(Leaves),December-2024,28.08,Bundle,1404.56,Rs./Bundle
NCT of Delhi,Delhi,APMC Keshopur,Vegetables,Cucumbar(Kheera),December-2024,226.85,Metric Tonnes,2428.47,Rs./Quintal
NCT of Delhi,Delhi,APMC Keshopur,Vegetables,Onion,December-2024,1906.89,Metric Tonnes,3225.05,Rs./Quintal
NCT of Delhi,Delhi,APMC Keshopur,Vegetables,Peas Wet,December-2024,691.16,Metric Tonnes,5330.35,Rs./Quintal
NCT of Delhi,Delhi,APMC Keshopur,Vegetables,Potato,December-2024,4937.05,Metric Tonnes,1940.17,Rs./Quintal
NCT of Delhi,Delhi,APMC Keshopur,Vegetables,Pumpkin,December-2024,250.15,Metric Tonnes,1834.40,Rs./Quintal
NCT of Delhi,Delhi,APMC Keshopur,Vegetables,Raddish,December-2024,532.86,Metric Tonnes,1061.28,Rs./Quintal
NCT of Delhi,Delhi,APMC Keshopur,Vegetables,Tomato,December-2024,4789.62,Metric Tonnes,2567.22,Rs./Quintal
NCT of Delhi,Delhi,APMC Keshopur,Vegetables,Bitter gourd,January-2025,19.36,Metric Tonnes,3300.15,Rs./Quintal
NCT of Delhi,Delhi,APMC Keshopur,Vegetables,Bottle gourd,January-2025,479.53,Metric Tonnes,1419.12,Rs./Quintal
NCT of Delhi,Delhi,APMC Keshopur,Vegetables,Brinjal,January-2025,527.10,Metric Tonnes,1709.38,Rs./Quintal
NCT of Delhi,Delhi,APMC Keshopur,Vegetables,Cabbage,January-2025,833.16,Metric Tonnes,822.78,Rs./Quintal
NCT of Delhi,Delhi,APMC Keshopur,Vegetables,Capsicum,January-2025,142.87,Metric Tonnes,2560.61,Rs./Quintal
NCT of Delhi,Delhi,APMC Keshopur,Vegetables,Cauliflower,January-2025,2148.26,Metric Tonnes,687.19,Rs./Quintal
NCT of Delhi,Delhi,APMC Keshopur,Vegetables,Coriander(Leaves),January-2025,35.94,Bundle,972.22,Rs./Bundle
NCT of Delhi,Delhi,APMC Keshopur,Vegetables,Cucumbar(Kheera),January-2025,165.68,Metric Tonnes,2520.63,Rs./Quintal
NCT of Delhi,Delhi,APMC Keshopur,Vegetables,Onion,January-2025,1924.27,Metric Tonnes,2374.47,Rs./Quintal
NCT of Delhi,Delhi,APMC Keshopur,Vegetables,Peas Wet,January-2025,1355.06,Metric Tonnes,2986.76,Rs./Quintal
NCT of Delhi,Delhi,APMC Keshopur,Vegetables,Potato,January-2025,4427.74,Metric Tonnes,1272.44,Rs./Quintal
NCT of Delhi,Delhi,APMC Keshopur,Vegetables,Pumpkin,January-2025,223.83,Metric Tonnes,1461.89,Rs./Quintal
NCT of Delhi,Delhi,APMC Keshopur,Vegetables,Raddish,January-2025,294.53,Metric Tonnes,729.14,Rs./Quintal
NCT of Delhi,Delhi,APMC Keshopur,Vegetables,Tomato,January-2025,4561.92,Metric Tonnes,1001.06,Rs./Quintal
NCT of Delhi,Delhi,APMC Keshopur,Vegetables,Bitter gourd,February-2025,31.01,Metric Tonnes,4217.80,Rs./Quintal
NCT of Delhi,Delhi,APMC Keshopur,Vegetables,Bottle gourd,February-2025,424.47,Metric Tonnes,1665.05,Rs./Quintal
NCT of Delhi,Delhi,APMC Keshopur,Vegetables,Brinjal,February-2025,371.34,Metric Tonnes,1405.90,Rs./Quintal
NCT of Delhi,Delhi,APMC Keshopur,Vegetables,Cabbage,February-2025,976.49,Metric Tonnes,611.91,Rs./Quintal
NCT of Delhi,Delhi,APMC Keshopur,Vegetables,Capsicum,February-2025,131.72,Metric Tonnes,1825.30,Rs./Quintal
NCT of Delhi,Delhi,APMC Keshopur,Vegetables,Cauliflower,February-2025,1098.02,Metric Tonnes,686.06,Rs./Quintal
NCT of Delhi,Delhi,APMC Keshopur,Vegetables,Coriander(Leaves),February-2025,25.07,Bundle,1022.18,Rs./Bundle
NCT of Delhi,Delhi,APMC Keshopur,Vegetables,Cucumbar(Kheera),February-2025,406.76,Metric Tonnes,1567.77,Rs./Quintal
NCT of Delhi,Delhi,APMC Keshopur,Vegetables,Onion,February-2025,1788.90,Metric Tonnes,2861.32,Rs./Quintal
NCT of Delhi,Delhi,APMC Keshopur,Vegetables,Peas Wet,February-2025,1080.78,Metric Tonnes,1944.04,Rs./Quintal
NCT of Delhi,Delhi,APMC Keshopur,Vegetables,Potato,February-2025,3379.15,Metric Tonnes,1071.88,Rs./Quintal
NCT of Delhi,Delhi,APMC Keshopur,Vegetables,Pumpkin,February-2025,1442.36,Metric Tonnes,1226.64,Rs./Quintal
NCT of Delhi,Delhi,APMC Keshopur,Vegetables,Raddish,February-2025,342.99,Metric Tonnes,767.85,Rs./Quintal
NCT of Delhi,Delhi,APMC Keshopur,Vegetables,Tomato,February-2025,3871.64,Metric Tonnes,841.15,Rs./Quintal
NCT of Delhi,Delhi,APMC Keshopur,Vegetables,Bitter gourd,March-2025,107.47,Metric Tonnes,3943.52,Rs./Quintal
NCT of Delhi,Delhi,APMC Keshopur,Vegetables,Bottle gourd,March-2025,1135.19,Metric Tonnes,1515.51,Rs./Quintal
NCT of Delhi,Delhi,APMC Keshopur,Vegetables,Brinjal,March-2025,493.83,Metric Tonnes,1478.47,Rs./Quintal
NCT of Delhi,Delhi,APMC Keshopur,Vegetables,Cabbage,March-2025,1062.83,Metric Tonnes,675.73,Rs./Quintal
NCT of Delhi,Delhi,APMC Keshopur,Vegetables,Capsicum,March-2025,262.75,Metric Tonnes,2254.54,Rs./Quintal
NCT of Delhi,Delhi,APMC Keshopur,Vegetables,Cauliflower,March-2025,1618.67,Metric Tonnes,1708.51,Rs./Quintal
NCT of Delhi,Delhi,APMC Keshopur,Vegetables,Coriander(Leaves),March-2025,23.28,Bundle,1624.51,Rs./Bundle
NCT of Delhi,Delhi,APMC Keshopur,Vegetables,Cucumbar(Kheera),March-2025,1414.72,Metric Tonnes,2048.63,Rs./Quintal
NCT of Delhi,Delhi,APMC Keshopur,Vegetables,Onion,March-2025,2661.55,Metric Tonnes,2264.68,Rs./Quintal
NCT of Delhi,Delhi,APMC Keshopur,Vegetables,Peas Wet,March-2025,556.61,Metric Tonnes,2502.17,Rs./Quintal
NCT of Delhi,Delhi,APMC Keshopur,Vegetables,Potato,March-2025,5003.45,Metric Tonnes,1181.82,Rs./Quintal
NCT of Delhi,Delhi,APMC Keshopur,Vegetables,Pumpkin,March-2025,386.63,Metric Tonnes,1599.27,Rs./Quintal
NCT of Delhi,Delhi,APMC Keshopur,Vegetables,Raddish,March-2025,498.87,Metric Tonnes,1059.68,Rs./Quintal
NCT of Delhi,Delhi,APMC Keshopur,Vegetables,Tomato,March-2025,5321.71,Metric Tonnes,755.68,Rs./Quintal
NCT of Delhi,Delhi,APMC Keshopur,Vegetables,Bitter gourd,April-2025,195.12,Metric Tonnes,3157.50,Rs./Quintal
NCT of Delhi,Delhi,APMC Keshopur,Vegetables,Bottle gourd,April-2025,1077.06,Metric Tonnes,1136.69,Rs./Quintal
NCT of Delhi,Delhi,APMC Keshopur,Vegetables,Brinjal,April-2025,495.04,Metric Tonnes,2146.50,Rs./Quintal
NCT of Delhi,Delhi,APMC Keshopur,Vegetables,Cabbage,April-2025,583.25,Metric Tonnes,860.05,Rs./Quintal
NCT of Delhi,Delhi,APMC Keshopur,Vegetables,Capsicum,April-2025,353.97,Metric Tonnes,1824.27,Rs./Quintal
NCT of Delhi,Delhi,APMC Keshopur,Vegetables,Cauliflower,April-2025,1179.96,Metric Tonnes,1775.26,Rs./Quintal
NCT of Delhi,Delhi,APMC Keshopur,Vegetables,Coriander(Leaves),April-2025,41.76,Bundle,3643.10,Rs./Bundle
NCT of Delhi,Delhi,APMC Keshopur,Vegetables,Cucumbar(Kheera),April-2025,1839.89,Metric Tonnes,1705.29,Rs./Quintal
NCT of Delhi,Delhi,APMC Keshopur,Vegetables,Onion,April-2025,2454.34,Metric Tonnes,1523.49,Rs./Quintal
NCT of Delhi,Delhi,APMC Keshopur,Vegetables,Peas Wet,April-2025,235.62,Metric Tonnes,3919.28,Rs./Quintal
NCT of Delhi,Delhi,APMC Keshopur,Vegetables,Potato,April-2025,3976.30,Metric Tonnes,1134.32,Rs./Quintal
NCT of Delhi,Delhi,APMC Keshopur,Vegetables,Pumpkin,April-2025,352.77,Metric Tonnes,1143.78,Rs./Quintal
NCT of Delhi,Delhi,APMC Keshopur,Vegetables,Raddish,April-2025,112.33,Metric Tonnes,1314.56,Rs./Quintal
NCT of Delhi,Delhi,APMC Keshopur,Vegetables,Tomato,April-2025,4225.94,Metric Tonnes,969.44,Rs./Quintal
NCT of Delhi,Delhi,APMC Keshopur,Vegetables,Bitter gourd,May-2025,341.99,Metric Tonnes,2109.96,Rs./Quintal
NCT of Delhi,Delhi,APMC Keshopur,Vegetables,Bottle gourd,May-2025,680.44,Metric Tonnes,1186.87,Rs./Quintal
NCT of Delhi,Delhi,APMC Keshopur,Vegetables,Brinjal,May-2025,551.73,Metric Tonnes,2099.13,Rs./Quintal
NCT of Delhi,Delhi,APMC Keshopur,Vegetables,Cabbage,May-2025,512.36,Metric Tonnes,777.81,Rs./Quintal
NCT of Delhi,Delhi,APMC Keshopur,Vegetables,Capsicum,May-2025,266.66,Metric Tonnes,2267.31,Rs./Quintal
NCT of Delhi,Delhi,APMC Keshopur,Vegetables,Cauliflower,May-2025,474.70,Metric Tonnes,2989.45,Rs./Quintal
NCT of Delhi,Delhi,APMC Keshopur,Vegetables,Coriander(Leaves),May-2025,25.15,Bundle,4019.24,Rs./Bundle
NCT of Delhi,Delhi,APMC Keshopur,Vegetables,Cucumbar(Kheera),May-2025,1508.31,Metric Tonnes,1611.07,Rs./Quintal
NCT of Delhi,Delhi,APMC Keshopur,Vegetables,Onion,May-2025,2897.40,Metric Tonnes,1041.96,Rs./Quintal
NCT of Delhi,Delhi,APMC Keshopur,Vegetables,Peas Wet,May-2025,133.09,Metric Tonnes,4527.85,Rs./Quintal
NCT of Delhi,Delhi,APMC Keshopur,Vegetables,Potato,May-2025,3562.55,Metric Tonnes,1172.21,Rs./Quintal
NCT of Delhi,Delhi,APMC Keshopur,Vegetables,Pumpkin,May-2025,353.63,Metric Tonnes,966.00,Rs./Quintal
NCT of Delhi,Delhi,APMC Keshopur,Vegetables,Raddish,May-2025,15.73,Metric Tonnes,1453.21,Rs./Quintal
NCT of Delhi,Delhi,APMC Keshopur,Vegetables,Tomato,May-2025,3933.18,Metric Tonnes,911.83,Rs./Quintal
NCT of Delhi,Delhi,APMC Keshopur,Vegetables,Bitter gourd,June-2025,177.96,Metric Tonnes,1997.48,Rs./Quintal
NCT of Delhi,Delhi,APMC Keshopur,Vegetables,Bottle gourd,June-2025,548.74,Metric Tonnes,1739.06,Rs./Quintal
NCT of Delhi,Delhi,APMC Keshopur,Vegetables,Brinjal,June-2025,310.41,Metric Tonnes,2237.80,Rs./Quintal
NCT of Delhi,Delhi,APMC Keshopur,Vegetables,Cabbage,June-2025,656.29,Metric Tonnes,1191.32,Rs./Quintal
NCT of Delhi,Delhi,APMC Keshopur,Vegetables,Capsicum,June-2025,177.92,Metric Tonnes,4001.08,Rs./Quintal
NCT of Delhi,Delhi,APMC Keshopur,Vegetables,Cauliflower,June-2025,283.25,Metric Tonnes,5571.58,Rs./Quintal
NCT of Delhi,Delhi,APMC Keshopur,Vegetables,Coriander(Leaves),June-2025,10.24,Bundle,6967.77,Rs./Bundle
NCT of Delhi,Delhi,APMC Keshopur,Vegetables,Cucumbar(Kheera),June-2025,1358.58,Metric Tonnes,2199.59,Rs./Quintal
NCT of Delhi,Delhi,APMC Keshopur,Vegetables,Onion,June-2025,2977.38,Metric Tonnes,1643.36,Rs./Quintal
NCT of Delhi,Delhi,APMC Keshopur,Vegetables,Peas Wet,June-2025,91.32,Metric Tonnes,6053.35,Rs./Quintal
NCT of Delhi,Delhi,APMC Keshopur,Vegetables,Potato,June-2025,2867.65,Metric Tonnes,1465.11,Rs./Quintal
NCT of Delhi,Delhi,APMC Keshopur,Vegetables,Pumpkin,June-2025,356.71,Metric Tonnes,1483.32,Rs./Quintal
NCT of Delhi,Delhi,APMC Keshopur,Vegetables,Raddish,June-2025,31.55,Metric Tonnes,1786.69,Rs./Quintal
NCT of Delhi,Delhi,APMC Keshopur,Vegetables,Tomato,June-2025,3275.96,Metric Tonnes,3034.45,Rs./Quintal
NCT of Delhi,Delhi,APMC Keshopur,Vegetables,Bitter gourd,July-2025,133.17,Metric Tonnes,3147.89,Rs./Quintal
NCT of Delhi,Delhi,APMC Keshopur,Vegetables,Bottle gourd,July-2025,635.85,Metric Tonnes,2800.40,Rs./Quintal
NCT of Delhi,Delhi,APMC Keshopur,Vegetables,Brinjal,July-2025,330.58,Metric Tonnes,3897.11,Rs./Quintal
NCT of Delhi,Delhi,APMC Keshopur,Vegetables,Cabbage,July-2025,644.22,Metric Tonnes,1699.39,Rs./Quintal
NCT of Delhi,Delhi,APMC Keshopur,Vegetables,Capsicum,July-2025,141.49,Metric Tonnes,5770.67,Rs./Quintal
NCT of Delhi,Delhi,APMC Keshopur,Vegetables,Cauliflower,July-2025,239.07,Metric Tonnes,7273.29,Rs./Quintal
NCT of Delhi,Delhi,APMC Keshopur,Vegetables,Coriander(Leaves),July-2025,9.47,Bundle,8188.38,Rs./Bundle
NCT of Delhi,Delhi,APMC Keshopur,Vegetables,Cucumbar(Kheera),July-2025,1874.88,Metric Tonnes,3268.96,Rs./Quintal
NCT of Delhi,Delhi,APMC Keshopur,Vegetables,Onion,July-2025,2723.31,Metric Tonnes,1728.84,Rs./Quintal
NCT of Delhi,Delhi,APMC Keshopur,Vegetables,Peas Wet,July-2025,40.98,Metric Tonnes,10356.91,Rs./Quintal
NCT of Delhi,Delhi,APMC Keshopur,Vegetables,Potato,July-2025,3923.23,Metric Tonnes,1380.84,Rs./Quintal
NCT of Delhi,Delhi,APMC Keshopur,Vegetables,Pumpkin,July-2025,591.51,Metric Tonnes,1867.13,Rs./Quintal
NCT of Delhi,Delhi,APMC Keshopur,Vegetables,Raddish,July-2025,43.09,Metric Tonnes,3578.52,Rs./Quintal
NCT of Delhi,Delhi,APMC Keshopur,Vegetables,Tomato,July-2025,3197.93,Metric Tonnes,3859.96,Rs./Quintal
NCT of Delhi,Delhi,APMC Keshopur,Vegetables,Bitter gourd,August-2025,246.44,Metric Tonnes,2674.69,Rs./Quintal
NCT of Delhi,Delhi,APMC Keshopur,Vegetables,Bottle gourd,August-2025,662.11,Metric Tonnes,2113.80,Rs./Quintal
NCT of Delhi,Delhi,APMC Keshopur,Vegetables,Brinjal,August-2025,467.13,Metric Tonnes,2669.03,Rs./Quintal
NCT of Delhi,Delhi,APMC Keshopur,Vegetables,Cabbage,August-2025,704.87,Metric Tonnes,1606.97,Rs./Quintal
NCT of Delhi,Delhi,APMC Keshopur,Vegetables,Capsicum,August-2025,326.18,Metric Tonnes,4805.36,Rs./Quintal
NCT of Delhi,Delhi,APMC Keshopur,Vegetables,Cauliflower,August-2025,538.79,Metric Tonnes,6385.24,Rs./Quintal
NCT of Delhi,Delhi,APMC Keshopur,Vegetables,Coriander(Leaves),August-2025,9.04,Bundle,5807.41,Rs./Bundle
NCT of Delhi,Delhi,APMC Keshopur,Vegetables,Cucumbar(Kheera),August-2025,2514.32,Metric Tonnes,2381.64,Rs./Quintal
NCT of Delhi,Delhi,APMC Keshopur,Vegetables,Onion,August-2025,3117.83,Metric Tonnes,1620.00,Rs./Quintal
NCT of Delhi,Delhi,APMC Keshopur,Vegetables,Peas Wet,August-2025,27.90,Metric Tonnes,10689.07,Rs./Quintal
NCT of Delhi,Delhi,APMC Keshopur,Vegetables,Potato,August-2025,4283.10,Metric Tonnes,1287.60,Rs./Quintal
NCT of Delhi,Delhi,APMC Keshopur,Vegetables,Pumpkin,August-2025,719.54,Metric Tonnes,1458.86,Rs./Quintal
NCT of Delhi,Delhi,APMC Keshopur,Vegetables,Raddish,August-2025,136.07,Metric Tonnes,3167.76,Rs./Quintal
NCT of Delhi,Delhi,APMC Keshopur,Vegetables,Tomato,August-2025,4248.03,Metric Tonnes,4069.66,Rs./Quintal
NCT of Delhi,Delhi,APMC Keshopur,Vegetables,Bitter gourd,September-2025,272.91,Metric Tonnes,2818.08,Rs./Quintal
NCT of Delhi,Delhi,APMC Keshopur,Vegetables,Bottle gourd,September-2025,706.21,Metric Tonnes,2347.55,Rs./Quintal
NCT of Delhi,Delhi,APMC Keshopur,Vegetables,Brinjal,September-2025,404.18,Metric Tonnes,2216.37,Rs./Quintal
NCT of Delhi,Delhi,APMC Keshopur,Vegetables,Cabbage,September-2025,609.11,Metric Tonnes,1683.23,Rs./Quintal
NCT of Delhi,Delhi,APMC Keshopur,Vegetables,Capsicum,September-2025,187.47,Metric Tonnes,5376.47,Rs./Quintal
NCT of Delhi,Delhi,APMC Keshopur,Vegetables,Cauliflower,September-2025,551.56,Metric Tonnes,4852.93,Rs./Quintal
NCT of Delhi,Delhi,APMC Keshopur,Vegetables,Coriander(Leaves),September-2025,6.12,Bundle,6866.18,Rs./Bundle
NCT of Delhi,Delhi,APMC Keshopur,Vegetables,Cucumbar(Kheera),September-2025,2116.05,Metric Tonnes,2354.58,Rs./Quintal
NCT of Delhi,Delhi,APMC Keshopur,Vegetables,Onion,September-2025,2533.25,Metric Tonnes,1429.05,Rs./Quintal
NCT of Delhi,Delhi,APMC Keshopur,Vegetables,Peas Wet,September-2025,3.16,Metric Tonnes,9664.56,Rs./Quintal
NCT of Delhi,Delhi,APMC Keshopur,Vegetables,Potato,September-2025,4676.45,Metric Tonnes,1241.79,Rs./Quintal
NCT of Delhi,Delhi,APMC Keshopur,Vegetables,Pumpkin,September-2025,682.08,Metric Tonnes,1560.43,Rs./Quintal
NCT of Delhi,Delhi,APMC Keshopur,Vegetables,Raddish,September-2025,238.04,Metric Tonnes,2575.62,Rs./Quintal
NCT of Delhi,Delhi,APMC Keshopur,Vegetables,Tomato,September-2025,5666.61,Metric Tonnes,2597.22,Rs./Quintal
NCT of Delhi,Delhi,APMC Keshopur,Vegetables,Bitter gourd,October-2025,102.14,Metric Tonnes,3535.50,Rs./Quintal
NCT of Delhi,Delhi,APMC Keshopur,Vegetables,Bottle gourd,October-2025,392.22,Metric Tonnes,2360.15,Rs./Quintal
NCT of Delhi,Delhi,APMC Keshopur,Vegetables,Brinjal,October-2025,532.65,Metric Tonnes,2390.67,Rs./Quintal
NCT of Delhi,Delhi,APMC Keshopur,Vegetables,Cabbage,October-2025,581.18,Metric Tonnes,2119.89,Rs./Quintal
NCT of Delhi,Delhi,APMC Keshopur,Vegetables,Capsicum,October-2025,177.36,Metric Tonnes,5894.43,Rs./Quintal
NCT of Delhi,Delhi,APMC Keshopur,Vegetables,Cauliflower,October-2025,621.48,Metric Tonnes,5399.06,Rs./Quintal
NCT of Delhi,Delhi,APMC Keshopur,Vegetables,Coriander(Leaves),October-2025,6.33,Bundle,12075.83,Rs./Bundle
NCT of Delhi,Delhi,APMC Keshopur,Vegetables,Cucumbar(Kheera),October-2025,1247.37,Metric Tonnes,2585.67,Rs./Quintal
NCT of Delhi,Delhi,APMC Keshopur,Vegetables,Onion,October-2025,2902.78,Metric Tonnes,1515.22,Rs./Quintal
NCT of Delhi,Delhi,APMC Keshopur,Vegetables,Peas Wet,October-2025,3.22,Metric Tonnes,12664.60,Rs./Quintal
NCT of Delhi,Delhi,APMC Keshopur,Vegetables,Potato,October-2025,3696.99,Metric Tonnes,1491.08,Rs./Quintal
NCT of Delhi,Delhi,APMC Keshopur,Vegetables,Pumpkin,October-2025,422.36,Metric Tonnes,1959.41,Rs./Quintal
NCT of Delhi,Delhi,APMC Keshopur,Vegetables,Raddish,October-2025,506.08,Metric Tonnes,1697.15,Rs./Quintal
NCT of Delhi,Delhi,APMC Keshopur,Vegetables,Tomato,October-2025,4928.87,Metric Tonnes,2457.11,Rs./Quintal
NCT of Delhi,Delhi,APMC Keshopur,Vegetables,Bhindi(Ladies Finger),November-2025,13.38,Metric Tonnes,6106.17,Rs./Quintal
NCT of Delhi,Delhi,APMC Keshopur,Vegetables,Bitter gourd,November-2025,44.22,Metric Tonnes,3626.44,Rs./Quintal
NCT of Delhi,Delhi,APMC Keshopur,Vegetables,Bottle gourd,November-2025,184.95,Metric Tonnes,2566.08,Rs./Quintal
NCT of Delhi,Delhi,APMC Keshopur,Vegetables,Brinjal,November-2025,254.57,Metric Tonnes,2352.40,Rs./Quintal
NCT of Delhi,Delhi,APMC Keshopur,Vegetables,Cabbage,November-2025,760.87,Metric Tonnes,2141.06,Rs./Quintal
NCT of Delhi,Delhi,APMC Keshopur,Vegetables,Capsicum,November-2025,148.17,Metric Tonnes,4152.04,Rs./Quintal
NCT of Delhi,Delhi,APMC Keshopur,Vegetables,Carrot,November-2025,477.96,Metric Tonnes,2953.51,Rs./Quintal
NCT of Delhi,Delhi,APMC Keshopur,Vegetables,Cauliflower,November-2025,1174.44,Metric Tonnes,2542.65,Rs./Quintal
NCT of Delhi,Delhi,APMC Keshopur,Vegetables,Coriander(Leaves),November-2025,13.90,Bundle,4177.32,Rs./Bundle
NCT of Delhi,Delhi,APMC Keshopur,Vegetables,Cucumbar(Kheera),November-2025,580.17,Metric Tonnes,2517.53,Rs./Quintal
NCT of Delhi,Delhi,APMC Keshopur,Vegetables,Green Chilli,November-2025,225.19,Metric Tonnes,2710.09,Rs./Quintal
NCT of Delhi,Delhi,APMC Keshopur,Vegetables,Guar,November-2025,10.10,Metric Tonnes,4500.99,Rs./Quintal
NCT of Delhi,Delhi,APMC Keshopur,Vegetables,Indian Beans(Seam),November-2025,64.55,Metric Tonnes,4292.54,Rs./Quintal
NCT of Delhi,Delhi,APMC Keshopur,Vegetables,Methi(Leaves),November-2025,122.78,Metric Tonnes,3167.70,Rs./Quintal
NCT of Delhi,Delhi,APMC Keshopur,Vegetables,Onion,November-2025,2501.18,Metric Tonnes,1360.31,Rs./Quintal
NCT of Delhi,Delhi,APMC Keshopur,Vegetables,Peas Wet,November-2025,166.81,Metric Tonnes,6976.19,Rs./Quintal
NCT of Delhi,Delhi,APMC Keshopur,Vegetables,Potato,November-2025,5418.17,Metric Tonnes,1617.24,Rs./Quintal
NCT of Delhi,Delhi,APMC Keshopur,Vegetables,Pumpkin,November-2025,636.36,Metric Tonnes,1605.72,Rs./Quintal
NCT of Delhi,Delhi,APMC Keshopur,Vegetables,Raddish,November-2025,831.88,Metric Tonnes,1310.62,Rs./Quintal
NCT of Delhi,Delhi,APMC Keshopur,Vegetables,Spinach,November-2025,204.37,Metric Tonnes,1806.68,Rs./Quintal
NCT of Delhi,Delhi,APMC Keshopur,Vegetables,Tinda,November-2025,18.89,Metric Tonnes,6302.12,Rs./Quintal
NCT of Delhi,Delhi,APMC Keshopur,Vegetables,Tomato,November-2025,3616.65,Metric Tonnes,3649.19,Rs./Quintal
NCT of Delhi,Delhi,APMC Keshopur,Vegetables,Bhindi(Ladies Finger),December-2025,11.60,Metric Tonnes,7114.44,Rs./Quintal
NCT of Delhi,Delhi,APMC Keshopur,Vegetables,Bitter gourd,December-2025,30.58,Metric Tonnes,4348.63,Rs./Quintal
NCT of Delhi,Delhi,APMC Keshopur,Vegetables,Bottle gourd,December-2025,257.52,Metric Tonnes,2621.85,Rs./Quintal
NCT of Delhi,Delhi,APMC Keshopur,Vegetables,Brinjal,December-2025,350.52,Metric Tonnes,2488.61,Rs./Quintal
NCT of Delhi,Delhi,APMC Keshopur,Vegetables,Cabbage,December-2025,776.12,Metric Tonnes,1913.24,Rs./Quintal
NCT of Delhi,Delhi,APMC Keshopur,Vegetables,Capsicum,December-2025,134.10,Metric Tonnes,3911.25,Rs./Quintal
NCT of Delhi,Delhi,APMC Keshopur,Vegetables,Carrot,December-2025,960.73,Metric Tonnes,1954.45,Rs./Quintal
NCT of Delhi,Delhi,APMC Keshopur,Vegetables,Cauliflower,December-2025,1538.88,Metric Tonnes,2381.56,Rs./Quintal
NCT of Delhi,Delhi,APMC Keshopur,Vegetables,Coriander(Leaves),December-2025,27.30,Bundle,3702.64,Rs./Bundle
NCT of Delhi,Delhi,APMC Keshopur,Vegetables,Cucumbar(Kheera),December-2025,345.43,Metric Tonnes,2000.62,Rs./Quintal
NCT of Delhi,Delhi,APMC Keshopur,Vegetables,Green Chilli,December-2025,131.60,Metric Tonnes,3937.57,Rs./Quintal
NCT of Delhi,Delhi,APMC Keshopur,Vegetables,Indian Beans(Seam),December-2025,76.75,Metric Tonnes,3367.26,Rs./Quintal
NCT of Delhi,Delhi,APMC Keshopur,Vegetables,Methi(Leaves),December-2025,102.93,Metric Tonnes,1752.84,Rs./Quintal
NCT of Delhi,Delhi,APMC Keshopur,Vegetables,Onion,December-2025,1603.64,Metric Tonnes,1719.37,Rs./Quintal
NCT of Delhi,Delhi,APMC Keshopur,Vegetables,Peas Wet,December-2025,1318.56,Metric Tonnes,4643.92,Rs./Quintal
NCT of Delhi,Delhi,APMC Keshopur,Vegetables,Potato,December-2025,6479.58,Metric Tonnes,1021.35,Rs./Quintal
NCT of Delhi,Delhi,APMC Keshopur,Vegetables,Pumpkin,December-2025,269.83,Metric Tonnes,1493.22,Rs./Quintal
NCT of Delhi,Delhi,APMC Keshopur,Vegetables,Raddish,December-2025,516.48,Metric Tonnes,1082.29,Rs./Quintal
NCT of Delhi,Delhi,APMC Keshopur,Vegetables,Spinach,December-2025,305.23,Metric Tonnes,871.03,Rs./Quintal
NCT of Delhi,Delhi,APMC Keshopur,Vegetables,Tinda,December-2025,26.17,Metric Tonnes,4476.40,Rs./Quintal
NCT of Delhi,Delhi,APMC Keshopur,Vegetables,Tomato,December-2025,3699.55,Metric Tonnes,3366.57,Rs./Quintal
NCT of Delhi,Delhi,APMC Keshopur,Vegetables,Bhindi(Ladies Finger),January-2026,29.85,Metric Tonnes,7505.90,Rs./Quintal
NCT of Delhi,Delhi,APMC Keshopur,Vegetables,Bitter gourd,January-2026,21.25,Metric Tonnes,6171.65,Rs./Quintal
NCT of Delhi,Delhi,APMC Keshopur,Vegetables,Bottle gourd,January-2026,358.49,Metric Tonnes,2425.04,Rs./Quintal
NCT of Delhi,Delhi,APMC Keshopur,Vegetables,Brinjal,January-2026,581.47,Metric Tonnes,2513.29,Rs./Quintal
NCT of Delhi,Delhi,APMC Keshopur,Vegetables,Cabbage,January-2026,735.71,Metric Tonnes,1400.94,Rs./Quintal
NCT of Delhi,Delhi,APMC Keshopur,Vegetables,Capsicum,January-2026,141.66,Metric Tonnes,2796.53,Rs./Quintal
NCT of Delhi,Delhi,APMC Keshopur,Vegetables,Carrot,January-2026,1190.91,Metric Tonnes,1303.12,Rs./Quintal
NCT of Delhi,Delhi,APMC Keshopur,Vegetables,Cauliflower,January-2026,1459.52,Metric Tonnes,1634.65,Rs./Quintal
NCT of Delhi,Delhi,APMC Keshopur,Vegetables,Coriander(Leaves),January-2026,34.30,Bundle,2457.19,Rs./Bundle
NCT of Delhi,Delhi,APMC Keshopur,Vegetables,Cucumbar(Kheera),January-2026,146.90,Metric Tonnes,2796.19,Rs./Quintal
NCT of Delhi,Delhi,APMC Keshopur,Vegetables,Green Chilli,January-2026,97.14,Metric Tonnes,4684.78,Rs./Quintal
NCT of Delhi,Delhi,APMC Keshopur,Vegetables,Indian Beans(Seam),January-2026,49.00,Metric Tonnes,2608.46,Rs./Quintal
NCT of Delhi,Delhi,APMC Keshopur,Vegetables,Methi(Leaves),January-2026,102.70,Metric Tonnes,1664.42,Rs./Quintal
NCT of Delhi,Delhi,APMC Keshopur,Vegetables,Onion,January-2026,2185.36,Metric Tonnes,1841.12,Rs./Quintal
NCT of Delhi,Delhi,APMC Keshopur,Vegetables,Peas Wet,January-2026,3102.51,Metric Tonnes,2359.33,Rs./Quintal
NCT of Delhi,Delhi,APMC Keshopur,Vegetables,Potato,January-2026,19469.75,Metric Tonnes,641.16,Rs./Quintal
NCT of Delhi,Delhi,APMC Keshopur,Vegetables,Pumpkin,January-2026,519.19,Metric Tonnes,1446.96,Rs./Quintal
NCT of Delhi,Delhi,APMC Keshopur,Vegetables,Raddish,January-2026,361.59,Metric Tonnes,1125.29,Rs./Quintal
NCT of Delhi,Delhi,APMC Keshopur,Vegetables,Spinach,January-2026,315.76,Metric Tonnes,666.48,Rs./Quintal
NCT of Delhi,Delhi,APMC Keshopur,Vegetables,Tinda,January-2026,30.32,Metric Tonnes,2421.27,Rs./Quintal
NCT of Delhi,Delhi,APMC Keshopur,Vegetables,Tomato,January-2026,4767.10,Metric Tonnes,2791.87,Rs./Quintal
NCT of Delhi,Delhi,APMC Keshopur,Vegetables,Bhindi(Ladies Finger),February-2026,81.28,Metric Tonnes,6905.13,Rs./Quintal
NCT of Delhi,Delhi,APMC Keshopur,Vegetables,Bitter gourd,February-2026,68.78,Metric Tonnes,4868.59,Rs./Quintal
NCT of Delhi,Delhi,APMC Keshopur,Vegetables,Bottle gourd,February-2026,271.00,Metric Tonnes,3106.08,Rs./Quintal
NCT of Delhi,Delhi,APMC Keshopur,Vegetables,Brinjal,February-2026,546.99,Metric Tonnes,2543.18,Rs./Quintal
NCT of Delhi,Delhi,APMC Keshopur,Vegetables,Cabbage,February-2026,611.96,Metric Tonnes,1235.88,Rs./Quintal
NCT of Delhi,Delhi,APMC Keshopur,Vegetables,Capsicum,February-2026,140.90,Metric Tonnes,3434.81,Rs./Quintal
NCT of Delhi,Delhi,APMC Keshopur,Vegetables,Carrot,February-2026,739.92,Metric Tonnes,1451.75,Rs./Quintal
NCT of Delhi,Delhi,APMC Keshopur,Vegetables,Cauliflower,February-2026,1731.77,Metric Tonnes,1325.80,Rs./Quintal
NCT of Delhi,Delhi,APMC Keshopur,Vegetables,Coriander(Leaves),February-2026,55.28,Bundle,2291.79,Rs./Bundle
NCT of Delhi,Delhi,APMC Keshopur,Vegetables,Cucumbar(Kheera),February-2026,346.99,Metric Tonnes,2777.30,Rs./Quintal
NCT of Delhi,Delhi,APMC Keshopur,Vegetables,Green Chilli,February-2026,69.85,Metric Tonnes,5490.77,Rs./Quintal
NCT of Delhi,Delhi,APMC Keshopur,Vegetables,Guar,February-2026,56.70,Metric Tonnes,3685.58,Rs./Quintal
NCT of Delhi,Delhi,APMC Keshopur,Vegetables,Indian Beans(Seam),February-2026,98.47,Metric Tonnes,4138.68,Rs./Quintal
NCT of Delhi,Delhi,APMC Keshopur,Vegetables,Methi(Leaves),February-2026,57.54,Metric Tonnes,2015.86,Rs./Quintal
NCT of Delhi,Delhi,APMC Keshopur,Vegetables,Onion,February-2026,2155.14,Metric Tonnes,1689.48,Rs./Quintal
NCT of Delhi,Delhi,APMC Keshopur,Vegetables,Peas Wet,February-2026,7609.26,Metric Tonnes,2280.79,Rs./Quintal
NCT of Delhi,Delhi,APMC Keshopur,Vegetables,Potato,February-2026,4524.90,Metric Tonnes,728.31,Rs./Quintal
NCT of Delhi,Delhi,APMC Keshopur,Vegetables,Pumpkin,February-2026,636.12,Metric Tonnes,2076.66,Rs./Quintal
NCT of Delhi,Delhi,APMC Keshopur,Vegetables,Raddish,February-2026,432.09,Metric Tonnes,1422.85,Rs./Quintal
NCT of Delhi,Delhi,APMC Keshopur,Vegetables,Spinach,February-2026,188.80,Metric Tonnes,942.03,Rs./Quintal
NCT of Delhi,Delhi,APMC Keshopur,Vegetables,Tinda,February-2026,87.18,Metric Tonnes,3174.63,Rs./Quintal
NCT of Delhi,Delhi,APMC Keshopur,Vegetables,Tomato,February-2026,4182.61,Metric Tonnes,1418.41,Rs./Quintal
NCT of Delhi,Delhi,APMC Keshopur,Vegetables,Bhindi(Ladies Finger),March-2026,230.70,Metric Tonnes,7278.80,Rs./Quintal
NCT of Delhi,Delhi,APMC Keshopur,Vegetables,Bitter gourd,March-2026,136.83,Metric Tonnes,5768.70,Rs./Quintal
NCT of Delhi,Delhi,APMC Keshopur,Vegetables,Bottle gourd,March-2026,865.46,Metric Tonnes,3022.65,Rs./Quintal
NCT of Delhi,Delhi,APMC Keshopur,Vegetables,Brinjal,March-2026,431.80,Metric Tonnes,2906.80,Rs./Quintal
NCT of Delhi,Delhi,APMC Keshopur,Vegetables,Cabbage,March-2026,488.68,Metric Tonnes,1372.13,Rs./Quintal
NCT of Delhi,Delhi,APMC Keshopur,Vegetables,Capsicum,March-2026,159.26,Metric Tonnes,4381.46,Rs./Quintal
NCT of Delhi,Delhi,APMC Keshopur,Vegetables,Carrot,March-2026,263.35,Metric Tonnes,2768.74,Rs./Quintal
NCT of Delhi,Delhi,APMC Keshopur,Vegetables,Cauliflower,March-2026,1358.36,Metric Tonnes,1080.29,Rs./Quintal
NCT of Delhi,Delhi,APMC Keshopur,Vegetables,Coriander(Leaves),March-2026,27.00,Bundle,2976.90,Rs./Bundle
NCT of Delhi,Delhi,APMC Keshopur,Vegetables,Cucumbar(Kheera),March-2026,1293.18,Metric Tonnes,2736.75,Rs./Quintal
NCT of Delhi,Delhi,APMC Keshopur,Vegetables,Green Chilli,March-2026,68.84,Metric Tonnes,6310.91,Rs./Quintal
NCT of Delhi,Delhi,APMC Keshopur,Vegetables,Indian Beans(Seam),March-2026,107.40,Metric Tonnes,4686.82,Rs./Quintal
NCT of Delhi,Delhi,APMC Keshopur,Vegetables,Methi(Leaves),March-2026,541.58,Metric Tonnes,2927.21,Rs./Quintal
NCT of Delhi,Delhi,APMC Keshopur,Vegetables,Onion,March-2026,2050.56,Metric Tonnes,1810.19,Rs./Quintal
NCT of Delhi,Delhi,APMC Keshopur,Vegetables,Peas Wet,March-2026,5606.50,Metric Tonnes,2502.68,Rs./Quintal
NCT of Delhi,Delhi,APMC Keshopur,Vegetables,Potato,March-2026,27903.30,Metric Tonnes,926.10,Rs./Quintal
NCT of Delhi,Delhi,APMC Keshopur,Vegetables,Pumpkin,March-2026,2726.28,Metric Tonnes,2162.34,Rs./Quintal
NCT of Delhi,Delhi,APMC Keshopur,Vegetables,Raddish,March-2026,430.45,Metric Tonnes,1823.38,Rs./Quintal
NCT of Delhi,Delhi,APMC Keshopur,Vegetables,Spinach,March-2026,159.63,Metric Tonnes,1775.67,Rs./Quintal
NCT of Delhi,Delhi,APMC Keshopur,Vegetables,Tinda,March-2026,112.10,Metric Tonnes,3782.89,Rs./Quintal
NCT of Delhi,Delhi,APMC Keshopur,Vegetables,Tomato,March-2026,5354.65,Metric Tonnes,1536.80,Rs./Quintal
NCT of Delhi,Delhi,APMC Keshopur,Vegetables,Bhindi(Ladies Finger),April-2026,319.87,Metric Tonnes,5036.89,Rs./Quintal
NCT of Delhi,Delhi,APMC Keshopur,Vegetables,Bitter gourd,April-2026,156.10,Metric Tonnes,3214.83,Rs./Quintal
NCT of Delhi,Delhi,APMC Keshopur,Vegetables,Bottle gourd,April-2026,715.00,Metric Tonnes,1870.41,Rs./Quintal
NCT of Delhi,Delhi,APMC Keshopur,Vegetables,Brinjal,April-2026,397.31,Metric Tonnes,2641.91,Rs./Quintal
NCT of Delhi,Delhi,APMC Keshopur,Vegetables,Cabbage,April-2026,387.58,Metric Tonnes,1384.49,Rs./Quintal
NCT of Delhi,Delhi,APMC Keshopur,Vegetables,Capsicum,April-2026,252.78,Metric Tonnes,3365.82,Rs./Quintal
NCT of Delhi,Delhi,APMC Keshopur,Vegetables,Carrot,April-2026,175.87,Metric Tonnes,2848.70,Rs./Quintal
NCT of Delhi,Delhi,APMC Keshopur,Vegetables,Cauliflower,April-2026,694.03,Metric Tonnes,1773.07,Rs./Quintal
NCT of Delhi,Delhi,APMC Keshopur,Vegetables,Coriander(Leaves),April-2026,21.76,Bundle,3062.18,Rs./Bundle
NCT of Delhi,Delhi,APMC Keshopur,Vegetables,Cucumbar(Kheera),April-2026,1409.65,Metric Tonnes,1614.31,Rs./Quintal
NCT of Delhi,Delhi,APMC Keshopur,Vegetables,Green Chilli,April-2026,14.00,Metric Tonnes,2200.00,Rs./Quintal
NCT of Delhi,Delhi,APMC Keshopur,Vegetables,Guar,April-2026,3.93,Metric Tonnes,3600.00,Rs./Quintal
NCT of Delhi,Delhi,APMC Keshopur,Vegetables,Indian Beans(Seam),April-2026,108.36,Metric Tonnes,3517.83,Rs./Quintal
NCT of Delhi,Delhi,APMC Keshopur,Vegetables,Methi(Leaves),April-2026,4.00,Metric Tonnes,4041.25,Rs./Quintal
NCT of Delhi,Delhi,APMC Keshopur,Vegetables,Onion,April-2026,2164.53,Metric Tonnes,1498.96,Rs./Quintal
NCT of Delhi,Delhi,APMC Keshopur,Vegetables,Peas Wet,April-2026,404.75,Metric Tonnes,4874.09,Rs./Quintal
NCT of Delhi,Delhi,APMC Keshopur,Vegetables,Potato,April-2026,16031.00,Metric Tonnes,809.69,Rs./Quintal
NCT of Delhi,Delhi,APMC Keshopur,Vegetables,Pumpkin,April-2026,1340.74,Metric Tonnes,1318.06,Rs./Quintal
NCT of Delhi,Delhi,APMC Keshopur,Vegetables,Raddish,April-2026,165.55,Metric Tonnes,1489.11,Rs./Quintal
NCT of Delhi,Delhi,APMC Keshopur,Vegetables,Spinach,April-2026,106.64,Metric Tonnes,2036.36,Rs./Quintal
NCT of Delhi,Delhi,APMC Keshopur,Vegetables,Tinda,April-2026,52.95,Metric Tonnes,3439.79,Rs./Quintal
NCT of Delhi,Delhi,APMC Keshopur,Vegetables,Tomato,April-2026,4006.73,Metric Tonnes,1609.96,Rs./Quintal
NCT of Delhi,Delhi,APMC Keshopur,Vegetables,Bhindi(Ladies Finger),May-2026,259.87,Metric Tonnes,2163.01,Rs./Quintal
NCT of Delhi,Delhi,APMC Keshopur,Vegetables,Bitter gourd,May-2026,284.95,Metric Tonnes,1607.03,Rs./Quintal
NCT of Delhi,Delhi,APMC Keshopur,Vegetables,Bottle gourd,May-2026,385.95,Metric Tonnes,1166.64,Rs./Quintal
NCT of Delhi,Delhi,APMC Keshopur,Vegetables,Brinjal,May-2026,488.56,Metric Tonnes,2113.47,Rs./Quintal
NCT of Delhi,Delhi,APMC Keshopur,Vegetables,Cabbage,May-2026,417.29,Metric Tonnes,914.26,Rs./Quintal
NCT of Delhi,Delhi,APMC Keshopur,Vegetables,Capsicum,May-2026,233.54,Metric Tonnes,1437.47,Rs./Quintal
NCT of Delhi,Delhi,APMC Keshopur,Vegetables,Carrot,May-2026,124.88,Metric Tonnes,2639.33,Rs./Quintal
NCT of Delhi,Delhi,APMC Keshopur,Vegetables,Cauliflower,May-2026,466.03,Metric Tonnes,2351.96,Rs./Quintal
NCT of Delhi,Delhi,APMC Keshopur,Vegetables,Coriander(Leaves),May-2026,23.22,Bundle,2835.34,Rs./Bundle
NCT of Delhi,Delhi,APMC Keshopur,Vegetables,Cucumbar(Kheera),May-2026,1196.16,Metric Tonnes,1564.77,Rs./Quintal
NCT of Delhi,Delhi,APMC Keshopur,Vegetables,Indian Beans(Seam),May-2026,43.79,Metric Tonnes,2284.44,Rs./Quintal
NCT of Delhi,Delhi,APMC Keshopur,Vegetables,Onion,May-2026,4776.69,Metric Tonnes,1244.10,Rs./Quintal
NCT of Delhi,Delhi,APMC Keshopur,Vegetables,Peas Wet,May-2026,271.06,Metric Tonnes,5732.95,Rs./Quintal
NCT of Delhi,Delhi,APMC Keshopur,Vegetables,Potato,May-2026,4333.68,Metric Tonnes,772.52,Rs./Quintal
NCT of Delhi,Delhi,APMC Keshopur,Vegetables,Pumpkin,May-2026,271.30,Metric Tonnes,1014.26,Rs./Quintal
NCT of Delhi,Delhi,APMC Keshopur,Vegetables,Raddish,May-2026,92.24,Metric Tonnes,1529.53,Rs./Quintal
NCT of Delhi,Delhi,APMC Keshopur,Vegetables,Spinach,May-2026,136.85,Metric Tonnes,1983.34,Rs./Quintal
NCT of Delhi,Delhi,APMC Keshopur,Vegetables,Tinda,May-2026,69.53,Metric Tonnes,2247.77,Rs./Quintal
NCT of Delhi,Delhi,APMC Keshopur,Vegetables,Tomato,May-2026,4207.13,Metric Tonnes,1117.27,Rs./Quintal
NCT of Delhi,Delhi,APMC Keshopur,Vegetables,Bhindi(Ladies Finger),June-2026,236.80,Metric Tonnes,2388.37,Rs./Quintal
NCT of Delhi,Delhi,APMC Keshopur,Vegetables,Bitter gourd,June-2026,350.73,Metric Tonnes,2071.91,Rs./Quintal
NCT of Delhi,Delhi,APMC Keshopur,Vegetables,Bottle gourd,June-2026,678.14,Metric Tonnes,1182.23,Rs./Quintal
NCT of Delhi,Delhi,APMC Keshopur,Vegetables,Brinjal,June-2026,574.35,Metric Tonnes,2258.89,Rs./Quintal
NCT of Delhi,Delhi,APMC Keshopur,Vegetables,Cabbage,June-2026,478.01,Metric Tonnes,1299.10,Rs./Quintal
NCT of Delhi,Delhi,APMC Keshopur,Vegetables,Capsicum,June-2026,171.00,Metric Tonnes,3346.83,Rs./Quintal
NCT of Delhi,Delhi,APMC Keshopur,Vegetables,Carrot,June-2026,96.87,Metric Tonnes,3021.34,Rs./Quintal
NCT of Delhi,Delhi,APMC Keshopur,Vegetables,Cauliflower,June-2026,191.23,Metric Tonnes,4525.36,Rs./Quintal
NCT of Delhi,Delhi,APMC Keshopur,Vegetables,Cucumbar(Kheera),June-2026,989.88,Metric Tonnes,2775.71,Rs./Quintal
NCT of Delhi,Delhi,APMC Keshopur,Vegetables,Onion,June-2026,4769.04,Metric Tonnes,1853.80,Rs./Quintal
NCT of Delhi,Delhi,APMC Keshopur,Vegetables,Peas Wet,June-2026,176.58,Metric Tonnes,7426.15,Rs./Quintal
NCT of Delhi,Delhi,APMC Keshopur,Vegetables,Potato,June-2026,3272.30,Metric Tonnes,1072.72,Rs./Quintal
NCT of Delhi,Delhi,APMC Keshopur,Vegetables,Pumpkin,June-2026,358.21,Metric Tonnes,1179.13,Rs./Quintal
NCT of Delhi,Delhi,APMC Keshopur,Vegetables,Raddish,June-2026,104.54,Metric Tonnes,1540.48,Rs./Quintal
NCT of Delhi,Delhi,APMC Keshopur,Vegetables,Spinach,June-2026,47.09,Metric Tonnes,1689.17,Rs./Quintal
NCT of Delhi,Delhi,APMC Keshopur,Vegetables,Tinda,June-2026,51.93,Metric Tonnes,3181.53,Rs./Quintal
NCT of Delhi,Delhi,APMC Keshopur,Vegetables,Tomato,June-2026,3599.50,Metric Tonnes,2388.00,Rs./Quintal
NCT of Delhi,Delhi,APMC Keshopur,Vegetables,Bhindi(Ladies Finger),July-2026,270.71,Metric Tonnes,4045.01,Rs./Quintal
NCT of Delhi,Delhi,APMC Keshopur,Vegetables,Bitter gourd,July-2026,146.06,Metric Tonnes,1772.94,Rs./Quintal
NCT of Delhi,Delhi,APMC Keshopur,Vegetables,Bottle gourd,July-2026,543.49,Metric Tonnes,2761.56,Rs./Quintal
NCT of Delhi,Delhi,APMC Keshopur,Vegetables,Brinjal,July-2026,379.67,Metric Tonnes,2762.60,Rs./Quintal
NCT of Delhi,Delhi,APMC Keshopur,Vegetables,Cabbage,July-2026,529.99,Metric Tonnes,1586.23,Rs./Quintal
NCT of Delhi,Delhi,APMC Keshopur,Vegetables,Capsicum,July-2026,195.95,Metric Tonnes,5625.71,Rs./Quintal
NCT of Delhi,Delhi,APMC Keshopur,Vegetables,Carrot,July-2026,90.03,Metric Tonnes,3487.78,Rs./Quintal
NCT of Delhi,Delhi,APMC Keshopur,Vegetables,Cauliflower,July-2026,466.14,Metric Tonnes,8425.14,Rs./Quintal
NCT of Delhi,Delhi,APMC Keshopur,Vegetables,Cucumbar(Kheera),July-2026,1783.91,Metric Tonnes,2729.57,Rs./Quintal
NCT of Delhi,Delhi,APMC Keshopur,Vegetables,Green Chilli,July-2026,12.06,Metric Tonnes,3874.09,Rs./Quintal
NCT of Delhi,Delhi,APMC Keshopur,Vegetables,Onion,July-2026,2856.83,Metric Tonnes,2397.80,Rs./Quintal
NCT of Delhi,Delhi,APMC Keshopur,Vegetables,Peas Wet,July-2026,2.68,Metric Tonnes,10179.10,Rs./Quintal
NCT of Delhi,Delhi,APMC Keshopur,Vegetables,Potato,July-2026,3840.98,Metric Tonnes,1159.60,Rs./Quintal
NCT of Delhi,Delhi,APMC Keshopur,Vegetables,Pumpkin,July-2026,740.57,Metric Tonnes,1378.85,Rs./Quintal
NCT of Delhi,Delhi,APMC Keshopur,Vegetables,Raddish,July-2026,41.06,Metric Tonnes,1634.77,Rs./Quintal
NCT of Delhi,Delhi,APMC Keshopur,Vegetables,Spinach,July-2026,37.73,Metric Tonnes,1645.36,Rs./Quintal
NCT of Delhi,Delhi,APMC Keshopur,Vegetables,Tinda,July-2026,41.29,Metric Tonnes,6569.33,Rs./Quintal
NCT of Delhi,Delhi,APMC Keshopur,Vegetables,Tomato,July-2026,4595.40,Metric Tonnes,2523.88,Rs./Quintal
NCT of Delhi,Delhi,APMC Keshopur,Vegetables,Bhindi(Ladies Finger),August-2026,277.42,Metric Tonnes,2787.24,Rs./Quintal
NCT of Delhi,Delhi,APMC Keshopur,Vegetables,Bitter gourd,August-2026,86.37,Metric Tonnes,2378.81,Rs./Quintal
NCT of Delhi,Delhi,APMC Keshopur,Vegetables,Bottle gourd,August-2026,674.84,Metric Tonnes,2491.01,Rs./Quintal
NCT of Delhi,Delhi,APMC Keshopur,Vegetables,Brinjal,August-2026,504.28,Metric Tonnes,2227.72,Rs./Quintal
NCT of Delhi,Delhi,APMC Keshopur,Vegetables,Cabbage,August-2026,739.87,Metric Tonnes,2056.23,Rs./Quintal
NCT of Delhi,Delhi,APMC Keshopur,Vegetables,Capsicum,August-2026,370.54,Metric Tonnes,4308.03,Rs./Quintal
NCT of Delhi,Delhi,APMC Keshopur,Vegetables,Carrot,August-2026,127.61,Metric Tonnes,3172.41,Rs./Quintal
NCT of Delhi,Delhi,APMC Keshopur,Vegetables,Cauliflower,August-2026,728.69,Metric Tonnes,5786.48,Rs./Quintal
NCT of Delhi,Delhi,APMC Keshopur,Vegetables,Coriander(Leaves),August-2026,0.80,Bundle,5437.50,Rs./Bundle
NCT of Delhi,Delhi,APMC Keshopur,Vegetables,Cucumbar(Kheera),August-2026,1317.93,Metric Tonnes,2481.74,Rs./Quintal
NCT of Delhi,Delhi,APMC Keshopur,Vegetables,Green Chilli,August-2026,183.17,Metric Tonnes,3680.18,Rs./Quintal
NCT of Delhi,Delhi,APMC Keshopur,Vegetables,Guar,August-2026,6.08,Metric Tonnes,2879.61,Rs./Quintal
NCT of Delhi,Delhi,APMC Keshopur,Vegetables,Onion,August-2026,2951.44,Metric Tonnes,3257.06,Rs./Quintal
NCT of Delhi,Delhi,APMC Keshopur,Vegetables,Peas Wet,August-2026,23.79,Metric Tonnes,8588.90,Rs./Quintal
NCT of Delhi,Delhi,APMC Keshopur,Vegetables,Potato,August-2026,4367.45,Metric Tonnes,979.49,Rs./Quintal
NCT of Delhi,Delhi,APMC Keshopur,Vegetables,Pumpkin,August-2026,471.75,Metric Tonnes,1591.54,Rs./Quintal
NCT of Delhi,Delhi,APMC Keshopur,Vegetables,Raddish,August-2026,124.45,Metric Tonnes,1659.34,Rs./Quintal
NCT of Delhi,Delhi,APMC Keshopur,Vegetables,Spinach,August-2026,32.09,Metric Tonnes,1993.98,Rs./Quintal
NCT of Delhi,Delhi,APMC Keshopur,Vegetables,Tinda,August-2026,79.76,Metric Tonnes,4409.06,Rs./Quintal
NCT of Delhi,Delhi,APMC Keshopur,Vegetables,Tomato,August-2026,6618.70,Metric Tonnes,2110.05,Rs./Quintal
NCT of Delhi,Delhi,APMC Keshopur,Vegetables,Bhindi(Ladies Finger),September-2026,10.57,Metric Tonnes,1800.00,Rs./Quintal
NCT of Delhi,Delhi,APMC Keshopur,Vegetables,Bitter gourd,September-2026,17.17,Metric Tonnes,3000.00,Rs./Quintal
NCT of Delhi,Delhi,APMC Keshopur,Vegetables,Bottle gourd,September-2026,50.95,Metric Tonnes,1700.00,Rs./Quintal
NCT of Delhi,Delhi,APMC Keshopur,Vegetables,Brinjal,September-2026,26.10,Metric Tonnes,2300.00,Rs./Quintal
NCT of Delhi,Delhi,APMC Keshopur,Vegetables,Cabbage,September-2026,47.52,Metric Tonnes,2200.00,Rs./Quintal
NCT of Delhi,Delhi,APMC Keshopur,Vegetables,Capsicum,September-2026,5.02,Metric Tonnes,4500.00,Rs./Quintal
NCT of Delhi,Delhi,APMC Keshopur,Vegetables,Carrot,September-2026,3.25,Metric Tonnes,3500.00,Rs./Quintal
NCT of Delhi,Delhi,APMC Keshopur,Vegetables,Cauliflower,September-2026,49.19,Metric Tonnes,4400.00,Rs./Quintal
NCT of Delhi,Delhi,APMC Keshopur,Vegetables,Cucumbar(Kheera),September-2026,24.07,Metric Tonnes,2900.00,Rs./Quintal
NCT of Delhi,Delhi,APMC Keshopur,Vegetables,Green Chilli,September-2026,8.32,Metric Tonnes,3800.00,Rs./Quintal
NCT of Delhi,Delhi,APMC Keshopur,Vegetables,Onion,September-2026,86.98,Metric Tonnes,4400.00,Rs./Quintal
NCT of Delhi,Delhi,APMC Keshopur,Vegetables,Potato,September-2026,216.45,Metric Tonnes,1100.00,Rs./Quintal
NCT of Delhi,Delhi,APMC Keshopur,Vegetables,Pumpkin,September-2026,3.00,Metric Tonnes,1800.00,Rs./Quintal
NCT of Delhi,Delhi,APMC Keshopur,Vegetables,Raddish,September-2026,8.10,Metric Tonnes,1900.00,Rs./Quintal
NCT of Delhi,Delhi,APMC Keshopur,Vegetables,Spinach,September-2026,0.85,Metric Tonnes,1700.00,Rs./Quintal
NCT of Delhi,Delhi,APMC Keshopur,Vegetables,Tinda,September-2026,0.92,Metric Tonnes,3600.00,Rs./Quintal
NCT of Delhi,Delhi,APMC Keshopur,Vegetables,Tomato,September-2026,279.33,Metric Tonnes,2800.00,Rs./Quintal
NCT of Delhi,Delhi,APMC Najafgarh,Vegetables,Guar,January-2023,21.00,Metric Tonnes,3752.76,Rs./Quintal
NCT of Delhi,Delhi,APMC Najafgarh,Vegetables,Guar,February-2023,53.00,Metric Tonnes,2896.23,Rs./Quintal
NCT of Delhi,Delhi,APMC Najafgarh,Vegetables,Guar,April-2023,0.80,Metric Tonnes,4000.00,Rs./Quintal
NCT of Delhi,Delhi,APMC Najafgarh,Vegetables,Guar,August-2023,3.00,Metric Tonnes,4600.00,Rs./Quintal
NCT of Delhi,Delhi,APMC Najafgarh,Vegetables,Guar,September-2023,20.00,Metric Tonnes,4382.50,Rs./Quintal
NCT of Delhi,Delhi,APMC Najafgarh,Vegetables,Guar,October-2023,15.00,Metric Tonnes,4500.00,Rs./Quintal
NCT of Delhi,Delhi,APMC Najafgarh,Vegetables,Guar,November-2023,26.00,Metric Tonnes,4501.69,Rs./Quintal
NCT of Delhi,Delhi,APMC Najafgarh,Vegetables,Guar,December-2023,6.00,Metric Tonnes,3237.50,Rs./Quintal
NCT of Delhi,Delhi,APMC Najafgarh,Vegetables,Guar,January-2024,15.00,Metric Tonnes,4300.00,Rs./Quintal
NCT of Delhi,Delhi,APMC Najafgarh,Vegetables,Guar,February-2024,3.00,Metric Tonnes,4000.00,Rs./Quintal
NCT of Delhi,Delhi,APMC Najafgarh,Vegetables,Guar,March-2024,10.00,Metric Tonnes,3850.00,Rs./Quintal
NCT of Delhi,Delhi,APMC Najafgarh,Vegetables,Guar,September-2024,1.00,Metric Tonnes,4601.00,Rs./Quintal
NCT of Delhi,Delhi,APMC Najafgarh,Vegetables,Guar,November-2024,28.00,Metric Tonnes,3808.93,Rs./Quintal
NCT of Delhi,Delhi,APMC Najafgarh,Vegetables,Guar,December-2024,3.00,Metric Tonnes,4400.00,Rs./Quintal
NCT of Delhi,Delhi,APMC Najafgarh,Vegetables,Guar,January-2025,8.00,Metric Tonnes,3862.50,Rs./Quintal
NCT of Delhi,Delhi,APMC Najafgarh,Vegetables,Guar,March-2025,5.00,Metric Tonnes,3000.00,Rs./Quintal
NCT of Delhi,Delhi,APMC Najafgarh,Vegetables,Guar,July-2025,30.00,Metric Tonnes,3751.00,Rs./Quintal
NCT of Delhi,Delhi,APMC Najafgarh,Vegetables,Guar,November-2025,0.10,Metric Tonnes,3850.00,Rs./Quintal
NCT of Delhi,Delhi,APMC Najafgarh,Vegetables,Guar,December-2025,1.50,Metric Tonnes,3753.33,Rs./Quintal
NCT of Delhi,Delhi,APMC Najafgarh,Vegetables,Guar,February-2026,0.40,Metric Tonnes,4325.75,Rs./Quintal
NCT of Delhi,Delhi,APMC Najafgarh,Vegetables,Guar,March-2026,1.50,Metric Tonnes,4325.00,Rs./Quintal
NCT of Delhi,Delhi,APMC Najafgarh,Vegetables,Guar,April-2026,0.30,Metric Tonnes,3700.00,Rs./Quintal
NCT of Delhi,Delhi,APMC Shahdara,Vegetables,Bhindi(Ladies Finger),January-2023,15.97,Metric Tonnes,5655.92,Rs./Quintal
NCT of Delhi,Delhi,APMC Shahdara,Vegetables,Bitter gourd,January-2023,8.01,Metric Tonnes,5145.32,Rs./Quintal
NCT of Delhi,Delhi,APMC Shahdara,Vegetables,Bottle gourd,January-2023,269.47,Metric Tonnes,1307.87,Rs./Quintal
NCT of Delhi,Delhi,APMC Shahdara,Vegetables,Brinjal,January-2023,445.16,Metric Tonnes,1309.32,Rs./Quintal
NCT of Delhi,Delhi,APMC Shahdara,Vegetables,Cabbage,January-2023,851.02,Metric Tonnes,535.24,Rs./Quintal
NCT of Delhi,Delhi,APMC Shahdara,Vegetables,Capsicum,January-2023,197.49,Metric Tonnes,1705.08,Rs./Quintal
NCT of Delhi,Delhi,APMC Shahdara,Vegetables,Carrot,January-2023,1197.34,Metric Tonnes,1131.93,Rs./Quintal
NCT of Delhi,Delhi,APMC Shahdara,Vegetables,Cauliflower,January-2023,2221.88,Metric Tonnes,1345.07,Rs./Quintal
NCT of Delhi,Delhi,APMC Shahdara,Vegetables,Coriander(Leaves),January-2023,298.13,Bundle,1718.72,Rs./Bundle
NCT of Delhi,Delhi,APMC Shahdara,Vegetables,Cucumbar(Kheera),January-2023,284.73,Metric Tonnes,1952.61,Rs./Quintal
NCT of Delhi,Delhi,APMC Shahdara,Vegetables,French Beans(Frasbean),January-2023,5.14,Metric Tonnes,1900.00,Rs./Quintal
NCT of Delhi,Delhi,APMC Shahdara,Vegetables,Green Chilli,January-2023,450.56,Metric Tonnes,3488.51,Rs./Quintal
NCT of Delhi,Delhi,APMC Shahdara,Vegetables,Lemon,January-2023,99.66,Metric Tonnes,3686.82,Rs./Quintal
NCT of Delhi,Delhi,APMC Shahdara,Vegetables,Little gourd(Kundru),January-2023,2.20,Metric Tonnes,2100.00,Rs./Quintal
NCT of Delhi,Delhi,APMC Shahdara,Vegetables,Mint(Pudina),January-2023,4.65,Bundle,2688.39,Rs./Bundle
NCT of Delhi,Delhi,APMC Shahdara,Vegetables,Onion,January-2023,6632.25,Metric Tonnes,1817.43,Rs./Quintal
NCT of Delhi,Delhi,APMC Shahdara,Vegetables,Peas Wet,January-2023,2227.07,Metric Tonnes,1932.41,Rs./Quintal
NCT of Delhi,Delhi,APMC Shahdara,Vegetables,Potato,January-2023,17859.70,Metric Tonnes,754.27,Rs./Quintal
NCT of Delhi,Delhi,APMC Shahdara,Vegetables,Pumpkin,January-2023,211.67,Metric Tonnes,1379.08,Rs./Quintal
NCT of Delhi,Delhi,APMC Shahdara,Vegetables,Raddish,January-2023,640.55,Metric Tonnes,700.77,Rs./Quintal
NCT of Delhi,Delhi,APMC Shahdara,Vegetables,Spinach,January-2023,333.51,Metric Tonnes,1237.72,Rs./Quintal
NCT of Delhi,Delhi,APMC Shahdara,Vegetables,Tomato,January-2023,4294.77,Metric Tonnes,1007.46,Rs./Quintal
NCT of Delhi,Delhi,APMC Shahdara,Vegetables,Bhindi(Ladies Finger),February-2023,88.49,Metric Tonnes,6192.54,Rs./Quintal
NCT of Delhi,Delhi,APMC Shahdara,Vegetables,Bitter gourd,February-2023,35.38,Metric Tonnes,5286.89,Rs./Quintal
NCT of Delhi,Delhi,APMC Shahdara,Vegetables,Bottle gourd,February-2023,532.38,Metric Tonnes,1827.83,Rs./Quintal
NCT of Delhi,Delhi,APMC Shahdara,Vegetables,Brinjal,February-2023,535.01,Metric Tonnes,1814.10,Rs./Quintal
NCT of Delhi,Delhi,APMC Shahdara,Vegetables,Cabbage,February-2023,1051.26,Metric Tonnes,648.04,Rs./Quintal
NCT of Delhi,Delhi,APMC Shahdara,Vegetables,Capsicum,February-2023,322.30,Metric Tonnes,1820.00,Rs./Quintal
NCT of Delhi,Delhi,APMC Shahdara,Vegetables,Carrot,February-2023,1195.13,Metric Tonnes,1522.95,Rs./Quintal
NCT of Delhi,Delhi,APMC Shahdara,Vegetables,Cauliflower,February-2023,2518.98,Metric Tonnes,723.89,Rs./Quintal
NCT of Delhi,Delhi,APMC Shahdara,Vegetables,Coriander(Leaves),February-2023,315.27,Bundle,954.06,Rs./Bundle
NCT of Delhi,Delhi,APMC Shahdara,Vegetables,Cucumbar(Kheera),February-2023,701.57,Metric Tonnes,1661.46,Rs./Quintal
NCT of Delhi,Delhi,APMC Shahdara,Vegetables,Green Chilli,February-2023,697.66,Metric Tonnes,3086.72,Rs./Quintal
NCT of Delhi,Delhi,APMC Shahdara,Vegetables,Lemon,February-2023,109.30,Metric Tonnes,6490.19,Rs./Quintal
NCT of Delhi,Delhi,APMC Shahdara,Vegetables,Mint(Pudina),February-2023,6.93,Bundle,3064.94,Rs./Bundle
NCT of Delhi,Delhi,APMC Shahdara,Vegetables,Onion,February-2023,8578.18,Metric Tonnes,1621.40,Rs./Quintal
NCT of Delhi,Delhi,APMC Shahdara,Vegetables,Peas Wet,February-2023,2118.36,Metric Tonnes,1565.34,Rs./Quintal
NCT of Delhi,Delhi,APMC Shahdara,Vegetables,Potato,February-2023,17474.32,Metric Tonnes,612.96,Rs./Quintal
NCT of Delhi,Delhi,APMC Shahdara,Vegetables,Pumpkin,February-2023,271.89,Metric Tonnes,1455.33,Rs./Quintal
NCT of Delhi,Delhi,APMC Shahdara,Vegetables,Raddish,February-2023,697.15,Metric Tonnes,733.35,Rs./Quintal
NCT of Delhi,Delhi,APMC Shahdara,Vegetables,Spinach,February-2023,280.49,Metric Tonnes,1129.33,Rs./Quintal
NCT of Delhi,Delhi,APMC Shahdara,Vegetables,Tomato,February-2023,4248.25,Metric Tonnes,1314.79,Rs./Quintal
NCT of Delhi,Delhi,APMC Shahdara,Vegetables,Bhindi(Ladies Finger),March-2023,154.35,Metric Tonnes,5445.69,Rs./Quintal
NCT of Delhi,Delhi,APMC Shahdara,Vegetables,Bitter gourd,March-2023,149.67,Metric Tonnes,4118.93,Rs./Quintal
NCT of Delhi,Delhi,APMC Shahdara,Vegetables,Bottle gourd,March-2023,1109.66,Metric Tonnes,1449.61,Rs./Quintal
NCT of Delhi,Delhi,APMC Shahdara,Vegetables,Brinjal,March-2023,442.88,Metric Tonnes,1764.32,Rs./Quintal
NCT of Delhi,Delhi,APMC Shahdara,Vegetables,Cabbage,March-2023,984.45,Metric Tonnes,552.89,Rs./Quintal
NCT of Delhi,Delhi,APMC Shahdara,Vegetables,Capsicum,March-2023,243.30,Metric Tonnes,3229.43,Rs./Quintal
NCT of Delhi,Delhi,APMC Shahdara,Vegetables,Carrot,March-2023,501.60,Metric Tonnes,1357.70,Rs./Quintal
NCT of Delhi,Delhi,APMC Shahdara,Vegetables,Cauliflower,March-2023,1345.78,Metric Tonnes,743.34,Rs./Quintal
NCT of Delhi,Delhi,APMC Shahdara,Vegetables,Coriander(Leaves),March-2023,585.70,Bundle,749.68,Rs./Bundle
NCT of Delhi,Delhi,APMC Shahdara,Vegetables,Cucumbar(Kheera),March-2023,1373.31,Metric Tonnes,1334.64,Rs./Quintal
NCT of Delhi,Delhi,APMC Shahdara,Vegetables,French Beans(Frasbean),March-2023,29.04,Metric Tonnes,2200.00,Rs./Quintal
NCT of Delhi,Delhi,APMC Shahdara,Vegetables,Green Chilli,March-2023,500.99,Metric Tonnes,3616.07,Rs./Quintal
NCT of Delhi,Delhi,APMC Shahdara,Vegetables,Lemon,March-2023,148.91,Metric Tonnes,7615.51,Rs./Quintal
NCT of Delhi,Delhi,APMC Shahdara,Vegetables,Mint(Pudina),March-2023,37.40,Bundle,2097.99,Rs./Bundle
NCT of Delhi,Delhi,APMC Shahdara,Vegetables,Onion,March-2023,7531.49,Metric Tonnes,1321.39,Rs./Quintal
NCT of Delhi,Delhi,APMC Shahdara,Vegetables,Peas Wet,March-2023,869.45,Metric Tonnes,2144.53,Rs./Quintal
NCT of Delhi,Delhi,APMC Shahdara,Vegetables,Pointed gourd(Parval),March-2023,84.91,Metric Tonnes,3955.32,Rs./Quintal
NCT of Delhi,Delhi,APMC Shahdara,Vegetables,Potato,March-2023,15995.25,Metric Tonnes,635.74,Rs./Quintal
NCT of Delhi,Delhi,APMC Shahdara,Vegetables,Pumpkin,March-2023,622.66,Metric Tonnes,1242.94,Rs./Quintal
NCT of Delhi,Delhi,APMC Shahdara,Vegetables,Raddish,March-2023,355.25,Metric Tonnes,706.98,Rs./Quintal
NCT of Delhi,Delhi,APMC Shahdara,Vegetables,Spinach,March-2023,250.86,Metric Tonnes,915.71,Rs./Quintal
NCT of Delhi,Delhi,APMC Shahdara,Vegetables,Tinda,March-2023,19.27,Metric Tonnes,3576.34,Rs./Quintal
NCT of Delhi,Delhi,APMC Shahdara,Vegetables,Tomato,March-2023,4080.44,Metric Tonnes,1278.80,Rs./Quintal
NCT of Delhi,Delhi,APMC Shahdara,Vegetables,Bhindi(Ladies Finger),April-2023,400.15,Metric Tonnes,3860.73,Rs./Quintal
NCT of Delhi,Delhi,APMC Shahdara,Vegetables,Bitter gourd,April-2023,339.90,Metric Tonnes,2265.12,Rs./Quintal
NCT of Delhi,Delhi,APMC Shahdara,Vegetables,Bottle gourd,April-2023,1517.09,Metric Tonnes,771.88,Rs./Quintal
NCT of Delhi,Delhi,APMC Shahdara,Vegetables,Brinjal,April-2023,729.51,Metric Tonnes,1026.04,Rs./Quintal
NCT of Delhi,Delhi,APMC Shahdara,Vegetables,Cabbage,April-2023,883.92,Metric Tonnes,388.45,Rs./Quintal
NCT of Delhi,Delhi,APMC Shahdara,Vegetables,Capsicum,April-2023,586.85,Metric Tonnes,1173.53,Rs./Quintal
NCT of Delhi,Delhi,APMC Shahdara,Vegetables,Carrot,April-2023,194.20,Metric Tonnes,1341.20,Rs./Quintal
NCT of Delhi,Delhi,APMC Shahdara,Vegetables,Cauliflower,April-2023,1151.78,Metric Tonnes,1321.71,Rs./Quintal
NCT of Delhi,Delhi,APMC Shahdara,Vegetables,Coriander(Leaves),April-2023,448.16,Bundle,1140.58,Rs./Bundle
NCT of Delhi,Delhi,APMC Shahdara,Vegetables,Cucumbar(Kheera),April-2023,2094.18,Metric Tonnes,1110.98,Rs./Quintal
NCT of Delhi,Delhi,APMC Shahdara,Vegetables,French Beans(Frasbean),April-2023,153.21,Metric Tonnes,2515.89,Rs./Quintal
NCT of Delhi,Delhi,APMC Shahdara,Vegetables,Green Chilli,April-2023,455.62,Metric Tonnes,1843.77,Rs./Quintal
NCT of Delhi,Delhi,APMC Shahdara,Vegetables,Lemon,April-2023,101.75,Metric Tonnes,9358.01,Rs./Quintal
NCT of Delhi,Delhi,APMC Shahdara,Vegetables,Little gourd(Kundru),April-2023,76.07,Metric Tonnes,1835.57,Rs./Quintal
NCT of Delhi,Delhi,APMC Shahdara,Vegetables,Mint(Pudina),April-2023,26.23,Bundle,2547.77,Rs./Bundle
NCT of Delhi,Delhi,APMC Shahdara,Vegetables,Onion,April-2023,10813.04,Metric Tonnes,937.02,Rs./Quintal
NCT of Delhi,Delhi,APMC Shahdara,Vegetables,Peas Wet,April-2023,319.28,Metric Tonnes,5486.04,Rs./Quintal
NCT of Delhi,Delhi,APMC Shahdara,Vegetables,Pointed gourd(Parval),April-2023,310.45,Metric Tonnes,3594.10,Rs./Quintal
NCT of Delhi,Delhi,APMC Shahdara,Vegetables,Potato,April-2023,16867.45,Metric Tonnes,892.95,Rs./Quintal
NCT of Delhi,Delhi,APMC Shahdara,Vegetables,Pumpkin,April-2023,542.15,Metric Tonnes,594.37,Rs./Quintal
NCT of Delhi,Delhi,APMC Shahdara,Vegetables,Raddish,April-2023,128.06,Metric Tonnes,1116.98,Rs./Quintal
NCT of Delhi,Delhi,APMC Shahdara,Vegetables,Spinach,April-2023,212.40,Metric Tonnes,1106.19,Rs./Quintal
NCT of Delhi,Delhi,APMC Shahdara,Vegetables,Tinda,April-2023,53.15,Metric Tonnes,3349.07,Rs./Quintal
NCT of Delhi,Delhi,APMC Shahdara,Vegetables,Tomato,April-2023,3855.95,Metric Tonnes,753.88,Rs./Quintal
NCT of Delhi,Delhi,APMC Shahdara,Vegetables,Bhindi(Ladies Finger),May-2023,679.98,Metric Tonnes,2276.37,Rs./Quintal
NCT of Delhi,Delhi,APMC Shahdara,Vegetables,Bitter gourd,May-2023,568.18,Metric Tonnes,1594.16,Rs./Quintal
NCT of Delhi,Delhi,APMC Shahdara,Vegetables,Bottle gourd,May-2023,1154.00,Metric Tonnes,885.47,Rs./Quintal
NCT of Delhi,Delhi,APMC Shahdara,Vegetables,Brinjal,May-2023,681.35,Metric Tonnes,820.87,Rs./Quintal
NCT of Delhi,Delhi,APMC Shahdara,Vegetables,Cabbage,May-2023,1122.69,Metric Tonnes,362.35,Rs./Quintal
NCT of Delhi,Delhi,APMC Shahdara,Vegetables,Capsicum,May-2023,694.49,Metric Tonnes,655.06,Rs./Quintal
NCT of Delhi,Delhi,APMC Shahdara,Vegetables,Carrot,May-2023,122.42,Metric Tonnes,1546.30,Rs./Quintal
NCT of Delhi,Delhi,APMC Shahdara,Vegetables,Cauliflower,May-2023,1039.61,Metric Tonnes,2884.58,Rs./Quintal
NCT of Delhi,Delhi,APMC Shahdara,Vegetables,Coriander(Leaves),May-2023,430.81,Bundle,1858.55,Rs./Bundle
NCT of Delhi,Delhi,APMC Shahdara,Vegetables,Cucumbar(Kheera),May-2023,2097.20,Metric Tonnes,1221.96,Rs./Quintal
NCT of Delhi,Delhi,APMC Shahdara,Vegetables,French Beans(Frasbean),May-2023,84.02,Metric Tonnes,5802.18,Rs./Quintal
NCT of Delhi,Delhi,APMC Shahdara,Vegetables,Green Chilli,May-2023,539.75,Metric Tonnes,1355.08,Rs./Quintal
NCT of Delhi,Delhi,APMC Shahdara,Vegetables,Lemon,May-2023,117.46,Metric Tonnes,5443.75,Rs./Quintal
NCT of Delhi,Delhi,APMC Shahdara,Vegetables,Little gourd(Kundru),May-2023,97.17,Metric Tonnes,1985.17,Rs./Quintal
NCT of Delhi,Delhi,APMC Shahdara,Vegetables,Mint(Pudina),May-2023,14.53,Bundle,2741.23,Rs./Bundle
NCT of Delhi,Delhi,APMC Shahdara,Vegetables,Onion,May-2023,10286.20,Metric Tonnes,969.34,Rs./Quintal
NCT of Delhi,Delhi,APMC Shahdara,Vegetables,Peas Wet,May-2023,510.78,Metric Tonnes,4089.20,Rs./Quintal
NCT of Delhi,Delhi,APMC Shahdara,Vegetables,Pointed gourd(Parval),May-2023,290.82,Metric Tonnes,3810.83,Rs./Quintal
NCT of Delhi,Delhi,APMC Shahdara,Vegetables,Potato,May-2023,12418.60,Metric Tonnes,1034.97,Rs./Quintal
NCT of Delhi,Delhi,APMC Shahdara,Vegetables,Pumpkin,May-2023,705.40,Metric Tonnes,459.50,Rs./Quintal
NCT of Delhi,Delhi,APMC Shahdara,Vegetables,Raddish,May-2023,109.11,Metric Tonnes,2353.40,Rs./Quintal
NCT of Delhi,Delhi,APMC Shahdara,Vegetables,Spinach,May-2023,183.82,Metric Tonnes,1409.14,Rs./Quintal
NCT of Delhi,Delhi,APMC Shahdara,Vegetables,Tinda,May-2023,129.78,Metric Tonnes,3305.32,Rs./Quintal
NCT of Delhi,Delhi,APMC Shahdara,Vegetables,Tomato,May-2023,4723.75,Metric Tonnes,575.11,Rs./Quintal
NCT of Delhi,Delhi,APMC Shahdara,Vegetables,Bhindi(Ladies Finger),June-2023,573.94,Metric Tonnes,2046.69,Rs./Quintal
NCT of Delhi,Delhi,APMC Shahdara,Vegetables,Bitter gourd,June-2023,481.37,Metric Tonnes,1822.92,Rs./Quintal
NCT of Delhi,Delhi,APMC Shahdara,Vegetables,Bottle gourd,June-2023,1087.98,Metric Tonnes,1756.89,Rs./Quintal
NCT of Delhi,Delhi,APMC Shahdara,Vegetables,Brinjal,June-2023,809.60,Metric Tonnes,1809.25,Rs./Quintal
NCT of Delhi,Delhi,APMC Shahdara,Vegetables,Cabbage,June-2023,1003.37,Metric Tonnes,734.91,Rs./Quintal
NCT of Delhi,Delhi,APMC Shahdara,Vegetables,Capsicum,June-2023,458.68,Metric Tonnes,2264.98,Rs./Quintal
NCT of Delhi,Delhi,APMC Shahdara,Vegetables,Carrot,June-2023,89.99,Metric Tonnes,2050.17,Rs./Quintal
NCT of Delhi,Delhi,APMC Shahdara,Vegetables,Cauliflower,June-2023,504.91,Metric Tonnes,3284.78,Rs./Quintal
NCT of Delhi,Delhi,APMC Shahdara,Vegetables,Coriander(Leaves),June-2023,388.74,Bundle,3170.69,Rs./Bundle
NCT of Delhi,Delhi,APMC Shahdara,Vegetables,Cucumbar(Kheera),June-2023,1884.43,Metric Tonnes,1438.53,Rs./Quintal
NCT of Delhi,Delhi,APMC Shahdara,Vegetables,French Beans(Frasbean),June-2023,121.01,Metric Tonnes,7218.37,Rs./Quintal
NCT of Delhi,Delhi,APMC Shahdara,Vegetables,Green Chilli,June-2023,368.57,Metric Tonnes,2253.95,Rs./Quintal
NCT of Delhi,Delhi,APMC Shahdara,Vegetables,Lemon,June-2023,101.32,Metric Tonnes,5162.45,Rs./Quintal
NCT of Delhi,Delhi,APMC Shahdara,Vegetables,Little gourd(Kundru),June-2023,70.85,Metric Tonnes,2097.45,Rs./Quintal
NCT of Delhi,Delhi,APMC Shahdara,Vegetables,Mint(Pudina),June-2023,23.19,Bundle,5216.56,Rs./Bundle
NCT of Delhi,Delhi,APMC Shahdara,Vegetables,Onion,June-2023,9730.79,Metric Tonnes,959.39,Rs./Quintal
NCT of Delhi,Delhi,APMC Shahdara,Vegetables,Peas Wet,June-2023,505.07,Metric Tonnes,4942.11,Rs./Quintal
NCT of Delhi,Delhi,APMC Shahdara,Vegetables,Pointed gourd(Parval),June-2023,555.43,Metric Tonnes,3125.05,Rs./Quintal
NCT of Delhi,Delhi,APMC Shahdara,Vegetables,Potato,June-2023,11318.20,Metric Tonnes,1201.53,Rs./Quintal
NCT of Delhi,Delhi,APMC Shahdara,Vegetables,Pumpkin,June-2023,689.95,Metric Tonnes,739.09,Rs./Quintal
NCT of Delhi,Delhi,APMC Shahdara,Vegetables,Raddish,June-2023,292.46,Metric Tonnes,3753.09,Rs./Quintal
NCT of Delhi,Delhi,APMC Shahdara,Vegetables,Spinach,June-2023,238.67,Metric Tonnes,2157.47,Rs./Quintal
NCT of Delhi,Delhi,APMC Shahdara,Vegetables,Tinda,June-2023,241.10,Metric Tonnes,1942.57,Rs./Quintal
NCT of Delhi,Delhi,APMC Shahdara,Vegetables,Tomato,June-2023,3366.82,Metric Tonnes,2354.41,Rs./Quintal
NCT of Delhi,Delhi,APMC Shahdara,Vegetables,Bhindi(Ladies Finger),July-2023,739.61,Metric Tonnes,3089.73,Rs./Quintal
NCT of Delhi,Delhi,APMC Shahdara,Vegetables,Bitter gourd,July-2023,309.28,Metric Tonnes,2750.79,Rs./Quintal
NCT of Delhi,Delhi,APMC Shahdara,Vegetables,Bottle gourd,July-2023,1123.75,Metric Tonnes,3044.24,Rs./Quintal
NCT of Delhi,Delhi,APMC Shahdara,Vegetables,Brinjal,July-2023,518.69,Metric Tonnes,4521.66,Rs./Quintal
NCT of Delhi,Delhi,APMC Shahdara,Vegetables,Cabbage,July-2023,1273.25,Metric Tonnes,3500.76,Rs./Quintal
NCT of Delhi,Delhi,APMC Shahdara,Vegetables,Capsicum,July-2023,248.26,Metric Tonnes,6026.12,Rs./Quintal
NCT of Delhi,Delhi,APMC Shahdara,Vegetables,Carrot,July-2023,135.97,Metric Tonnes,3468.56,Rs./Quintal
NCT of Delhi,Delhi,APMC Shahdara,Vegetables,Cauliflower,July-2023,651.70,Metric Tonnes,8526.68,Rs./Quintal
NCT of Delhi,Delhi,APMC Shahdara,Vegetables,Coriander(Leaves),July-2023,262.39,Bundle,8507.85,Rs./Bundle
NCT of Delhi,Delhi,APMC Shahdara,Vegetables,Cucumbar(Kheera),July-2023,2009.44,Metric Tonnes,1670.64,Rs./Quintal
NCT of Delhi,Delhi,APMC Shahdara,Vegetables,French Beans(Frasbean),July-2023,150.02,Metric Tonnes,7291.91,Rs./Quintal
NCT of Delhi,Delhi,APMC Shahdara,Vegetables,Green Chilli,July-2023,362.35,Metric Tonnes,6309.88,Rs./Quintal
NCT of Delhi,Delhi,APMC Shahdara,Vegetables,Lemon,July-2023,122.62,Metric Tonnes,5310.11,Rs./Quintal
NCT of Delhi,Delhi,APMC Shahdara,Vegetables,Little gourd(Kundru),July-2023,321.67,Metric Tonnes,2298.50,Rs./Quintal
NCT of Delhi,Delhi,APMC Shahdara,Vegetables,Mint(Pudina),July-2023,23.52,Bundle,5230.99,Rs./Bundle
NCT of Delhi,Delhi,APMC Shahdara,Vegetables,Onion,July-2023,9316.49,Metric Tonnes,1440.85,Rs./Quintal
NCT of Delhi,Delhi,APMC Shahdara,Vegetables,Peas Wet,July-2023,92.06,Metric Tonnes,10966.65,Rs./Quintal
NCT of Delhi,Delhi,APMC Shahdara,Vegetables,Pointed gourd(Parval),July-2023,590.41,Metric Tonnes,3542.59,Rs./Quintal
NCT of Delhi,Delhi,APMC Shahdara,Vegetables,Potato,July-2023,13409.28,Metric Tonnes,1426.03,Rs./Quintal
NCT of Delhi,Delhi,APMC Shahdara,Vegetables,Pumpkin,July-2023,1084.66,Metric Tonnes,2266.33,Rs./Quintal
NCT of Delhi,Delhi,APMC Shahdara,Vegetables,Raddish,July-2023,173.71,Metric Tonnes,3883.34,Rs./Quintal
NCT of Delhi,Delhi,APMC Shahdara,Vegetables,Spinach,July-2023,129.68,Metric Tonnes,3744.95,Rs./Quintal
NCT of Delhi,Delhi,APMC Shahdara,Vegetables,Tinda,July-2023,131.52,Metric Tonnes,3704.15,Rs./Quintal
NCT of Delhi,Delhi,APMC Shahdara,Vegetables,Tomato,July-2023,1574.36,Metric Tonnes,7757.80,Rs./Quintal
NCT of Delhi,Delhi,APMC Shahdara,Vegetables,Bhindi(Ladies Finger),August-2023,802.56,Metric Tonnes,1416.58,Rs./Quintal
NCT of Delhi,Delhi,APMC Shahdara,Vegetables,Bitter gourd,August-2023,217.49,Metric Tonnes,1876.83,Rs./Quintal
NCT of Delhi,Delhi,APMC Shahdara,Vegetables,Bottle gourd,August-2023,985.27,Metric Tonnes,1559.97,Rs./Quintal
NCT of Delhi,Delhi,APMC Shahdara,Vegetables,Brinjal,August-2023,730.35,Metric Tonnes,1940.04,Rs./Quintal
NCT of Delhi,Delhi,APMC Shahdara,Vegetables,Cabbage,August-2023,1727.86,Metric Tonnes,2060.07,Rs./Quintal
NCT of Delhi,Delhi,APMC Shahdara,Vegetables,Capsicum,August-2023,395.01,Metric Tonnes,4594.48,Rs./Quintal
NCT of Delhi,Delhi,APMC Shahdara,Vegetables,Carrot,August-2023,152.66,Metric Tonnes,2417.67,Rs./Quintal
NCT of Delhi,Delhi,APMC Shahdara,Vegetables,Cauliflower,August-2023,832.77,Metric Tonnes,3843.05,Rs./Quintal
NCT of Delhi,Delhi,APMC Shahdara,Vegetables,Coriander(Leaves),August-2023,310.27,Bundle,4005.30,Rs./Bundle
NCT of Delhi,Delhi,APMC Shahdara,Vegetables,Cucumbar(Kheera),August-2023,1494.59,Metric Tonnes,1235.67,Rs./Quintal
NCT of Delhi,Delhi,APMC Shahdara,Vegetables,French Beans(Frasbean),August-2023,138.41,Metric Tonnes,5750.64,Rs./Quintal
NCT of Delhi,Delhi,APMC Shahdara,Vegetables,Green Chilli,August-2023,884.16,Metric Tonnes,3121.54,Rs./Quintal
NCT of Delhi,Delhi,APMC Shahdara,Vegetables,Lemon,August-2023,201.69,Metric Tonnes,3659.60,Rs./Quintal
NCT of Delhi,Delhi,APMC Shahdara,Vegetables,Little gourd(Kundru),August-2023,219.48,Metric Tonnes,1951.66,Rs./Quintal
NCT of Delhi,Delhi,APMC Shahdara,Vegetables,Mint(Pudina),August-2023,35.06,Bundle,4209.81,Rs./Bundle
NCT of Delhi,Delhi,APMC Shahdara,Vegetables,Onion,August-2023,9300.15,Metric Tonnes,1755.36,Rs./Quintal
NCT of Delhi,Delhi,APMC Shahdara,Vegetables,Peas Wet,August-2023,137.04,Metric Tonnes,6922.56,Rs./Quintal
NCT of Delhi,Delhi,APMC Shahdara,Vegetables,Pointed gourd(Parval),August-2023,629.53,Metric Tonnes,2410.61,Rs./Quintal
NCT of Delhi,Delhi,APMC Shahdara,Vegetables,Potato,August-2023,15004.90,Metric Tonnes,1236.96,Rs./Quintal
NCT of Delhi,Delhi,APMC Shahdara,Vegetables,Pumpkin,August-2023,1157.12,Metric Tonnes,1124.52,Rs./Quintal
NCT of Delhi,Delhi,APMC Shahdara,Vegetables,Raddish,August-2023,234.29,Metric Tonnes,2168.74,Rs./Quintal
NCT of Delhi,Delhi,APMC Shahdara,Vegetables,Spinach,August-2023,337.86,Metric Tonnes,2295.33,Rs./Quintal
NCT of Delhi,Delhi,APMC Shahdara,Vegetables,Tinda,August-2023,111.53,Metric Tonnes,3446.01,Rs./Quintal
NCT of Delhi,Delhi,APMC Shahdara,Vegetables,Tomato,August-2023,3149.38,Metric Tonnes,3312.73,Rs./Quintal
NCT of Delhi,Delhi,APMC Shahdara,Vegetables,Bhindi(Ladies Finger),September-2023,305.34,Metric Tonnes,1436.05,Rs./Quintal
NCT of Delhi,Delhi,APMC Shahdara,Vegetables,Bitter gourd,September-2023,176.08,Metric Tonnes,1715.73,Rs./Quintal
NCT of Delhi,Delhi,APMC Shahdara,Vegetables,Bottle gourd,September-2023,485.99,Metric Tonnes,1241.96,Rs./Quintal
NCT of Delhi,Delhi,APMC Shahdara,Vegetables,Brinjal,September-2023,401.95,Metric Tonnes,1347.49,Rs./Quintal
NCT of Delhi,Delhi,APMC Shahdara,Vegetables,Cabbage,September-2023,1260.11,Metric Tonnes,1011.11,Rs./Quintal
NCT of Delhi,Delhi,APMC Shahdara,Vegetables,Capsicum,September-2023,228.31,Metric Tonnes,3330.57,Rs./Quintal
NCT of Delhi,Delhi,APMC Shahdara,Vegetables,Carrot,September-2023,123.40,Metric Tonnes,1323.22,Rs./Quintal
NCT of Delhi,Delhi,APMC Shahdara,Vegetables,Cauliflower,September-2023,701.22,Metric Tonnes,1477.99,Rs./Quintal
NCT of Delhi,Delhi,APMC Shahdara,Vegetables,Coriander(Leaves),September-2023,159.93,Bundle,5022.32,Rs./Bundle
NCT of Delhi,Delhi,APMC Shahdara,Vegetables,Cucumbar(Kheera),September-2023,718.13,Metric Tonnes,2113.79,Rs./Quintal
NCT of Delhi,Delhi,APMC Shahdara,Vegetables,French Beans(Frasbean),September-2023,74.84,Metric Tonnes,4383.86,Rs./Quintal
NCT of Delhi,Delhi,APMC Shahdara,Vegetables,Green Chilli,September-2023,600.13,Metric Tonnes,2731.05,Rs./Quintal
NCT of Delhi,Delhi,APMC Shahdara,Vegetables,Lemon,September-2023,138.19,Metric Tonnes,5842.23,Rs./Quintal
NCT of Delhi,Delhi,APMC Shahdara,Vegetables,Little gourd(Kundru),September-2023,77.86,Metric Tonnes,1375.83,Rs./Quintal
NCT of Delhi,Delhi,APMC Shahdara,Vegetables,Mint(Pudina),September-2023,17.55,Bundle,3830.94,Rs./Bundle
NCT of Delhi,Delhi,APMC Shahdara,Vegetables,Onion,September-2023,5354.75,Metric Tonnes,1951.57,Rs./Quintal
NCT of Delhi,Delhi,APMC Shahdara,Vegetables,Peas Wet,September-2023,21.34,Metric Tonnes,6379.05,Rs./Quintal
NCT of Delhi,Delhi,APMC Shahdara,Vegetables,Pointed gourd(Parval),September-2023,344.24,Metric Tonnes,2081.39,Rs./Quintal
NCT of Delhi,Delhi,APMC Shahdara,Vegetables,Potato,September-2023,8494.14,Metric Tonnes,1026.95,Rs./Quintal
NCT of Delhi,Delhi,APMC Shahdara,Vegetables,Pumpkin,September-2023,449.76,Metric Tonnes,796.75,Rs./Quintal
NCT of Delhi,Delhi,APMC Shahdara,Vegetables,Raddish,September-2023,619.28,Metric Tonnes,1029.94,Rs./Quintal
NCT of Delhi,Delhi,APMC Shahdara,Vegetables,Spinach,September-2023,195.88,Metric Tonnes,1541.49,Rs./Quintal
NCT of Delhi,Delhi,APMC Shahdara,Vegetables,Tinda,September-2023,30.27,Metric Tonnes,2694.48,Rs./Quintal
NCT of Delhi,Delhi,APMC Shahdara,Vegetables,Tomato,September-2023,2721.50,Metric Tonnes,1164.49,Rs./Quintal
NCT of Delhi,Delhi,APMC Shahdara,Vegetables,Bhindi(Ladies Finger),October-2023,250.28,Metric Tonnes,2414.70,Rs./Quintal
NCT of Delhi,Delhi,APMC Shahdara,Vegetables,Bitter gourd,October-2023,146.09,Metric Tonnes,1553.43,Rs./Quintal
NCT of Delhi,Delhi,APMC Shahdara,Vegetables,Bottle gourd,October-2023,414.48,Metric Tonnes,1760.84,Rs./Quintal
NCT of Delhi,Delhi,APMC Shahdara,Vegetables,Brinjal,October-2023,381.95,Metric Tonnes,1401.28,Rs./Quintal
NCT of Delhi,Delhi,APMC Shahdara,Vegetables,Cabbage,October-2023,1267.55,Metric Tonnes,1066.79,Rs./Quintal
NCT of Delhi,Delhi,APMC Shahdara,Vegetables,Capsicum,October-2023,201.55,Metric Tonnes,4106.33,Rs./Quintal
NCT of Delhi,Delhi,APMC Shahdara,Vegetables,Carrot,October-2023,147.94,Metric Tonnes,1896.24,Rs./Quintal
NCT of Delhi,Delhi,APMC Shahdara,Vegetables,Cauliflower,October-2023,963.45,Metric Tonnes,1892.85,Rs./Quintal
NCT of Delhi,Delhi,APMC Shahdara,Vegetables,Coriander(Leaves),October-2023,186.74,Bundle,7332.31,Rs./Bundle
NCT of Delhi,Delhi,APMC Shahdara,Vegetables,Cucumbar(Kheera),October-2023,656.16,Metric Tonnes,2185.77,Rs./Quintal
NCT of Delhi,Delhi,APMC Shahdara,Vegetables,French Beans(Frasbean),October-2023,142.78,Metric Tonnes,4261.00,Rs./Quintal
NCT of Delhi,Delhi,APMC Shahdara,Vegetables,Green Chilli,October-2023,565.17,Metric Tonnes,3855.49,Rs./Quintal
NCT of Delhi,Delhi,APMC Shahdara,Vegetables,Lemon,October-2023,93.97,Metric Tonnes,6222.09,Rs./Quintal
NCT of Delhi,Delhi,APMC Shahdara,Vegetables,Little gourd(Kundru),October-2023,31.44,Metric Tonnes,1524.65,Rs./Quintal
NCT of Delhi,Delhi,APMC Shahdara,Vegetables,Mint(Pudina),October-2023,7.03,Bundle,4830.73,Rs./Bundle
NCT of Delhi,Delhi,APMC Shahdara,Vegetables,Onion,October-2023,5940.54,Metric Tonnes,2689.11,Rs./Quintal
NCT of Delhi,Delhi,APMC Shahdara,Vegetables,Peas Wet,October-2023,84.28,Metric Tonnes,8178.16,Rs./Quintal
NCT of Delhi,Delhi,APMC Shahdara,Vegetables,Pointed gourd(Parval),October-2023,190.21,Metric Tonnes,2088.67,Rs./Quintal
NCT of Delhi,Delhi,APMC Shahdara,Vegetables,Potato,October-2023,13801.72,Metric Tonnes,977.56,Rs./Quintal
NCT of Delhi,Delhi,APMC Shahdara,Vegetables,Pumpkin,October-2023,549.43,Metric Tonnes,893.99,Rs./Quintal
NCT of Delhi,Delhi,APMC Shahdara,Vegetables,Raddish,October-2023,924.34,Metric Tonnes,914.03,Rs./Quintal
NCT of Delhi,Delhi,APMC Shahdara,Vegetables,Spinach,October-2023,403.62,Metric Tonnes,1221.95,Rs./Quintal
NCT of Delhi,Delhi,APMC Shahdara,Vegetables,Tinda,October-2023,57.41,Metric Tonnes,3200.89,Rs./Quintal
NCT of Delhi,Delhi,APMC Shahdara,Vegetables,Tomato,October-2023,3826.66,Metric Tonnes,1181.17,Rs./Quintal
NCT of Delhi,Delhi,APMC Shahdara,Vegetables,Bhindi(Ladies Finger),November-2023,60.27,Metric Tonnes,2102.51,Rs./Quintal
NCT of Delhi,Delhi,APMC Shahdara,Vegetables,Bitter gourd,November-2023,84.84,Metric Tonnes,1424.68,Rs./Quintal
NCT of Delhi,Delhi,APMC Shahdara,Vegetables,Bottle gourd,November-2023,187.18,Metric Tonnes,1219.66,Rs./Quintal
NCT of Delhi,Delhi,APMC Shahdara,Vegetables,Brinjal,November-2023,255.15,Metric Tonnes,947.38,Rs./Quintal
NCT of Delhi,Delhi,APMC Shahdara,Vegetables,Cabbage,November-2023,848.51,Metric Tonnes,626.20,Rs./Quintal
NCT of Delhi,Delhi,APMC Shahdara,Vegetables,Capsicum,November-2023,190.68,Metric Tonnes,1445.89,Rs./Quintal
NCT of Delhi,Delhi,APMC Shahdara,Vegetables,Carrot,November-2023,402.70,Metric Tonnes,2073.54,Rs./Quintal
NCT of Delhi,Delhi,APMC Shahdara,Vegetables,Cauliflower,November-2023,1690.30,Metric Tonnes,839.69,Rs./Quintal
NCT of Delhi,Delhi,APMC Shahdara,Vegetables,Cucumbar(Kheera),November-2023,361.20,Metric Tonnes,1967.66,Rs./Quintal
NCT of Delhi,Delhi,APMC Shahdara,Vegetables,French Beans(Frasbean),November-2023,136.28,Metric Tonnes,2257.71,Rs./Quintal
NCT of Delhi,Delhi,APMC Shahdara,Vegetables,Green Chilli,November-2023,233.12,Metric Tonnes,1512.98,Rs./Quintal
NCT of Delhi,Delhi,APMC Shahdara,Vegetables,Lemon,November-2023,32.11,Metric Tonnes,4683.59,Rs./Quintal
NCT of Delhi,Delhi,APMC Shahdara,Vegetables,Little gourd(Kundru),November-2023,6.05,Metric Tonnes,1381.82,Rs./Quintal
NCT of Delhi,Delhi,APMC Shahdara,Vegetables,Methi(Leaves),November-2023,15.22,Metric Tonnes,1800.00,Rs./Quintal
NCT of Delhi,Delhi,APMC Shahdara,Vegetables,Mint(Pudina),November-2023,4.35,Bundle,5255.17,Rs./Bundle
NCT of Delhi,Delhi,APMC Shahdara,Vegetables,Onion,November-2023,3016.78,Metric Tonnes,3731.09,Rs./Quintal
NCT of Delhi,Delhi,APMC Shahdara,Vegetables,Peas Wet,November-2023,682.23,Metric Tonnes,3653.07,Rs./Quintal
NCT of Delhi,Delhi,APMC Shahdara,Vegetables,Pointed gourd(Parval),November-2023,53.70,Metric Tonnes,2082.87,Rs./Quintal
NCT of Delhi,Delhi,APMC Shahdara,Vegetables,Potato,November-2023,9759.75,Metric Tonnes,965.09,Rs./Quintal
NCT of Delhi,Delhi,APMC Shahdara,Vegetables,Pumpkin,November-2023,276.42,Metric Tonnes,776.41,Rs./Quintal
NCT of Delhi,Delhi,APMC Shahdara,Vegetables,Raddish,November-2023,913.54,Metric Tonnes,765.16,Rs./Quintal
NCT of Delhi,Delhi,APMC Shahdara,Vegetables,Spinach,November-2023,352.62,Metric Tonnes,988.92,Rs./Quintal
NCT of Delhi,Delhi,APMC Shahdara,Vegetables,Tinda,November-2023,5.62,Metric Tonnes,2724.20,Rs./Quintal
NCT of Delhi,Delhi,APMC Shahdara,Vegetables,Tomato,November-2023,2564.63,Metric Tonnes,2734.78,Rs./Quintal
NCT of Delhi,Delhi,APMC Shahdara,Vegetables,Bhindi(Ladies Finger),December-2023,3.71,Metric Tonnes,4500.00,Rs./Quintal
NCT of Delhi,Delhi,APMC Shahdara,Vegetables,Bitter gourd,December-2023,29.79,Metric Tonnes,2031.12,Rs./Quintal
NCT of Delhi,Delhi,APMC Shahdara,Vegetables,Bottle gourd,December-2023,122.62,Metric Tonnes,2041.59,Rs./Quintal
NCT of Delhi,Delhi,APMC Shahdara,Vegetables,Brinjal,December-2023,214.03,Metric Tonnes,1204.08,Rs./Quintal
NCT of Delhi,Delhi,APMC Shahdara,Vegetables,Cabbage,December-2023,908.73,Metric Tonnes,663.88,Rs./Quintal
NCT of Delhi,Delhi,APMC Shahdara,Vegetables,Capsicum,December-2023,91.50,Metric Tonnes,1610.32,Rs./Quintal
NCT of Delhi,Delhi,APMC Shahdara,Vegetables,Carrot,December-2023,1099.56,Metric Tonnes,1522.99,Rs./Quintal
NCT of Delhi,Delhi,APMC Shahdara,Vegetables,Cauliflower,December-2023,1658.16,Metric Tonnes,971.00,Rs./Quintal
NCT of Delhi,Delhi,APMC Shahdara,Vegetables,Coriander(Leaves),December-2023,203.35,Bundle,2393.38,Rs./Bundle
NCT of Delhi,Delhi,APMC Shahdara,Vegetables,Cucumbar(Kheera),December-2023,434.92,Metric Tonnes,1497.57,Rs./Quintal
NCT of Delhi,Delhi,APMC Shahdara,Vegetables,French Beans(Frasbean),December-2023,114.15,Metric Tonnes,2233.15,Rs./Quintal
NCT of Delhi,Delhi,APMC Shahdara,Vegetables,Green Chilli,December-2023,533.90,Metric Tonnes,1482.07,Rs./Quintal
NCT of Delhi,Delhi,APMC Shahdara,Vegetables,Lemon,December-2023,45.48,Metric Tonnes,4056.64,Rs./Quintal
NCT of Delhi,Delhi,APMC Shahdara,Vegetables,Little gourd(Kundru),December-2023,2.35,Metric Tonnes,1200.00,Rs./Quintal
NCT of Delhi,Delhi,APMC Shahdara,Vegetables,Methi(Leaves),December-2023,4.35,Metric Tonnes,1600.00,Rs./Quintal
NCT of Delhi,Delhi,APMC Shahdara,Vegetables,Mint(Pudina),December-2023,18.64,Bundle,3616.36,Rs./Bundle
NCT of Delhi,Delhi,APMC Shahdara,Vegetables,Onion,December-2023,4616.20,Metric Tonnes,2415.39,Rs./Quintal
NCT of Delhi,Delhi,APMC Shahdara,Vegetables,Peas Wet,December-2023,1147.32,Metric Tonnes,1923.85,Rs./Quintal
NCT of Delhi,Delhi,APMC Shahdara,Vegetables,Pointed gourd(Parval),December-2023,25.90,Metric Tonnes,2748.26,Rs./Quintal
NCT of Delhi,Delhi,APMC Shahdara,Vegetables,Potato,December-2023,12448.56,Metric Tonnes,914.65,Rs./Quintal
NCT of Delhi,Delhi,APMC Shahdara,Vegetables,Pumpkin,December-2023,148.58,Metric Tonnes,733.73,Rs./Quintal
NCT of Delhi,Delhi,APMC Shahdara,Vegetables,Raddish,December-2023,742.54,Metric Tonnes,735.80,Rs./Quintal
NCT of Delhi,Delhi,APMC Shahdara,Vegetables,Spinach,December-2023,326.84,Metric Tonnes,1086.69,Rs./Quintal
NCT of Delhi,Delhi,APMC Shahdara,Vegetables,Tinda,December-2023,1.24,Metric Tonnes,2500.00,Rs./Quintal
NCT of Delhi,Delhi,APMC Shahdara,Vegetables,Tomato,December-2023,3004.31,Metric Tonnes,1508.92,Rs./Quintal
NCT of Delhi,Delhi,APMC Shahdara,Vegetables,Bhindi(Ladies Finger),January-2024,62.40,Metric Tonnes,5890.63,Rs./Quintal
NCT of Delhi,Delhi,APMC Shahdara,Vegetables,Bitter gourd,January-2024,13.23,Metric Tonnes,3396.45,Rs./Quintal
NCT of Delhi,Delhi,APMC Shahdara,Vegetables,Bottle gourd,January-2024,257.38,Metric Tonnes,2133.07,Rs./Quintal
NCT of Delhi,Delhi,APMC Shahdara,Vegetables,Brinjal,January-2024,279.48,Metric Tonnes,2810.84,Rs./Quintal
NCT of Delhi,Delhi,APMC Shahdara,Vegetables,Cabbage,January-2024,1052.65,Metric Tonnes,829.49,Rs./Quintal
NCT of Delhi,Delhi,APMC Shahdara,Vegetables,Capsicum,January-2024,145.24,Metric Tonnes,2845.97,Rs./Quintal
NCT of Delhi,Delhi,APMC Shahdara,Vegetables,Carrot,January-2024,1208.41,Metric Tonnes,1266.48,Rs./Quintal
NCT of Delhi,Delhi,APMC Shahdara,Vegetables,Cauliflower,January-2024,1440.16,Metric Tonnes,1447.15,Rs./Quintal
NCT of Delhi,Delhi,APMC Shahdara,Vegetables,Coriander(Leaves),January-2024,331.06,Bundle,2975.21,Rs./Bundle
NCT of Delhi,Delhi,APMC Shahdara,Vegetables,Cucumbar(Kheera),January-2024,234.52,Metric Tonnes,1583.21,Rs./Quintal
NCT of Delhi,Delhi,APMC Shahdara,Vegetables,French Beans(Frasbean),January-2024,206.82,Metric Tonnes,2585.53,Rs./Quintal
NCT of Delhi,Delhi,APMC Shahdara,Vegetables,Green Chilli,January-2024,347.50,Metric Tonnes,2733.77,Rs./Quintal
NCT of Delhi,Delhi,APMC Shahdara,Vegetables,Lemon,January-2024,31.11,Metric Tonnes,5168.66,Rs./Quintal
NCT of Delhi,Delhi,APMC Shahdara,Vegetables,Methi(Leaves),January-2024,12.34,Metric Tonnes,3107.29,Rs./Quintal
NCT of Delhi,Delhi,APMC Shahdara,Vegetables,Mint(Pudina),January-2024,9.50,Bundle,3773.68,Rs./Bundle
NCT of Delhi,Delhi,APMC Shahdara,Vegetables,Onion,January-2024,6057.95,Metric Tonnes,1813.25,Rs./Quintal
NCT of Delhi,Delhi,APMC Shahdara,Vegetables,Peas Wet,January-2024,1095.89,Metric Tonnes,2662.83,Rs./Quintal
NCT of Delhi,Delhi,APMC Shahdara,Vegetables,Potato,January-2024,13725.00,Metric Tonnes,769.95,Rs./Quintal
NCT of Delhi,Delhi,APMC Shahdara,Vegetables,Pumpkin,January-2024,137.94,Metric Tonnes,1163.37,Rs./Quintal
NCT of Delhi,Delhi,APMC Shahdara,Vegetables,Raddish,January-2024,444.73,Metric Tonnes,784.08,Rs./Quintal
NCT of Delhi,Delhi,APMC Shahdara,Vegetables,Spinach,January-2024,247.17,Metric Tonnes,1230.57,Rs./Quintal
NCT of Delhi,Delhi,APMC Shahdara,Vegetables,Tinda,January-2024,1.40,Metric Tonnes,2400.00,Rs./Quintal
NCT of Delhi,Delhi,APMC Shahdara,Vegetables,Tomato,January-2024,2353.37,Metric Tonnes,1369.90,Rs./Quintal
NCT of Delhi,Delhi,APMC Shahdara,Vegetables,Bhindi(Ladies Finger),February-2024,177.16,Metric Tonnes,4690.52,Rs./Quintal
NCT of Delhi,Delhi,APMC Shahdara,Vegetables,Bitter gourd,February-2024,37.12,Metric Tonnes,4450.03,Rs./Quintal
NCT of Delhi,Delhi,APMC Shahdara,Vegetables,Bottle gourd,February-2024,533.09,Metric Tonnes,2098.77,Rs./Quintal
NCT of Delhi,Delhi,APMC Shahdara,Vegetables,Brinjal,February-2024,831.00,Metric Tonnes,1907.25,Rs./Quintal
NCT of Delhi,Delhi,APMC Shahdara,Vegetables,Cabbage,February-2024,649.35,Metric Tonnes,1171.21,Rs./Quintal
NCT of Delhi,Delhi,APMC Shahdara,Vegetables,Capsicum,February-2024,175.01,Metric Tonnes,4132.67,Rs./Quintal
NCT of Delhi,Delhi,APMC Shahdara,Vegetables,Carrot,February-2024,1272.62,Metric Tonnes,1086.05,Rs./Quintal
NCT of Delhi,Delhi,APMC Shahdara,Vegetables,Cauliflower,February-2024,1283.39,Metric Tonnes,1631.76,Rs./Quintal
NCT of Delhi,Delhi,APMC Shahdara,Vegetables,Coriander(Leaves),February-2024,482.75,Bundle,2392.98,Rs./Bundle
NCT of Delhi,Delhi,APMC Shahdara,Vegetables,Cucumbar(Kheera),February-2024,355.33,Metric Tonnes,2405.68,Rs./Quintal
NCT of Delhi,Delhi,APMC Shahdara,Vegetables,French Beans(Frasbean),February-2024,209.41,Metric Tonnes,3109.54,Rs./Quintal
NCT of Delhi,Delhi,APMC Shahdara,Vegetables,Green Chilli,February-2024,448.77,Metric Tonnes,3175.16,Rs./Quintal
NCT of Delhi,Delhi,APMC Shahdara,Vegetables,Lemon,February-2024,24.94,Metric Tonnes,8305.53,Rs./Quintal
NCT of Delhi,Delhi,APMC Shahdara,Vegetables,Methi(Leaves),February-2024,56.87,Metric Tonnes,3382.73,Rs./Quintal
NCT of Delhi,Delhi,APMC Shahdara,Vegetables,Mint(Pudina),February-2024,4.70,Bundle,3678.72,Rs./Bundle
NCT of Delhi,Delhi,APMC Shahdara,Vegetables,Onion,February-2024,7124.00,Metric Tonnes,1481.11,Rs./Quintal
NCT of Delhi,Delhi,APMC Shahdara,Vegetables,Peas Wet,February-2024,1237.71,Metric Tonnes,2534.07,Rs./Quintal
NCT of Delhi,Delhi,APMC Shahdara,Vegetables,Potato,February-2024,14651.40,Metric Tonnes,828.01,Rs./Quintal
NCT of Delhi,Delhi,APMC Shahdara,Vegetables,Pumpkin,February-2024,266.14,Metric Tonnes,1236.40,Rs./Quintal
NCT of Delhi,Delhi,APMC Shahdara,Vegetables,Raddish,February-2024,453.36,Metric Tonnes,832.01,Rs./Quintal
NCT of Delhi,Delhi,APMC Shahdara,Vegetables,Spinach,February-2024,406.32,Metric Tonnes,1269.65,Rs./Quintal
NCT of Delhi,Delhi,APMC Shahdara,Vegetables,Tinda,February-2024,1.10,Metric Tonnes,2200.00,Rs./Quintal
NCT of Delhi,Delhi,APMC Shahdara,Vegetables,Tomato,February-2024,3318.01,Metric Tonnes,1900.56,Rs./Quintal
NCT of Delhi,Delhi,APMC Shahdara,Vegetables,Bhindi(Ladies Finger),March-2024,121.13,Metric Tonnes,4365.21,Rs./Quintal
NCT of Delhi,Delhi,APMC Shahdara,Vegetables,Bitter gourd,March-2024,74.15,Metric Tonnes,4048.28,Rs./Quintal
NCT of Delhi,Delhi,APMC Shahdara,Vegetables,Bottle gourd,March-2024,541.15,Metric Tonnes,2287.66,Rs./Quintal
NCT of Delhi,Delhi,APMC Shahdara,Vegetables,Brinjal,March-2024,337.27,Metric Tonnes,2056.47,Rs./Quintal
NCT of Delhi,Delhi,APMC Shahdara,Vegetables,Cabbage,March-2024,453.05,Metric Tonnes,1286.56,Rs./Quintal
NCT of Delhi,Delhi,APMC Shahdara,Vegetables,Capsicum,March-2024,100.69,Metric Tonnes,4210.50,Rs./Quintal
NCT of Delhi,Delhi,APMC Shahdara,Vegetables,Carrot,March-2024,453.74,Metric Tonnes,1176.89,Rs./Quintal
NCT of Delhi,Delhi,APMC Shahdara,Vegetables,Cauliflower,March-2024,482.96,Metric Tonnes,2124.31,Rs./Quintal
NCT of Delhi,Delhi,APMC Shahdara,Vegetables,Coriander(Leaves),March-2024,370.17,Bundle,940.94,Rs./Bundle
NCT of Delhi,Delhi,APMC Shahdara,Vegetables,Cucumbar(Kheera),March-2024,504.02,Metric Tonnes,2125.45,Rs./Quintal
NCT of Delhi,Delhi,APMC Shahdara,Vegetables,French Beans(Frasbean),March-2024,140.21,Metric Tonnes,3365.18,Rs./Quintal
NCT of Delhi,Delhi,APMC Shahdara,Vegetables,Green Chilli,March-2024,305.66,Metric Tonnes,5324.11,Rs./Quintal
NCT of Delhi,Delhi,APMC Shahdara,Vegetables,Lemon,March-2024,31.31,Metric Tonnes,8294.47,Rs./Quintal
NCT of Delhi,Delhi,APMC Shahdara,Vegetables,Methi(Leaves),March-2024,9.45,Metric Tonnes,4000.00,Rs./Quintal
NCT of Delhi,Delhi,APMC Shahdara,Vegetables,Mint(Pudina),March-2024,30.03,Bundle,2130.14,Rs./Bundle
NCT of Delhi,Delhi,APMC Shahdara,Vegetables,Onion,March-2024,5494.42,Metric Tonnes,1537.46,Rs./Quintal
NCT of Delhi,Delhi,APMC Shahdara,Vegetables,Peas Wet,March-2024,346.92,Metric Tonnes,3245.79,Rs./Quintal
NCT of Delhi,Delhi,APMC Shahdara,Vegetables,Pointed gourd(Parval),March-2024,27.35,Metric Tonnes,3378.24,Rs./Quintal
NCT of Delhi,Delhi,APMC Shahdara,Vegetables,Potato,March-2024,9428.50,Metric Tonnes,1194.20,Rs./Quintal
NCT of Delhi,Delhi,APMC Shahdara,Vegetables,Pumpkin,March-2024,284.70,Metric Tonnes,1171.51,Rs./Quintal
NCT of Delhi,Delhi,APMC Shahdara,Vegetables,Raddish,March-2024,316.25,Metric Tonnes,1206.53,Rs./Quintal
NCT of Delhi,Delhi,APMC Shahdara,Vegetables,Spinach,March-2024,223.32,Metric Tonnes,1293.78,Rs./Quintal
NCT of Delhi,Delhi,APMC Shahdara,Vegetables,Tinda,March-2024,2.50,Metric Tonnes,2576.00,Rs./Quintal
NCT of Delhi,Delhi,APMC Shahdara,Vegetables,Tomato,March-2024,2132.34,Metric Tonnes,1603.12,Rs./Quintal
NCT of Delhi,Delhi,APMC Shahdara,Vegetables,Bhindi(Ladies Finger),April-2024,285.88,Metric Tonnes,3804.82,Rs./Quintal
NCT of Delhi,Delhi,APMC Shahdara,Vegetables,Bitter gourd,April-2024,179.67,Metric Tonnes,2569.46,Rs./Quintal
NCT of Delhi,Delhi,APMC Shahdara,Vegetables,Bottle gourd,April-2024,940.94,Metric Tonnes,1421.98,Rs./Quintal
NCT of Delhi,Delhi,APMC Shahdara,Vegetables,Brinjal,April-2024,511.01,Metric Tonnes,1703.06,Rs./Quintal
NCT of Delhi,Delhi,APMC Shahdara,Vegetables,Cabbage,April-2024,547.82,Metric Tonnes,966.50,Rs./Quintal
NCT of Delhi,Delhi,APMC Shahdara,Vegetables,Capsicum,April-2024,305.87,Metric Tonnes,2258.61,Rs./Quintal
NCT of Delhi,Delhi,APMC Shahdara,Vegetables,Carrot,April-2024,269.41,Metric Tonnes,1396.53,Rs./Quintal
NCT of Delhi,Delhi,APMC Shahdara,Vegetables,Cauliflower,April-2024,1235.89,Metric Tonnes,1583.84,Rs./Quintal
NCT of Delhi,Delhi,APMC Shahdara,Vegetables,Coriander(Leaves),April-2024,481.00,Bundle,1548.98,Rs./Bundle
NCT of Delhi,Delhi,APMC Shahdara,Vegetables,Cucumbar(Kheera),April-2024,1832.42,Metric Tonnes,1260.90,Rs./Quintal
NCT of Delhi,Delhi,APMC Shahdara,Vegetables,French Beans(Frasbean),April-2024,250.87,Metric Tonnes,2089.46,Rs./Quintal
NCT of Delhi,Delhi,APMC Shahdara,Vegetables,Green Chilli,April-2024,311.71,Metric Tonnes,3403.60,Rs./Quintal
NCT of Delhi,Delhi,APMC Shahdara,Vegetables,Lemon,April-2024,56.85,Metric Tonnes,9697.63,Rs./Quintal
NCT of Delhi,Delhi,APMC Shahdara,Vegetables,Little gourd(Kundru),April-2024,1.20,Metric Tonnes,3000.00,Rs./Quintal
NCT of Delhi,Delhi,APMC Shahdara,Vegetables,Mint(Pudina),April-2024,44.30,Bundle,3528.71,Rs./Bundle
NCT of Delhi,Delhi,APMC Shahdara,Vegetables,Onion,April-2024,7487.99,Metric Tonnes,1504.25,Rs./Quintal
NCT of Delhi,Delhi,APMC Shahdara,Vegetables,Peas Wet,April-2024,202.25,Metric Tonnes,3809.69,Rs./Quintal
NCT of Delhi,Delhi,APMC Shahdara,Vegetables,Pointed gourd(Parval),April-2024,265.46,Metric Tonnes,3399.99,Rs./Quintal
NCT of Delhi,Delhi,APMC Shahdara,Vegetables,Potato,April-2024,11422.15,Metric Tonnes,1509.35,Rs./Quintal
NCT of Delhi,Delhi,APMC Shahdara,Vegetables,Pumpkin,April-2024,313.90,Metric Tonnes,967.62,Rs./Quintal
NCT of Delhi,Delhi,APMC Shahdara,Vegetables,Raddish,April-2024,230.26,Metric Tonnes,1667.66,Rs./Quintal
NCT of Delhi,Delhi,APMC Shahdara,Vegetables,Spinach,April-2024,204.97,Metric Tonnes,1306.98,Rs./Quintal
NCT of Delhi,Delhi,APMC Shahdara,Vegetables,Tinda,April-2024,31.57,Metric Tonnes,3427.84,Rs./Quintal
NCT of Delhi,Delhi,APMC Shahdara,Vegetables,Tomato,April-2024,3694.52,Metric Tonnes,1493.58,Rs./Quintal
NCT of Delhi,Delhi,APMC Shahdara,Vegetables,Bhindi(Ladies Finger),May-2024,492.86,Metric Tonnes,2485.70,Rs./Quintal
NCT of Delhi,Delhi,APMC Shahdara,Vegetables,Bitter gourd,May-2024,381.19,Metric Tonnes,2215.23,Rs./Quintal
NCT of Delhi,Delhi,APMC Shahdara,Vegetables,Bottle gourd,May-2024,896.79,Metric Tonnes,1181.27,Rs./Quintal
NCT of Delhi,Delhi,APMC Shahdara,Vegetables,Brinjal,May-2024,459.13,Metric Tonnes,1422.04,Rs./Quintal
NCT of Delhi,Delhi,APMC Shahdara,Vegetables,Cabbage,May-2024,563.22,Metric Tonnes,897.64,Rs./Quintal
NCT of Delhi,Delhi,APMC Shahdara,Vegetables,Capsicum,May-2024,325.70,Metric Tonnes,1366.80,Rs./Quintal
NCT of Delhi,Delhi,APMC Shahdara,Vegetables,Carrot,May-2024,137.20,Metric Tonnes,1409.43,Rs./Quintal
NCT of Delhi,Delhi,APMC Shahdara,Vegetables,Cauliflower,May-2024,495.57,Metric Tonnes,2202.44,Rs./Quintal
NCT of Delhi,Delhi,APMC Shahdara,Vegetables,Coriander(Leaves),May-2024,403.98,Bundle,2785.40,Rs./Bundle
NCT of Delhi,Delhi,APMC Shahdara,Vegetables,Cucumbar(Kheera),May-2024,2113.72,Metric Tonnes,918.58,Rs./Quintal
NCT of Delhi,Delhi,APMC Shahdara,Vegetables,French Beans(Frasbean),May-2024,119.17,Metric Tonnes,2831.47,Rs./Quintal
NCT of Delhi,Delhi,APMC Shahdara,Vegetables,Green Chilli,May-2024,319.68,Metric Tonnes,2256.20,Rs./Quintal
NCT of Delhi,Delhi,APMC Shahdara,Vegetables,Lemon,May-2024,135.63,Metric Tonnes,8212.45,Rs./Quintal
NCT of Delhi,Delhi,APMC Shahdara,Vegetables,Little gourd(Kundru),May-2024,53.30,Metric Tonnes,1954.37,Rs./Quintal
NCT of Delhi,Delhi,APMC Shahdara,Vegetables,Mint(Pudina),May-2024,43.82,Bundle,3098.38,Rs./Bundle
NCT of Delhi,Delhi,APMC Shahdara,Vegetables,Onion,May-2024,8779.33,Metric Tonnes,1624.17,Rs./Quintal
NCT of Delhi,Delhi,APMC Shahdara,Vegetables,Peas Wet,May-2024,197.01,Metric Tonnes,4473.55,Rs./Quintal
NCT of Delhi,Delhi,APMC Shahdara,Vegetables,Pointed gourd(Parval),May-2024,469.24,Metric Tonnes,2699.77,Rs./Quintal
NCT of Delhi,Delhi,APMC Shahdara,Vegetables,Potato,May-2024,10782.03,Metric Tonnes,1583.83,Rs./Quintal
NCT of Delhi,Delhi,APMC Shahdara,Vegetables,Pumpkin,May-2024,332.80,Metric Tonnes,592.02,Rs./Quintal
NCT of Delhi,Delhi,APMC Shahdara,Vegetables,Raddish,May-2024,146.01,Metric Tonnes,1910.64,Rs./Quintal
NCT of Delhi,Delhi,APMC Shahdara,Vegetables,Spinach,May-2024,154.31,Metric Tonnes,1370.82,Rs./Quintal
NCT of Delhi,Delhi,APMC Shahdara,Vegetables,Tinda,May-2024,199.99,Metric Tonnes,2654.50,Rs./Quintal
NCT of Delhi,Delhi,APMC Shahdara,Vegetables,Tomato,May-2024,3452.63,Metric Tonnes,781.40,Rs./Quintal
NCT of Delhi,Delhi,APMC Shahdara,Vegetables,Bhindi(Ladies Finger),June-2024,401.78,Metric Tonnes,2274.48,Rs./Quintal
NCT of Delhi,Delhi,APMC Shahdara,Vegetables,Bitter gourd,June-2024,344.77,Metric Tonnes,2027.58,Rs./Quintal
NCT of Delhi,Delhi,APMC Shahdara,Vegetables,Bottle gourd,June-2024,388.09,Metric Tonnes,1851.41,Rs./Quintal
NCT of Delhi,Delhi,APMC Shahdara,Vegetables,Brinjal,June-2024,330.49,Metric Tonnes,1862.81,Rs./Quintal
NCT of Delhi,Delhi,APMC Shahdara,Vegetables,Cabbage,June-2024,519.87,Metric Tonnes,994.07,Rs./Quintal
NCT of Delhi,Delhi,APMC Shahdara,Vegetables,Capsicum,June-2024,104.73,Metric Tonnes,3548.31,Rs./Quintal
NCT of Delhi,Delhi,APMC Shahdara,Vegetables,Carrot,June-2024,91.67,Metric Tonnes,1625.24,Rs./Quintal
NCT of Delhi,Delhi,APMC Shahdara,Vegetables,Cauliflower,June-2024,306.98,Metric Tonnes,2252.38,Rs./Quintal
NCT of Delhi,Delhi,APMC Shahdara,Vegetables,Coriander(Leaves),June-2024,260.91,Bundle,8313.56,Rs./Bundle
NCT of Delhi,Delhi,APMC Shahdara,Vegetables,Cucumbar(Kheera),June-2024,884.48,Metric Tonnes,1477.04,Rs./Quintal
NCT of Delhi,Delhi,APMC Shahdara,Vegetables,French Beans(Frasbean),June-2024,88.76,Metric Tonnes,4507.81,Rs./Quintal
NCT of Delhi,Delhi,APMC Shahdara,Vegetables,Green Chilli,June-2024,301.32,Metric Tonnes,3371.69,Rs./Quintal
NCT of Delhi,Delhi,APMC Shahdara,Vegetables,Lemon,June-2024,102.41,Metric Tonnes,7441.85,Rs./Quintal
NCT of Delhi,Delhi,APMC Shahdara,Vegetables,Little gourd(Kundru),June-2024,51.24,Metric Tonnes,1765.26,Rs./Quintal
NCT of Delhi,Delhi,APMC Shahdara,Vegetables,Mint(Pudina),June-2024,19.88,Bundle,6295.27,Rs./Bundle
NCT of Delhi,Delhi,APMC Shahdara,Vegetables,Onion,June-2024,7613.74,Metric Tonnes,2366.16,Rs./Quintal
NCT of Delhi,Delhi,APMC Shahdara,Vegetables,Peas Wet,June-2024,87.13,Metric Tonnes,4134.47,Rs./Quintal
NCT of Delhi,Delhi,APMC Shahdara,Vegetables,Pointed gourd(Parval),June-2024,397.88,Metric Tonnes,2598.43,Rs./Quintal
NCT of Delhi,Delhi,APMC Shahdara,Vegetables,Potato,June-2024,9764.50,Metric Tonnes,1706.75,Rs./Quintal
NCT of Delhi,Delhi,APMC Shahdara,Vegetables,Pumpkin,June-2024,489.70,Metric Tonnes,616.59,Rs./Quintal
NCT of Delhi,Delhi,APMC Shahdara,Vegetables,Raddish,June-2024,125.68,Metric Tonnes,1740.40,Rs./Quintal
NCT of Delhi,Delhi,APMC Shahdara,Vegetables,Spinach,June-2024,147.07,Metric Tonnes,1280.97,Rs./Quintal
NCT of Delhi,Delhi,APMC Shahdara,Vegetables,Tinda,June-2024,104.45,Metric Tonnes,2572.52,Rs./Quintal
NCT of Delhi,Delhi,APMC Shahdara,Vegetables,Tomato,June-2024,3278.98,Metric Tonnes,1091.83,Rs./Quintal
NCT of Delhi,Delhi,APMC Shahdara,Vegetables,Bhindi(Ladies Finger),July-2024,477.72,Metric Tonnes,2699.68,Rs./Quintal
NCT of Delhi,Delhi,APMC Shahdara,Vegetables,Bitter gourd,July-2024,293.25,Metric Tonnes,2131.42,Rs./Quintal
NCT of Delhi,Delhi,APMC Shahdara,Vegetables,Bottle gourd,July-2024,563.06,Metric Tonnes,2438.88,Rs./Quintal
NCT of Delhi,Delhi,APMC Shahdara,Vegetables,Brinjal,July-2024,538.70,Metric Tonnes,2170.13,Rs./Quintal
NCT of Delhi,Delhi,APMC Shahdara,Vegetables,Cabbage,July-2024,424.68,Metric Tonnes,1365.03,Rs./Quintal
NCT of Delhi,Delhi,APMC Shahdara,Vegetables,Capsicum,July-2024,260.11,Metric Tonnes,4594.09,Rs./Quintal
NCT of Delhi,Delhi,APMC Shahdara,Vegetables,Carrot,July-2024,85.82,Metric Tonnes,1704.56,Rs./Quintal
NCT of Delhi,Delhi,APMC Shahdara,Vegetables,Cauliflower,July-2024,329.05,Metric Tonnes,2734.81,Rs./Quintal
NCT of Delhi,Delhi,APMC Shahdara,Vegetables,Coriander(Leaves),July-2024,145.85,Bundle,7432.64,Rs./Bundle
NCT of Delhi,Delhi,APMC Shahdara,Vegetables,Cucumbar(Kheera),July-2024,1171.25,Metric Tonnes,2020.54,Rs./Quintal
NCT of Delhi,Delhi,APMC Shahdara,Vegetables,French Beans(Frasbean),July-2024,138.33,Metric Tonnes,4603.53,Rs./Quintal
NCT of Delhi,Delhi,APMC Shahdara,Vegetables,Green Chilli,July-2024,409.64,Metric Tonnes,3030.31,Rs./Quintal
NCT of Delhi,Delhi,APMC Shahdara,Vegetables,Lemon,July-2024,94.51,Metric Tonnes,6452.81,Rs./Quintal
NCT of Delhi,Delhi,APMC Shahdara,Vegetables,Little gourd(Kundru),July-2024,44.00,Metric Tonnes,2460.32,Rs./Quintal
NCT of Delhi,Delhi,APMC Shahdara,Vegetables,Mint(Pudina),July-2024,16.47,Bundle,6379.36,Rs./Bundle
NCT of Delhi,Delhi,APMC Shahdara,Vegetables,Onion,July-2024,6450.74,Metric Tonnes,2857.16,Rs./Quintal
NCT of Delhi,Delhi,APMC Shahdara,Vegetables,Peas Wet,July-2024,29.94,Metric Tonnes,8429.86,Rs./Quintal
NCT of Delhi,Delhi,APMC Shahdara,Vegetables,Pointed gourd(Parval),July-2024,260.80,Metric Tonnes,2952.75,Rs./Quintal
NCT of Delhi,Delhi,APMC Shahdara,Vegetables,Potato,July-2024,11796.54,Metric Tonnes,2281.38,Rs./Quintal
NCT of Delhi,Delhi,APMC Shahdara,Vegetables,Pumpkin,July-2024,745.09,Metric Tonnes,780.94,Rs./Quintal
NCT of Delhi,Delhi,APMC Shahdara,Vegetables,Raddish,July-2024,207.91,Metric Tonnes,1880.64,Rs./Quintal
NCT of Delhi,Delhi,APMC Shahdara,Vegetables,Spinach,July-2024,121.92,Metric Tonnes,1459.92,Rs./Quintal
NCT of Delhi,Delhi,APMC Shahdara,Vegetables,Tinda,July-2024,36.37,Metric Tonnes,3295.33,Rs./Quintal
NCT of Delhi,Delhi,APMC Shahdara,Vegetables,Tomato,July-2024,3416.25,Metric Tonnes,3686.80,Rs./Quintal
NCT of Delhi,Delhi,APMC Shahdara,Vegetables,Bhindi(Ladies Finger),August-2024,592.18,Metric Tonnes,2444.51,Rs./Quintal
NCT of Delhi,Delhi,APMC Shahdara,Vegetables,Bitter gourd,August-2024,163.54,Metric Tonnes,1863.49,Rs./Quintal
NCT of Delhi,Delhi,APMC Shahdara,Vegetables,Bottle gourd,August-2024,948.35,Metric Tonnes,1876.21,Rs./Quintal
NCT of Delhi,Delhi,APMC Shahdara,Vegetables,Brinjal,August-2024,510.77,Metric Tonnes,1975.36,Rs./Quintal
NCT of Delhi,Delhi,APMC Shahdara,Vegetables,Cabbage,August-2024,1423.99,Metric Tonnes,1542.14,Rs./Quintal
NCT of Delhi,Delhi,APMC Shahdara,Vegetables,Capsicum,August-2024,422.26,Metric Tonnes,4084.12,Rs./Quintal
NCT of Delhi,Delhi,APMC Shahdara,Vegetables,Carrot,August-2024,88.53,Metric Tonnes,1648.36,Rs./Quintal
NCT of Delhi,Delhi,APMC Shahdara,Vegetables,Cauliflower,August-2024,558.95,Metric Tonnes,3282.20,Rs./Quintal
NCT of Delhi,Delhi,APMC Shahdara,Vegetables,Coriander(Leaves),August-2024,139.14,Bundle,9300.99,Rs./Bundle
NCT of Delhi,Delhi,APMC Shahdara,Vegetables,Cucumbar(Kheera),August-2024,785.54,Metric Tonnes,2024.94,Rs./Quintal
NCT of Delhi,Delhi,APMC Shahdara,Vegetables,French Beans(Frasbean),August-2024,86.05,Metric Tonnes,4388.87,Rs./Quintal
NCT of Delhi,Delhi,APMC Shahdara,Vegetables,Green Chilli,August-2024,550.37,Metric Tonnes,3176.64,Rs./Quintal
NCT of Delhi,Delhi,APMC Shahdara,Vegetables,Lemon,August-2024,136.60,Metric Tonnes,9273.79,Rs./Quintal
NCT of Delhi,Delhi,APMC Shahdara,Vegetables,Little gourd(Kundru),August-2024,108.77,Metric Tonnes,2261.36,Rs./Quintal
NCT of Delhi,Delhi,APMC Shahdara,Vegetables,Mint(Pudina),August-2024,8.11,Bundle,6070.28,Rs./Bundle
NCT of Delhi,Delhi,APMC Shahdara,Vegetables,Onion,August-2024,7759.13,Metric Tonnes,3330.59,Rs./Quintal
NCT of Delhi,Delhi,APMC Shahdara,Vegetables,Peas Wet,August-2024,56.25,Metric Tonnes,7964.44,Rs./Quintal
NCT of Delhi,Delhi,APMC Shahdara,Vegetables,Pointed gourd(Parval),August-2024,474.37,Metric Tonnes,2907.19,Rs./Quintal
NCT of Delhi,Delhi,APMC Shahdara,Vegetables,Potato,August-2024,12831.79,Metric Tonnes,2008.81,Rs./Quintal
NCT of Delhi,Delhi,APMC Shahdara,Vegetables,Pumpkin,August-2024,728.17,Metric Tonnes,1028.67,Rs./Quintal
NCT of Delhi,Delhi,APMC Shahdara,Vegetables,Raddish,August-2024,305.83,Metric Tonnes,1578.63,Rs./Quintal
NCT of Delhi,Delhi,APMC Shahdara,Vegetables,Spinach,August-2024,158.07,Metric Tonnes,1384.96,Rs./Quintal
NCT of Delhi,Delhi,APMC Shahdara,Vegetables,Tinda,August-2024,34.96,Metric Tonnes,3840.68,Rs./Quintal
NCT of Delhi,Delhi,APMC Shahdara,Vegetables,Tomato,August-2024,5263.87,Metric Tonnes,2235.08,Rs./Quintal
NCT of Delhi,Delhi,APMC Shahdara,Vegetables,Bhindi(Ladies Finger),September-2024,420.66,Metric Tonnes,2140.06,Rs./Quintal
NCT of Delhi,Delhi,APMC Shahdara,Vegetables,Bitter gourd,September-2024,246.47,Metric Tonnes,2366.11,Rs./Quintal
NCT of Delhi,Delhi,APMC Shahdara,Vegetables,Bottle gourd,September-2024,714.29,Metric Tonnes,1834.32,Rs./Quintal
NCT of Delhi,Delhi,APMC Shahdara,Vegetables,Brinjal,September-2024,550.52,Metric Tonnes,2063.66,Rs./Quintal
NCT of Delhi,Delhi,APMC Shahdara,Vegetables,Cabbage,September-2024,1903.04,Metric Tonnes,1649.73,Rs./Quintal
NCT of Delhi,Delhi,APMC Shahdara,Vegetables,Capsicum,September-2024,253.36,Metric Tonnes,5461.19,Rs./Quintal
NCT of Delhi,Delhi,APMC Shahdara,Vegetables,Carrot,September-2024,86.05,Metric Tonnes,2587.59,Rs./Quintal
NCT of Delhi,Delhi,APMC Shahdara,Vegetables,Cauliflower,September-2024,421.72,Metric Tonnes,3416.46,Rs./Quintal
NCT of Delhi,Delhi,APMC Shahdara,Vegetables,Coriander(Leaves),September-2024,74.39,Bundle,13241.83,Rs./Bundle
NCT of Delhi,Delhi,APMC Shahdara,Vegetables,Cucumbar(Kheera),September-2024,1025.36,Metric Tonnes,2295.85,Rs./Quintal
NCT of Delhi,Delhi,APMC Shahdara,Vegetables,French Beans(Frasbean),September-2024,120.88,Metric Tonnes,4618.09,Rs./Quintal
NCT of Delhi,Delhi,APMC Shahdara,Vegetables,Green Chilli,September-2024,745.93,Metric Tonnes,3617.51,Rs./Quintal
NCT of Delhi,Delhi,APMC Shahdara,Vegetables,Lemon,September-2024,103.67,Metric Tonnes,9916.95,Rs./Quintal
NCT of Delhi,Delhi,APMC Shahdara,Vegetables,Little gourd(Kundru),September-2024,54.00,Metric Tonnes,2480.69,Rs./Quintal
NCT of Delhi,Delhi,APMC Shahdara,Vegetables,Mint(Pudina),September-2024,6.10,Bundle,7823.77,Rs./Bundle
NCT of Delhi,Delhi,APMC Shahdara,Vegetables,Onion,September-2024,6100.62,Metric Tonnes,4056.26,Rs./Quintal
NCT of Delhi,Delhi,APMC Shahdara,Vegetables,Peas Wet,September-2024,10.94,Metric Tonnes,9279.71,Rs./Quintal
NCT of Delhi,Delhi,APMC Shahdara,Vegetables,Pointed gourd(Parval),September-2024,198.94,Metric Tonnes,2970.48,Rs./Quintal
NCT of Delhi,Delhi,APMC Shahdara,Vegetables,Potato,September-2024,12104.88,Metric Tonnes,2097.12,Rs./Quintal
NCT of Delhi,Delhi,APMC Shahdara,Vegetables,Pumpkin,September-2024,836.22,Metric Tonnes,1090.55,Rs./Quintal
NCT of Delhi,Delhi,APMC Shahdara,Vegetables,Raddish,September-2024,300.60,Metric Tonnes,1608.17,Rs./Quintal
NCT of Delhi,Delhi,APMC Shahdara,Vegetables,Spinach,September-2024,197.94,Metric Tonnes,1999.00,Rs./Quintal
NCT of Delhi,Delhi,APMC Shahdara,Vegetables,Tinda,September-2024,35.47,Metric Tonnes,4242.06,Rs./Quintal
NCT of Delhi,Delhi,APMC Shahdara,Vegetables,Tomato,September-2024,3494.26,Metric Tonnes,3264.18,Rs./Quintal
NCT of Delhi,Delhi,APMC Shahdara,Vegetables,Bhindi(Ladies Finger),October-2024,308.48,Metric Tonnes,2677.99,Rs./Quintal
NCT of Delhi,Delhi,APMC Shahdara,Vegetables,Bitter gourd,October-2024,171.89,Metric Tonnes,2541.73,Rs./Quintal
NCT of Delhi,Delhi,APMC Shahdara,Vegetables,Bottle gourd,October-2024,705.22,Metric Tonnes,1862.44,Rs./Quintal
NCT of Delhi,Delhi,APMC Shahdara,Vegetables,Brinjal,October-2024,723.26,Metric Tonnes,1861.49,Rs./Quintal
NCT of Delhi,Delhi,APMC Shahdara,Vegetables,Cabbage,October-2024,1532.85,Metric Tonnes,1709.82,Rs./Quintal
NCT of Delhi,Delhi,APMC Shahdara,Vegetables,Capsicum,October-2024,227.57,Metric Tonnes,7268.93,Rs./Quintal
NCT of Delhi,Delhi,APMC Shahdara,Vegetables,Carrot,October-2024,126.73,Metric Tonnes,2965.52,Rs./Quintal
NCT of Delhi,Delhi,APMC Shahdara,Vegetables,Cauliflower,October-2024,758.21,Metric Tonnes,4006.68,Rs./Quintal
NCT of Delhi,Delhi,APMC Shahdara,Vegetables,Coriander(Leaves),October-2024,226.95,Bundle,4340.74,Rs./Bundle
NCT of Delhi,Delhi,APMC Shahdara,Vegetables,Cucumbar(Kheera),October-2024,1033.80,Metric Tonnes,2604.55,Rs./Quintal
NCT of Delhi,Delhi,APMC Shahdara,Vegetables,French Beans(Frasbean),October-2024,99.79,Metric Tonnes,5122.29,Rs./Quintal
NCT of Delhi,Delhi,APMC Shahdara,Vegetables,Green Chilli,October-2024,662.26,Metric Tonnes,6188.33,Rs./Quintal
NCT of Delhi,Delhi,APMC Shahdara,Vegetables,Lemon,October-2024,52.74,Metric Tonnes,7174.54,Rs./Quintal
NCT of Delhi,Delhi,APMC Shahdara,Vegetables,Little gourd(Kundru),October-2024,20.73,Metric Tonnes,3005.31,Rs./Quintal
NCT of Delhi,Delhi,APMC Shahdara,Vegetables,Mint(Pudina),October-2024,10.80,Bundle,7700.00,Rs./Bundle
NCT of Delhi,Delhi,APMC Shahdara,Vegetables,Onion,October-2024,6263.18,Metric Tonnes,3911.69,Rs./Quintal
NCT of Delhi,Delhi,APMC Shahdara,Vegetables,Peas Wet,October-2024,51.16,Metric Tonnes,8480.26,Rs./Quintal
NCT of Delhi,Delhi,APMC Shahdara,Vegetables,Pointed gourd(Parval),October-2024,169.48,Metric Tonnes,3892.20,Rs./Quintal
NCT of Delhi,Delhi,APMC Shahdara,Vegetables,Potato,October-2024,14683.26,Metric Tonnes,2209.45,Rs./Quintal
NCT of Delhi,Delhi,APMC Shahdara,Vegetables,Pumpkin,October-2024,489.63,Metric Tonnes,964.48,Rs./Quintal
NCT of Delhi,Delhi,APMC Shahdara,Vegetables,Raddish,October-2024,711.31,Metric Tonnes,1558.19,Rs./Quintal
NCT of Delhi,Delhi,APMC Shahdara,Vegetables,Spinach,October-2024,422.66,Metric Tonnes,1999.44,Rs./Quintal
NCT of Delhi,Delhi,APMC Shahdara,Vegetables,Tinda,October-2024,23.79,Metric Tonnes,4401.64,Rs./Quintal
NCT of Delhi,Delhi,APMC Shahdara,Vegetables,Tomato,October-2024,3365.62,Metric Tonnes,4574.77,Rs./Quintal
NCT of Delhi,Delhi,APMC Shahdara,Vegetables,Bhindi(Ladies Finger),November-2024,85.28,Metric Tonnes,3082.16,Rs./Quintal
NCT of Delhi,Delhi,APMC Shahdara,Vegetables,Bitter gourd,November-2024,106.04,Metric Tonnes,2392.93,Rs./Quintal
NCT of Delhi,Delhi,APMC Shahdara,Vegetables,Bottle gourd,November-2024,426.37,Metric Tonnes,1829.00,Rs./Quintal
NCT of Delhi,Delhi,APMC Shahdara,Vegetables,Brinjal,November-2024,380.57,Metric Tonnes,1696.80,Rs./Quintal
NCT of Delhi,Delhi,APMC Shahdara,Vegetables,Cabbage,November-2024,759.72,Metric Tonnes,1654.99,Rs./Quintal
NCT of Delhi,Delhi,APMC Shahdara,Vegetables,Capsicum,November-2024,243.81,Metric Tonnes,3797.39,Rs./Quintal
NCT of Delhi,Delhi,APMC Shahdara,Vegetables,Carrot,November-2024,393.13,Metric Tonnes,3231.78,Rs./Quintal
NCT of Delhi,Delhi,APMC Shahdara,Vegetables,Cauliflower,November-2024,1095.42,Metric Tonnes,2208.85,Rs./Quintal
NCT of Delhi,Delhi,APMC Shahdara,Vegetables,Coriander(Leaves),November-2024,525.04,Bundle,1371.11,Rs./Bundle
NCT of Delhi,Delhi,APMC Shahdara,Vegetables,Cucumbar(Kheera),November-2024,603.21,Metric Tonnes,2382.44,Rs./Quintal
NCT of Delhi,Delhi,APMC Shahdara,Vegetables,French Beans(Frasbean),November-2024,182.92,Metric Tonnes,3747.44,Rs./Quintal
NCT of Delhi,Delhi,APMC Shahdara,Vegetables,Green Chilli,November-2024,403.36,Metric Tonnes,2214.64,Rs./Quintal
NCT of Delhi,Delhi,APMC Shahdara,Vegetables,Lemon,November-2024,97.49,Metric Tonnes,5477.07,Rs./Quintal
NCT of Delhi,Delhi,APMC Shahdara,Vegetables,Little gourd(Kundru),November-2024,10.70,Metric Tonnes,2695.33,Rs./Quintal
NCT of Delhi,Delhi,APMC Shahdara,Vegetables,Mint(Pudina),November-2024,3.99,Bundle,8000.00,Rs./Bundle
NCT of Delhi,Delhi,APMC Shahdara,Vegetables,Onion,November-2024,5726.48,Metric Tonnes,3950.32,Rs./Quintal
NCT of Delhi,Delhi,APMC Shahdara,Vegetables,Peas Wet,November-2024,465.60,Metric Tonnes,4236.70,Rs./Quintal
NCT of Delhi,Delhi,APMC Shahdara,Vegetables,Pointed gourd(Parval),November-2024,147.64,Metric Tonnes,3541.23,Rs./Quintal
NCT of Delhi,Delhi,APMC Shahdara,Vegetables,Potato,November-2024,14489.77,Metric Tonnes,2118.08,Rs./Quintal
NCT of Delhi,Delhi,APMC Shahdara,Vegetables,Pumpkin,November-2024,258.71,Metric Tonnes,1114.00,Rs./Quintal
NCT of Delhi,Delhi,APMC Shahdara,Vegetables,Raddish,November-2024,1382.63,Metric Tonnes,746.89,Rs./Quintal
NCT of Delhi,Delhi,APMC Shahdara,Vegetables,Spinach,November-2024,401.84,Metric Tonnes,1113.20,Rs./Quintal
NCT of Delhi,Delhi,APMC Shahdara,Vegetables,Tinda,November-2024,2.88,Metric Tonnes,5000.00,Rs./Quintal
NCT of Delhi,Delhi,APMC Shahdara,Vegetables,Tomato,November-2024,3639.80,Metric Tonnes,3210.10,Rs./Quintal
NCT of Delhi,Delhi,APMC Shahdara,Vegetables,Bhindi(Ladies Finger),December-2024,10.97,Metric Tonnes,6137.65,Rs./Quintal
NCT of Delhi,Delhi,APMC Shahdara,Vegetables,Bitter gourd,December-2024,35.25,Metric Tonnes,2556.14,Rs./Quintal
NCT of Delhi,Delhi,APMC Shahdara,Vegetables,Bottle gourd,December-2024,297.81,Metric Tonnes,2303.05,Rs./Quintal
NCT of Delhi,Delhi,APMC Shahdara,Vegetables,Brinjal,December-2024,290.34,Metric Tonnes,1840.75,Rs./Quintal
NCT of Delhi,Delhi,APMC Shahdara,Vegetables,Cabbage,December-2024,1159.85,Metric Tonnes,1512.89,Rs./Quintal
NCT of Delhi,Delhi,APMC Shahdara,Vegetables,Capsicum,December-2024,174.52,Metric Tonnes,3034.29,Rs./Quintal
NCT of Delhi,Delhi,APMC Shahdara,Vegetables,Carrot,December-2024,1148.74,Metric Tonnes,1723.81,Rs./Quintal
NCT of Delhi,Delhi,APMC Shahdara,Vegetables,Cauliflower,December-2024,1443.53,Metric Tonnes,2243.25,Rs./Quintal
NCT of Delhi,Delhi,APMC Shahdara,Vegetables,Coriander(Leaves),December-2024,417.76,Bundle,1223.70,Rs./Bundle
NCT of Delhi,Delhi,APMC Shahdara,Vegetables,Cucumbar(Kheera),December-2024,251.51,Metric Tonnes,2573.21,Rs./Quintal
NCT of Delhi,Delhi,APMC Shahdara,Vegetables,French Beans(Frasbean),December-2024,286.68,Metric Tonnes,2326.10,Rs./Quintal
NCT of Delhi,Delhi,APMC Shahdara,Vegetables,Green Chilli,December-2024,386.41,Metric Tonnes,2278.47,Rs./Quintal
NCT of Delhi,Delhi,APMC Shahdara,Vegetables,Lemon,December-2024,69.85,Metric Tonnes,4022.15,Rs./Quintal
NCT of Delhi,Delhi,APMC Shahdara,Vegetables,Little gourd(Kundru),December-2024,4.10,Metric Tonnes,3134.15,Rs./Quintal
NCT of Delhi,Delhi,APMC Shahdara,Vegetables,Onion,December-2024,6350.80,Metric Tonnes,2373.77,Rs./Quintal
NCT of Delhi,Delhi,APMC Shahdara,Vegetables,Peas Wet,December-2024,792.33,Metric Tonnes,5191.30,Rs./Quintal
NCT of Delhi,Delhi,APMC Shahdara,Vegetables,Pointed gourd(Parval),December-2024,83.83,Metric Tonnes,3301.50,Rs./Quintal
NCT of Delhi,Delhi,APMC Shahdara,Vegetables,Potato,December-2024,16092.80,Metric Tonnes,1971.61,Rs./Quintal
NCT of Delhi,Delhi,APMC Shahdara,Vegetables,Pumpkin,December-2024,237.86,Metric Tonnes,1267.99,Rs./Quintal
NCT of Delhi,Delhi,APMC Shahdara,Vegetables,Raddish,December-2024,1222.71,Metric Tonnes,535.31,Rs./Quintal
NCT of Delhi,Delhi,APMC Shahdara,Vegetables,Spinach,December-2024,308.72,Metric Tonnes,1187.38,Rs./Quintal
NCT of Delhi,Delhi,APMC Shahdara,Vegetables,Tomato,December-2024,3048.25,Metric Tonnes,2286.00,Rs./Quintal
NCT of Delhi,Delhi,APMC Shahdara,Vegetables,Bhindi(Ladies Finger),January-2025,30.32,Metric Tonnes,4249.67,Rs./Quintal
NCT of Delhi,Delhi,APMC Shahdara,Vegetables,Bitter gourd,January-2025,9.84,Metric Tonnes,2555.49,Rs./Quintal
NCT of Delhi,Delhi,APMC Shahdara,Vegetables,Bottle gourd,January-2025,268.81,Metric Tonnes,1929.39,Rs./Quintal
NCT of Delhi,Delhi,APMC Shahdara,Vegetables,Brinjal,January-2025,346.90,Metric Tonnes,1426.15,Rs./Quintal
NCT of Delhi,Delhi,APMC Shahdara,Vegetables,Cabbage,January-2025,709.41,Metric Tonnes,886.54,Rs./Quintal
NCT of Delhi,Delhi,APMC Shahdara,Vegetables,Capsicum,January-2025,166.47,Metric Tonnes,2502.02,Rs./Quintal
NCT of Delhi,Delhi,APMC Shahdara,Vegetables,Carrot,January-2025,1315.05,Metric Tonnes,1112.84,Rs./Quintal
NCT of Delhi,Delhi,APMC Shahdara,Vegetables,Cauliflower,January-2025,2108.66,Metric Tonnes,557.90,Rs./Quintal
NCT of Delhi,Delhi,APMC Shahdara,Vegetables,Coriander(Leaves),January-2025,449.14,Bundle,724.08,Rs./Bundle
NCT of Delhi,Delhi,APMC Shahdara,Vegetables,Cucumbar(Kheera),January-2025,257.19,Metric Tonnes,2254.16,Rs./Quintal
NCT of Delhi,Delhi,APMC Shahdara,Vegetables,French Beans(Frasbean),January-2025,135.35,Metric Tonnes,2547.59,Rs./Quintal
NCT of Delhi,Delhi,APMC Shahdara,Vegetables,Green Chilli,January-2025,323.06,Metric Tonnes,2955.75,Rs./Quintal
NCT of Delhi,Delhi,APMC Shahdara,Vegetables,Methi(Leaves),January-2025,8.95,Metric Tonnes,1300.00,Rs./Quintal
NCT of Delhi,Delhi,APMC Shahdara,Vegetables,Onion,January-2025,2984.18,Metric Tonnes,2323.86,Rs./Quintal
NCT of Delhi,Delhi,APMC Shahdara,Vegetables,Peas Wet,January-2025,2110.11,Metric Tonnes,2877.84,Rs./Quintal
NCT of Delhi,Delhi,APMC Shahdara,Vegetables,Potato,January-2025,14614.45,Metric Tonnes,1234.03,Rs./Quintal
NCT of Delhi,Delhi,APMC Shahdara,Vegetables,Pumpkin,January-2025,324.86,Metric Tonnes,1091.49,Rs./Quintal
NCT of Delhi,Delhi,APMC Shahdara,Vegetables,Raddish,January-2025,765.14,Metric Tonnes,492.08,Rs./Quintal
NCT of Delhi,Delhi,APMC Shahdara,Vegetables,Spinach,January-2025,326.62,Metric Tonnes,885.62,Rs./Quintal
NCT of Delhi,Delhi,APMC Shahdara,Vegetables,Tomato,January-2025,2459.44,Metric Tonnes,770.49,Rs./Quintal
NCT of Delhi,Delhi,APMC Shahdara,Vegetables,Bhindi(Ladies Finger),February-2025,101.90,Metric Tonnes,3258.85,Rs./Quintal
NCT of Delhi,Delhi,APMC Shahdara,Vegetables,Bitter gourd,February-2025,52.63,Metric Tonnes,3018.20,Rs./Quintal
NCT of Delhi,Delhi,APMC Shahdara,Vegetables,Bottle gourd,February-2025,419.80,Metric Tonnes,1654.31,Rs./Quintal
NCT of Delhi,Delhi,APMC Shahdara,Vegetables,Brinjal,February-2025,239.08,Metric Tonnes,776.69,Rs./Quintal
NCT of Delhi,Delhi,APMC Shahdara,Vegetables,Cabbage,February-2025,635.55,Metric Tonnes,290.07,Rs./Quintal
NCT of Delhi,Delhi,APMC Shahdara,Vegetables,Capsicum,February-2025,232.42,Metric Tonnes,1852.29,Rs./Quintal
NCT of Delhi,Delhi,APMC Shahdara,Vegetables,Carrot,February-2025,939.96,Metric Tonnes,554.02,Rs./Quintal
NCT of Delhi,Delhi,APMC Shahdara,Vegetables,Cauliflower,February-2025,1362.95,Metric Tonnes,387.79,Rs./Quintal
NCT of Delhi,Delhi,APMC Shahdara,Vegetables,Coriander(Leaves),February-2025,399.14,Bundle,626.71,Rs./Bundle
NCT of Delhi,Delhi,APMC Shahdara,Vegetables,Cucumbar(Kheera),February-2025,789.84,Metric Tonnes,1158.41,Rs./Quintal
NCT of Delhi,Delhi,APMC Shahdara,Vegetables,French Beans(Frasbean),February-2025,233.05,Metric Tonnes,1735.99,Rs./Quintal
NCT of Delhi,Delhi,APMC Shahdara,Vegetables,Green Chilli,February-2025,339.46,Metric Tonnes,2730.19,Rs./Quintal
NCT of Delhi,Delhi,APMC Shahdara,Vegetables,Lemon,February-2025,24.76,Metric Tonnes,5586.03,Rs./Quintal
NCT of Delhi,Delhi,APMC Shahdara,Vegetables,Methi(Leaves),February-2025,6.45,Metric Tonnes,900.00,Rs./Quintal
NCT of Delhi,Delhi,APMC Shahdara,Vegetables,Mint(Pudina),February-2025,3.87,Bundle,5596.90,Rs./Bundle
NCT of Delhi,Delhi,APMC Shahdara,Vegetables,Onion,February-2025,5061.10,Metric Tonnes,2431.38,Rs./Quintal
NCT of Delhi,Delhi,APMC Shahdara,Vegetables,Peas Wet,February-2025,975.63,Metric Tonnes,1176.68,Rs./Quintal
NCT of Delhi,Delhi,APMC Shahdara,Vegetables,Potato,February-2025,11470.10,Metric Tonnes,849.74,Rs./Quintal
NCT of Delhi,Delhi,APMC Shahdara,Vegetables,Pumpkin,February-2025,385.90,Metric Tonnes,781.18,Rs./Quintal
NCT of Delhi,Delhi,APMC Shahdara,Vegetables,Raddish,February-2025,664.68,Metric Tonnes,525.12,Rs./Quintal
NCT of Delhi,Delhi,APMC Shahdara,Vegetables,Spinach,February-2025,244.30,Metric Tonnes,656.68,Rs./Quintal
NCT of Delhi,Delhi,APMC Shahdara,Vegetables,Tinda,February-2025,3.67,Metric Tonnes,2000.00,Rs./Quintal
NCT of Delhi,Delhi,APMC Shahdara,Vegetables,Tomato,February-2025,2393.92,Metric Tonnes,567.07,Rs./Quintal
NCT of Delhi,Delhi,APMC Shahdara,Vegetables,Bhindi(Ladies Finger),March-2025,192.08,Metric Tonnes,4083.27,Rs./Quintal
NCT of Delhi,Delhi,APMC Shahdara,Vegetables,Bitter gourd,March-2025,71.45,Metric Tonnes,3439.43,Rs./Quintal
NCT of Delhi,Delhi,APMC Shahdara,Vegetables,Bottle gourd,March-2025,597.10,Metric Tonnes,1951.79,Rs./Quintal
NCT of Delhi,Delhi,APMC Shahdara,Vegetables,Brinjal,March-2025,344.19,Metric Tonnes,1544.93,Rs./Quintal
NCT of Delhi,Delhi,APMC Shahdara,Vegetables,Cabbage,March-2025,778.32,Metric Tonnes,1067.61,Rs./Quintal
NCT of Delhi,Delhi,APMC Shahdara,Vegetables,Capsicum,March-2025,214.05,Metric Tonnes,1973.74,Rs./Quintal
NCT of Delhi,Delhi,APMC Shahdara,Vegetables,Carrot,March-2025,584.75,Metric Tonnes,921.95,Rs./Quintal
NCT of Delhi,Delhi,APMC Shahdara,Vegetables,Cauliflower,March-2025,1062.10,Metric Tonnes,1312.18,Rs./Quintal
NCT of Delhi,Delhi,APMC Shahdara,Vegetables,Coriander(Leaves),March-2025,541.10,Bundle,1644.34,Rs./Bundle
NCT of Delhi,Delhi,APMC Shahdara,Vegetables,Cucumbar(Kheera),March-2025,874.67,Metric Tonnes,1718.15,Rs./Quintal
NCT of Delhi,Delhi,APMC Shahdara,Vegetables,French Beans(Frasbean),March-2025,188.14,Metric Tonnes,2691.42,Rs./Quintal
NCT of Delhi,Delhi,APMC Shahdara,Vegetables,Green Chilli,March-2025,872.46,Metric Tonnes,4282.01,Rs./Quintal
NCT of Delhi,Delhi,APMC Shahdara,Vegetables,Lemon,March-2025,68.40,Metric Tonnes,9639.62,Rs./Quintal
NCT of Delhi,Delhi,APMC Shahdara,Vegetables,Methi(Leaves),March-2025,15.78,Metric Tonnes,2157.41,Rs./Quintal
NCT of Delhi,Delhi,APMC Shahdara,Vegetables,Mint(Pudina),March-2025,46.28,Bundle,5621.11,Rs./Bundle
NCT of Delhi,Delhi,APMC Shahdara,Vegetables,Onion,March-2025,5195.10,Metric Tonnes,1879.13,Rs./Quintal
NCT of Delhi,Delhi,APMC Shahdara,Vegetables,Peas Wet,March-2025,518.62,Metric Tonnes,3228.36,Rs./Quintal
NCT of Delhi,Delhi,APMC Shahdara,Vegetables,Pointed gourd(Parval),March-2025,152.70,Metric Tonnes,3433.33,Rs./Quintal
NCT of Delhi,Delhi,APMC Shahdara,Vegetables,Potato,March-2025,10937.27,Metric Tonnes,1057.43,Rs./Quintal
NCT of Delhi,Delhi,APMC Shahdara,Vegetables,Pumpkin,March-2025,257.05,Metric Tonnes,954.31,Rs./Quintal
NCT of Delhi,Delhi,APMC Shahdara,Vegetables,Raddish,March-2025,375.62,Metric Tonnes,993.64,Rs./Quintal
NCT of Delhi,Delhi,APMC Shahdara,Vegetables,Spinach,March-2025,173.56,Metric Tonnes,1584.83,Rs./Quintal
NCT of Delhi,Delhi,APMC Shahdara,Vegetables,Tinda,March-2025,10.98,Metric Tonnes,2089.98,Rs./Quintal
NCT of Delhi,Delhi,APMC Shahdara,Vegetables,Tomato,March-2025,2748.55,Metric Tonnes,775.70,Rs./Quintal
NCT of Delhi,Delhi,APMC Shahdara,Vegetables,Bhindi(Ladies Finger),April-2025,290.53,Metric Tonnes,5093.73,Rs./Quintal
NCT of Delhi,Delhi,APMC Shahdara,Vegetables,Bitter gourd,April-2025,163.74,Metric Tonnes,2952.62,Rs./Quintal
NCT of Delhi,Delhi,APMC Shahdara,Vegetables,Bottle gourd,April-2025,642.43,Metric Tonnes,1071.62,Rs./Quintal
NCT of Delhi,Delhi,APMC Shahdara,Vegetables,Brinjal,April-2025,373.86,Metric Tonnes,1263.65,Rs./Quintal
NCT of Delhi,Delhi,APMC Shahdara,Vegetables,Cabbage,April-2025,608.32,Metric Tonnes,739.32,Rs./Quintal
NCT of Delhi,Delhi,APMC Shahdara,Vegetables,Capsicum,April-2025,267.11,Metric Tonnes,2477.82,Rs./Quintal
NCT of Delhi,Delhi,APMC Shahdara,Vegetables,Carrot,April-2025,168.45,Metric Tonnes,1243.63,Rs./Quintal
NCT of Delhi,Delhi,APMC Shahdara,Vegetables,Cauliflower,April-2025,1049.24,Metric Tonnes,875.67,Rs./Quintal
NCT of Delhi,Delhi,APMC Shahdara,Vegetables,Coriander(Leaves),April-2025,359.26,Bundle,1961.32,Rs./Bundle
NCT of Delhi,Delhi,APMC Shahdara,Vegetables,Cucumbar(Kheera),April-2025,1348.35,Metric Tonnes,1285.54,Rs./Quintal
NCT of Delhi,Delhi,APMC Shahdara,Vegetables,French Beans(Frasbean),April-2025,81.76,Metric Tonnes,2597.58,Rs./Quintal
NCT of Delhi,Delhi,APMC Shahdara,Vegetables,Green Chilli,April-2025,878.46,Metric Tonnes,2249.04,Rs./Quintal
NCT of Delhi,Delhi,APMC Shahdara,Vegetables,Lemon,April-2025,57.39,Metric Tonnes,11796.48,Rs./Quintal
NCT of Delhi,Delhi,APMC Shahdara,Vegetables,Little gourd(Kundru),April-2025,69.09,Metric Tonnes,2427.70,Rs./Quintal
NCT of Delhi,Delhi,APMC Shahdara,Vegetables,Mint(Pudina),April-2025,53.10,Bundle,4720.70,Rs./Bundle
NCT of Delhi,Delhi,APMC Shahdara,Vegetables,Onion,April-2025,5614.30,Metric Tonnes,1213.88,Rs./Quintal
NCT of Delhi,Delhi,APMC Shahdara,Vegetables,Peas Wet,April-2025,223.17,Metric Tonnes,3785.73,Rs./Quintal
NCT of Delhi,Delhi,APMC Shahdara,Vegetables,Pointed gourd(Parval),April-2025,369.71,Metric Tonnes,2670.30,Rs./Quintal
NCT of Delhi,Delhi,APMC Shahdara,Vegetables,Potato,April-2025,9845.95,Metric Tonnes,1192.52,Rs./Quintal
NCT of Delhi,Delhi,APMC Shahdara,Vegetables,Pumpkin,April-2025,239.06,Metric Tonnes,848.78,Rs./Quintal
NCT of Delhi,Delhi,APMC Shahdara,Vegetables,Raddish,April-2025,248.40,Metric Tonnes,1000.97,Rs./Quintal
NCT of Delhi,Delhi,APMC Shahdara,Vegetables,Spinach,April-2025,117.14,Metric Tonnes,752.03,Rs./Quintal
NCT of Delhi,Delhi,APMC Shahdara,Vegetables,Tinda,April-2025,43.67,Metric Tonnes,1415.94,Rs./Quintal
NCT of Delhi,Delhi,APMC Shahdara,Vegetables,Tomato,April-2025,3190.87,Metric Tonnes,829.09,Rs./Quintal
NCT of Delhi,Delhi,APMC Shahdara,Vegetables,Bhindi(Ladies Finger),May-2025,558.80,Metric Tonnes,1857.03,Rs./Quintal
NCT of Delhi,Delhi,APMC Shahdara,Vegetables,Bitter gourd,May-2025,392.80,Metric Tonnes,1840.11,Rs./Quintal
NCT of Delhi,Delhi,APMC Shahdara,Vegetables,Bottle gourd,May-2025,767.07,Metric Tonnes,1148.78,Rs./Quintal
NCT of Delhi,Delhi,APMC Shahdara,Vegetables,Brinjal,May-2025,411.69,Metric Tonnes,980.66,Rs./Quintal
NCT of Delhi,Delhi,APMC Shahdara,Vegetables,Cabbage,May-2025,571.08,Metric Tonnes,839.81,Rs./Quintal
NCT of Delhi,Delhi,APMC Shahdara,Vegetables,Capsicum,May-2025,212.81,Metric Tonnes,2362.99,Rs./Quintal
NCT of Delhi,Delhi,APMC Shahdara,Vegetables,Carrot,May-2025,116.85,Metric Tonnes,1416.52,Rs./Quintal
NCT of Delhi,Delhi,APMC Shahdara,Vegetables,Cauliflower,May-2025,705.10,Metric Tonnes,906.43,Rs./Quintal
NCT of Delhi,Delhi,APMC Shahdara,Vegetables,Coriander(Leaves),May-2025,468.62,Bundle,1775.05,Rs./Bundle
NCT of Delhi,Delhi,APMC Shahdara,Vegetables,Cucumbar(Kheera),May-2025,1843.85,Metric Tonnes,954.79,Rs./Quintal
NCT of Delhi,Delhi,APMC Shahdara,Vegetables,French Beans(Frasbean),May-2025,51.12,Metric Tonnes,4413.34,Rs./Quintal
NCT of Delhi,Delhi,APMC Shahdara,Vegetables,Green Chilli,May-2025,461.98,Metric Tonnes,1553.28,Rs./Quintal
NCT of Delhi,Delhi,APMC Shahdara,Vegetables,Lemon,May-2025,97.32,Metric Tonnes,7610.61,Rs./Quintal
NCT of Delhi,Delhi,APMC Shahdara,Vegetables,Little gourd(Kundru),May-2025,165.53,Metric Tonnes,1683.85,Rs./Quintal
NCT of Delhi,Delhi,APMC Shahdara,Vegetables,Mint(Pudina),May-2025,51.95,Bundle,4142.98,Rs./Bundle
NCT of Delhi,Delhi,APMC Shahdara,Vegetables,Onion,May-2025,7397.04,Metric Tonnes,1079.61,Rs./Quintal
NCT of Delhi,Delhi,APMC Shahdara,Vegetables,Peas Wet,May-2025,65.84,Metric Tonnes,4451.76,Rs./Quintal
NCT of Delhi,Delhi,APMC Shahdara,Vegetables,Pointed gourd(Parval),May-2025,658.57,Metric Tonnes,2242.53,Rs./Quintal
NCT of Delhi,Delhi,APMC Shahdara,Vegetables,Potato,May-2025,10884.60,Metric Tonnes,1120.51,Rs./Quintal
NCT of Delhi,Delhi,APMC Shahdara,Vegetables,Pumpkin,May-2025,451.98,Metric Tonnes,985.23,Rs./Quintal
NCT of Delhi,Delhi,APMC Shahdara,Vegetables,Raddish,May-2025,263.98,Metric Tonnes,1285.87,Rs./Quintal
NCT of Delhi,Delhi,APMC Shahdara,Vegetables,Spinach,May-2025,119.70,Metric Tonnes,1498.75,Rs./Quintal
NCT of Delhi,Delhi,APMC Shahdara,Vegetables,Tinda,May-2025,125.06,Metric Tonnes,2218.21,Rs./Quintal
NCT of Delhi,Delhi,APMC Shahdara,Vegetables,Tomato,May-2025,3838.08,Metric Tonnes,845.78,Rs./Quintal
NCT of Delhi,Delhi,APMC Shahdara,Vegetables,Bhindi(Ladies Finger),June-2025,517.16,Metric Tonnes,1719.04,Rs./Quintal
NCT of Delhi,Delhi,APMC Shahdara,Vegetables,Bitter gourd,June-2025,396.70,Metric Tonnes,1957.46,Rs./Quintal
NCT of Delhi,Delhi,APMC Shahdara,Vegetables,Bottle gourd,June-2025,758.10,Metric Tonnes,1424.93,Rs./Quintal
NCT of Delhi,Delhi,APMC Shahdara,Vegetables,Brinjal,June-2025,513.60,Metric Tonnes,1452.16,Rs./Quintal
NCT of Delhi,Delhi,APMC Shahdara,Vegetables,Cabbage,June-2025,1596.88,Metric Tonnes,1126.09,Rs./Quintal
NCT of Delhi,Delhi,APMC Shahdara,Vegetables,Capsicum,June-2025,292.07,Metric Tonnes,2989.59,Rs./Quintal
NCT of Delhi,Delhi,APMC Shahdara,Vegetables,Carrot,June-2025,89.60,Metric Tonnes,1779.80,Rs./Quintal
NCT of Delhi,Delhi,APMC Shahdara,Vegetables,Cauliflower,June-2025,780.49,Metric Tonnes,3033.40,Rs./Quintal
NCT of Delhi,Delhi,APMC Shahdara,Vegetables,Coriander(Leaves),June-2025,434.60,Bundle,5695.98,Rs./Bundle
NCT of Delhi,Delhi,APMC Shahdara,Vegetables,Cucumbar(Kheera),June-2025,1226.45,Metric Tonnes,1777.65,Rs./Quintal
NCT of Delhi,Delhi,APMC Shahdara,Vegetables,French Beans(Frasbean),June-2025,208.91,Metric Tonnes,5202.44,Rs./Quintal
NCT of Delhi,Delhi,APMC Shahdara,Vegetables,Green Chilli,June-2025,509.86,Metric Tonnes,1972.49,Rs./Quintal
NCT of Delhi,Delhi,APMC Shahdara,Vegetables,Lemon,June-2025,193.38,Metric Tonnes,5238.83,Rs./Quintal
NCT of Delhi,Delhi,APMC Shahdara,Vegetables,Little gourd(Kundru),June-2025,179.31,Metric Tonnes,1500.06,Rs./Quintal
NCT of Delhi,Delhi,APMC Shahdara,Vegetables,Mint(Pudina),June-2025,63.89,Bundle,4061.07,Rs./Bundle
NCT of Delhi,Delhi,APMC Shahdara,Vegetables,Onion,June-2025,8377.65,Metric Tonnes,1260.12,Rs./Quintal
NCT of Delhi,Delhi,APMC Shahdara,Vegetables,Peas Wet,June-2025,121.75,Metric Tonnes,8762.71,Rs./Quintal
NCT of Delhi,Delhi,APMC Shahdara,Vegetables,Pointed gourd(Parval),June-2025,676.34,Metric Tonnes,2109.36,Rs./Quintal
NCT of Delhi,Delhi,APMC Shahdara,Vegetables,Potato,June-2025,15190.62,Metric Tonnes,1326.32,Rs./Quintal
NCT of Delhi,Delhi,APMC Shahdara,Vegetables,Pumpkin,June-2025,762.42,Metric Tonnes,1246.95,Rs./Quintal
NCT of Delhi,Delhi,APMC Shahdara,Vegetables,Raddish,June-2025,335.09,Metric Tonnes,1886.29,Rs./Quintal
NCT of Delhi,Delhi,APMC Shahdara,Vegetables,Spinach,June-2025,153.00,Metric Tonnes,1531.50,Rs./Quintal
NCT of Delhi,Delhi,APMC Shahdara,Vegetables,Tinda,June-2025,44.42,Metric Tonnes,4813.15,Rs./Quintal
NCT of Delhi,Delhi,APMC Shahdara,Vegetables,Tomato,June-2025,4725.26,Metric Tonnes,2093.99,Rs./Quintal
NCT of Delhi,Delhi,APMC Shahdara,Vegetables,Bhindi(Ladies Finger),July-2025,436.21,Metric Tonnes,3148.33,Rs./Quintal
NCT of Delhi,Delhi,APMC Shahdara,Vegetables,Bitter gourd,July-2025,172.71,Metric Tonnes,2769.16,Rs./Quintal
NCT of Delhi,Delhi,APMC Shahdara,Vegetables,Bottle gourd,July-2025,721.78,Metric Tonnes,1921.06,Rs./Quintal
NCT of Delhi,Delhi,APMC Shahdara,Vegetables,Brinjal,July-2025,441.75,Metric Tonnes,2651.95,Rs./Quintal
NCT of Delhi,Delhi,APMC Shahdara,Vegetables,Cabbage,July-2025,1021.03,Metric Tonnes,1286.46,Rs./Quintal
NCT of Delhi,Delhi,APMC Shahdara,Vegetables,Capsicum,July-2025,285.43,Metric Tonnes,7307.41,Rs./Quintal
NCT of Delhi,Delhi,APMC Shahdara,Vegetables,Carrot,July-2025,67.35,Metric Tonnes,2015.96,Rs./Quintal
NCT of Delhi,Delhi,APMC Shahdara,Vegetables,Cauliflower,July-2025,825.42,Metric Tonnes,5119.34,Rs./Quintal
NCT of Delhi,Delhi,APMC Shahdara,Vegetables,Coriander(Leaves),July-2025,329.65,Bundle,7693.58,Rs./Bundle
NCT of Delhi,Delhi,APMC Shahdara,Vegetables,Cucumbar(Kheera),July-2025,936.42,Metric Tonnes,1921.08,Rs./Quintal
NCT of Delhi,Delhi,APMC Shahdara,Vegetables,French Beans(Frasbean),July-2025,99.54,Metric Tonnes,6937.61,Rs./Quintal
NCT of Delhi,Delhi,APMC Shahdara,Vegetables,Green Chilli,July-2025,479.83,Metric Tonnes,6383.97,Rs./Quintal
NCT of Delhi,Delhi,APMC Shahdara,Vegetables,Lemon,July-2025,120.30,Metric Tonnes,3969.83,Rs./Quintal
NCT of Delhi,Delhi,APMC Shahdara,Vegetables,Little gourd(Kundru),July-2025,105.88,Metric Tonnes,1979.56,Rs./Quintal
NCT of Delhi,Delhi,APMC Shahdara,Vegetables,Mint(Pudina),July-2025,16.04,Bundle,4991.58,Rs./Bundle
NCT of Delhi,Delhi,APMC Shahdara,Vegetables,Onion,July-2025,5711.07,Metric Tonnes,1499.44,Rs./Quintal
NCT of Delhi,Delhi,APMC Shahdara,Vegetables,Peas Wet,July-2025,74.23,Metric Tonnes,8952.71,Rs./Quintal
NCT of Delhi,Delhi,APMC Shahdara,Vegetables,Pointed gourd(Parval),July-2025,335.06,Metric Tonnes,3053.99,Rs./Quintal
NCT of Delhi,Delhi,APMC Shahdara,Vegetables,Potato,July-2025,9885.76,Metric Tonnes,1273.01,Rs./Quintal
NCT of Delhi,Delhi,APMC Shahdara,Vegetables,Pumpkin,July-2025,722.48,Metric Tonnes,1201.33,Rs./Quintal
NCT of Delhi,Delhi,APMC Shahdara,Vegetables,Raddish,July-2025,249.74,Metric Tonnes,2202.03,Rs./Quintal
NCT of Delhi,Delhi,APMC Shahdara,Vegetables,Spinach,July-2025,149.14,Metric Tonnes,1413.20,Rs./Quintal
NCT of Delhi,Delhi,APMC Shahdara,Vegetables,Tinda,July-2025,10.86,Metric Tonnes,4530.85,Rs./Quintal
NCT of Delhi,Delhi,APMC Shahdara,Vegetables,Tomato,July-2025,3132.61,Metric Tonnes,3571.24,Rs./Quintal
NCT of Delhi,Delhi,APMC Shahdara,Vegetables,Bhindi(Ladies Finger),August-2025,483.26,Metric Tonnes,1661.52,Rs./Quintal
NCT of Delhi,Delhi,APMC Shahdara,Vegetables,Bitter gourd,August-2025,213.40,Metric Tonnes,2583.30,Rs./Quintal
NCT of Delhi,Delhi,APMC Shahdara,Vegetables,Bottle gourd,August-2025,723.39,Metric Tonnes,1564.02,Rs./Quintal
NCT of Delhi,Delhi,APMC Shahdara,Vegetables,Brinjal,August-2025,497.61,Metric Tonnes,2046.55,Rs./Quintal
NCT of Delhi,Delhi,APMC Shahdara,Vegetables,Cabbage,August-2025,2883.92,Metric Tonnes,1415.61,Rs./Quintal
NCT of Delhi,Delhi,APMC Shahdara,Vegetables,Capsicum,August-2025,460.42,Metric Tonnes,4613.91,Rs./Quintal
NCT of Delhi,Delhi,APMC Shahdara,Vegetables,Carrot,August-2025,76.00,Metric Tonnes,2030.46,Rs./Quintal
NCT of Delhi,Delhi,APMC Shahdara,Vegetables,Cauliflower,August-2025,1121.82,Metric Tonnes,4281.14,Rs./Quintal
NCT of Delhi,Delhi,APMC Shahdara,Vegetables,Coriander(Leaves),August-2025,312.29,Bundle,4382.71,Rs./Bundle
NCT of Delhi,Delhi,APMC Shahdara,Vegetables,Cucumbar(Kheera),August-2025,1061.25,Metric Tonnes,1772.13,Rs./Quintal
NCT of Delhi,Delhi,APMC Shahdara,Vegetables,French Beans(Frasbean),August-2025,100.21,Metric Tonnes,7363.39,Rs./Quintal
NCT of Delhi,Delhi,APMC Shahdara,Vegetables,Green Chilli,August-2025,1041.89,Metric Tonnes,4249.01,Rs./Quintal
NCT of Delhi,Delhi,APMC Shahdara,Vegetables,Lemon,August-2025,162.55,Metric Tonnes,5231.53,Rs./Quintal
NCT of Delhi,Delhi,APMC Shahdara,Vegetables,Little gourd(Kundru),August-2025,125.24,Metric Tonnes,1862.88,Rs./Quintal
NCT of Delhi,Delhi,APMC Shahdara,Vegetables,Mint(Pudina),August-2025,14.90,Bundle,5554.03,Rs./Bundle
NCT of Delhi,Delhi,APMC Shahdara,Vegetables,Onion,August-2025,8520.87,Metric Tonnes,1488.81,Rs./Quintal
NCT of Delhi,Delhi,APMC Shahdara,Vegetables,Peas Wet,August-2025,65.86,Metric Tonnes,8416.57,Rs./Quintal
NCT of Delhi,Delhi,APMC Shahdara,Vegetables,Pointed gourd(Parval),August-2025,224.42,Metric Tonnes,4490.66,Rs./Quintal
NCT of Delhi,Delhi,APMC Shahdara,Vegetables,Potato,August-2025,11561.70,Metric Tonnes,1172.49,Rs./Quintal
NCT of Delhi,Delhi,APMC Shahdara,Vegetables,Pumpkin,August-2025,1007.86,Metric Tonnes,906.09,Rs./Quintal
NCT of Delhi,Delhi,APMC Shahdara,Vegetables,Raddish,August-2025,414.90,Metric Tonnes,2111.76,Rs./Quintal
NCT of Delhi,Delhi,APMC Shahdara,Vegetables,Spinach,August-2025,99.28,Metric Tonnes,2411.46,Rs./Quintal
NCT of Delhi,Delhi,APMC Shahdara,Vegetables,Tinda,August-2025,58.16,Metric Tonnes,4183.80,Rs./Quintal
NCT of Delhi,Delhi,APMC Shahdara,Vegetables,Tomato,August-2025,4435.62,Metric Tonnes,3878.77,Rs./Quintal
NCT of Delhi,Delhi,APMC Shahdara,Vegetables,Bhindi(Ladies Finger),September-2025,370.81,Metric Tonnes,2832.30,Rs./Quintal
NCT of Delhi,Delhi,APMC Shahdara,Vegetables,Bitter gourd,September-2025,270.96,Metric Tonnes,2503.34,Rs./Quintal
NCT of Delhi,Delhi,APMC Shahdara,Vegetables,Bottle gourd,September-2025,822.98,Metric Tonnes,2731.57,Rs./Quintal
NCT of Delhi,Delhi,APMC Shahdara,Vegetables,Brinjal,September-2025,537.07,Metric Tonnes,2226.92,Rs./Quintal
NCT of Delhi,Delhi,APMC Shahdara,Vegetables,Cabbage,September-2025,2760.51,Metric Tonnes,1912.50,Rs./Quintal
NCT of Delhi,Delhi,APMC Shahdara,Vegetables,Capsicum,September-2025,494.40,Metric Tonnes,5761.62,Rs./Quintal
NCT of Delhi,Delhi,APMC Shahdara,Vegetables,Carrot,September-2025,98.13,Metric Tonnes,2253.82,Rs./Quintal
NCT of Delhi,Delhi,APMC Shahdara,Vegetables,Cauliflower,September-2025,816.89,Metric Tonnes,4278.20,Rs./Quintal
NCT of Delhi,Delhi,APMC Shahdara,Vegetables,Coriander(Leaves),September-2025,273.32,Bundle,7081.77,Rs./Bundle
NCT of Delhi,Delhi,APMC Shahdara,Vegetables,Cucumbar(Kheera),September-2025,1139.80,Metric Tonnes,2097.08,Rs./Quintal
NCT of Delhi,Delhi,APMC Shahdara,Vegetables,French Beans(Frasbean),September-2025,168.99,Metric Tonnes,5478.61,Rs./Quintal
NCT of Delhi,Delhi,APMC Shahdara,Vegetables,Green Chilli,September-2025,1059.02,Metric Tonnes,2818.66,Rs./Quintal
NCT of Delhi,Delhi,APMC Shahdara,Vegetables,Lemon,September-2025,135.37,Metric Tonnes,4595.44,Rs./Quintal
NCT of Delhi,Delhi,APMC Shahdara,Vegetables,Little gourd(Kundru),September-2025,160.25,Metric Tonnes,2588.79,Rs./Quintal
NCT of Delhi,Delhi,APMC Shahdara,Vegetables,Mint(Pudina),September-2025,12.17,Bundle,7958.50,Rs./Bundle
NCT of Delhi,Delhi,APMC Shahdara,Vegetables,Onion,September-2025,7446.15,Metric Tonnes,1335.88,Rs./Quintal
NCT of Delhi,Delhi,APMC Shahdara,Vegetables,Peas Wet,September-2025,11.86,Metric Tonnes,12086.00,Rs./Quintal
NCT of Delhi,Delhi,APMC Shahdara,Vegetables,Pointed gourd(Parval),September-2025,390.00,Metric Tonnes,4023.97,Rs./Quintal
NCT of Delhi,Delhi,APMC Shahdara,Vegetables,Potato,September-2025,14413.70,Metric Tonnes,1297.52,Rs./Quintal
NCT of Delhi,Delhi,APMC Shahdara,Vegetables,Pumpkin,September-2025,769.56,Metric Tonnes,858.45,Rs./Quintal
NCT of Delhi,Delhi,APMC Shahdara,Vegetables,Raddish,September-2025,466.10,Metric Tonnes,1817.15,Rs./Quintal
NCT of Delhi,Delhi,APMC Shahdara,Vegetables,Spinach,September-2025,127.10,Metric Tonnes,3168.93,Rs./Quintal
NCT of Delhi,Delhi,APMC Shahdara,Vegetables,Tinda,September-2025,105.11,Metric Tonnes,3164.00,Rs./Quintal
NCT of Delhi,Delhi,APMC Shahdara,Vegetables,Tomato,September-2025,4825.86,Metric Tonnes,2385.53,Rs./Quintal
NCT of Delhi,Delhi,APMC Shahdara,Vegetables,Bhindi(Ladies Finger),October-2025,130.59,Metric Tonnes,3088.20,Rs./Quintal
NCT of Delhi,Delhi,APMC Shahdara,Vegetables,Bitter gourd,October-2025,99.52,Metric Tonnes,2798.29,Rs./Quintal
NCT of Delhi,Delhi,APMC Shahdara,Vegetables,Bottle gourd,October-2025,301.88,Metric Tonnes,2631.44,Rs./Quintal
NCT of Delhi,Delhi,APMC Shahdara,Vegetables,Brinjal,October-2025,263.67,Metric Tonnes,2021.73,Rs./Quintal
NCT of Delhi,Delhi,APMC Shahdara,Vegetables,Cabbage,October-2025,1655.30,Metric Tonnes,1832.69,Rs./Quintal
NCT of Delhi,Delhi,APMC Shahdara,Vegetables,Capsicum,October-2025,156.28,Metric Tonnes,5339.30,Rs./Quintal
NCT of Delhi,Delhi,APMC Shahdara,Vegetables,Carrot,October-2025,74.68,Metric Tonnes,3026.98,Rs./Quintal
NCT of Delhi,Delhi,APMC Shahdara,Vegetables,Cauliflower,October-2025,413.35,Metric Tonnes,4322.90,Rs./Quintal
NCT of Delhi,Delhi,APMC Shahdara,Vegetables,Coriander(Leaves),October-2025,116.81,Bundle,9016.65,Rs./Bundle
NCT of Delhi,Delhi,APMC Shahdara,Vegetables,Cucumbar(Kheera),October-2025,592.84,Metric Tonnes,2199.80,Rs./Quintal
NCT of Delhi,Delhi,APMC Shahdara,Vegetables,French Beans(Frasbean),October-2025,87.50,Metric Tonnes,6393.26,Rs./Quintal
NCT of Delhi,Delhi,APMC Shahdara,Vegetables,Green Chilli,October-2025,378.55,Metric Tonnes,4203.95,Rs./Quintal
NCT of Delhi,Delhi,APMC Shahdara,Vegetables,Lemon,October-2025,42.65,Metric Tonnes,4192.40,Rs./Quintal
NCT of Delhi,Delhi,APMC Shahdara,Vegetables,Little gourd(Kundru),October-2025,41.25,Metric Tonnes,2260.70,Rs./Quintal
NCT of Delhi,Delhi,APMC Shahdara,Vegetables,Mint(Pudina),October-2025,6.27,Bundle,7339.71,Rs./Bundle
NCT of Delhi,Delhi,APMC Shahdara,Vegetables,Onion,October-2025,4964.82,Metric Tonnes,1237.54,Rs./Quintal
NCT of Delhi,Delhi,APMC Shahdara,Vegetables,Peas Wet,October-2025,13.22,Metric Tonnes,16748.11,Rs./Quintal
NCT of Delhi,Delhi,APMC Shahdara,Vegetables,Pointed gourd(Parval),October-2025,145.27,Metric Tonnes,3572.97,Rs./Quintal
NCT of Delhi,Delhi,APMC Shahdara,Vegetables,Potato,October-2025,6791.05,Metric Tonnes,1459.41,Rs./Quintal
NCT of Delhi,Delhi,APMC Shahdara,Vegetables,Pumpkin,October-2025,240.88,Metric Tonnes,1284.81,Rs./Quintal
NCT of Delhi,Delhi,APMC Shahdara,Vegetables,Raddish,October-2025,531.90,Metric Tonnes,1270.48,Rs./Quintal
NCT of Delhi,Delhi,APMC Shahdara,Vegetables,Spinach,October-2025,198.22,Metric Tonnes,1739.02,Rs./Quintal
NCT of Delhi,Delhi,APMC Shahdara,Vegetables,Tinda,October-2025,40.64,Metric Tonnes,3290.35,Rs./Quintal
NCT of Delhi,Delhi,APMC Shahdara,Vegetables,Tomato,October-2025,2512.45,Metric Tonnes,2268.22,Rs./Quintal
NCT of Delhi,Delhi,APMC Shahdara,Vegetables,Bhindi(Ladies Finger),November-2025,7.96,Metric Tonnes,3500.00,Rs./Quintal
NCT of Delhi,Delhi,APMC Shahdara,Vegetables,Bottle gourd,November-2025,15.27,Metric Tonnes,2500.00,Rs./Quintal
NCT of Delhi,Delhi,APMC Shahdara,Vegetables,Brinjal,November-2025,21.35,Metric Tonnes,2200.00,Rs./Quintal
NCT of Delhi,Delhi,APMC Shahdara,Vegetables,Cabbage,November-2025,40.10,Metric Tonnes,800.00,Rs./Quintal
NCT of Delhi,Delhi,APMC Shahdara,Vegetables,Carrot,November-2025,22.14,Metric Tonnes,4000.00,Rs./Quintal
NCT of Delhi,Delhi,APMC Shahdara,Vegetables,Cauliflower,November-2025,51.21,Metric Tonnes,2600.00,Rs./Quintal
NCT of Delhi,Delhi,APMC Shahdara,Vegetables,Coriander(Leaves),November-2025,17.69,Bundle,2000.00,Rs./Bundle
NCT of Delhi,Delhi,APMC Shahdara,Vegetables,Cucumbar(Kheera),November-2025,32.40,Metric Tonnes,1800.00,Rs./Quintal
NCT of Delhi,Delhi,APMC Shahdara,Vegetables,French Beans(Frasbean),November-2025,2.13,Metric Tonnes,5000.00,Rs./Quintal
NCT of Delhi,Delhi,APMC Shahdara,Vegetables,Green Chilli,November-2025,24.06,Metric Tonnes,2400.00,Rs./Quintal
NCT of Delhi,Delhi,APMC Shahdara,Vegetables,Lemon,November-2025,6.68,Metric Tonnes,2800.00,Rs./Quintal
NCT of Delhi,Delhi,APMC Shahdara,Vegetables,Methi(Leaves),November-2025,8.05,Metric Tonnes,4500.00,Rs./Quintal
NCT of Delhi,Delhi,APMC Shahdara,Vegetables,Onion,November-2025,441.00,Metric Tonnes,1300.00,Rs./Quintal
NCT of Delhi,Delhi,APMC Shahdara,Vegetables,Potato,November-2025,513.00,Metric Tonnes,1500.00,Rs./Quintal
NCT of Delhi,Delhi,APMC Shahdara,Vegetables,Raddish,November-2025,57.32,Metric Tonnes,1000.00,Rs./Quintal
NCT of Delhi,Delhi,APMC Shahdara,Vegetables,Tomato,November-2025,195.15,Metric Tonnes,2400.00,Rs./Quintal
NCT of Delhi,Delhi,"Fruit&Vegetable Market,Gazipur APMC",Vegetables,Bhindi(Ladies Finger),November-2025,7.84,Metric Tonnes,7343.75,Rs./Quintal
NCT of Delhi,Delhi,"Fruit&Vegetable Market,Gazipur APMC",Vegetables,Bitter gourd,November-2025,30.85,Metric Tonnes,3425.28,Rs./Quintal
NCT of Delhi,Delhi,"Fruit&Vegetable Market,Gazipur APMC",Vegetables,Bottle gourd,November-2025,109.47,Metric Tonnes,3603.23,Rs./Quintal
NCT of Delhi,Delhi,"Fruit&Vegetable Market,Gazipur APMC",Vegetables,Brinjal,November-2025,129.57,Metric Tonnes,3040.09,Rs./Quintal
NCT of Delhi,Delhi,"Fruit&Vegetable Market,Gazipur APMC",Vegetables,Cabbage,November-2025,579.80,Metric Tonnes,2192.75,Rs./Quintal
NCT of Delhi,Delhi,"Fruit&Vegetable Market,Gazipur APMC",Vegetables,Capsicum,November-2025,65.80,Metric Tonnes,5621.99,Rs./Quintal
NCT of Delhi,Delhi,"Fruit&Vegetable Market,Gazipur APMC",Vegetables,Carrot,November-2025,348.37,Metric Tonnes,2952.09,Rs./Quintal
NCT of Delhi,Delhi,"Fruit&Vegetable Market,Gazipur APMC",Vegetables,Cauliflower,November-2025,551.53,Metric Tonnes,2977.83,Rs./Quintal
NCT of Delhi,Delhi,"Fruit&Vegetable Market,Gazipur APMC",Vegetables,Coriander(Leaves),November-2025,154.76,Bundle,4067.01,Rs./Bundle
NCT of Delhi,Delhi,"Fruit&Vegetable Market,Gazipur APMC",Vegetables,Cucumbar(Kheera),November-2025,197.78,Metric Tonnes,2670.42,Rs./Quintal
NCT of Delhi,Delhi,"Fruit&Vegetable Market,Gazipur APMC",Vegetables,French Beans(Frasbean),November-2025,416.66,Metric Tonnes,3343.82,Rs./Quintal
NCT of Delhi,Delhi,"Fruit&Vegetable Market,Gazipur APMC",Vegetables,Green Chilli,November-2025,155.43,Metric Tonnes,4451.98,Rs./Quintal
NCT of Delhi,Delhi,"Fruit&Vegetable Market,Gazipur APMC",Vegetables,Lemon,November-2025,47.15,Metric Tonnes,4358.92,Rs./Quintal
NCT of Delhi,Delhi,"Fruit&Vegetable Market,Gazipur APMC",Vegetables,Little gourd(Kundru),November-2025,16.28,Metric Tonnes,4052.46,Rs./Quintal
NCT of Delhi,Delhi,"Fruit&Vegetable Market,Gazipur APMC",Vegetables,Onion,November-2025,2378.13,Metric Tonnes,1000.00,Rs./Quintal
NCT of Delhi,Delhi,"Fruit&Vegetable Market,Gazipur APMC",Vegetables,Potato,November-2025,5078.90,Metric Tonnes,1546.64,Rs./Quintal
NCT of Delhi,Delhi,"Fruit&Vegetable Market,Gazipur APMC",Vegetables,Pumpkin,November-2025,140.72,Metric Tonnes,1934.86,Rs./Quintal
NCT of Delhi,Delhi,"Fruit&Vegetable Market,Gazipur APMC",Vegetables,Raddish,November-2025,301.63,Metric Tonnes,1361.20,Rs./Quintal
NCT of Delhi,Delhi,"Fruit&Vegetable Market,Gazipur APMC",Vegetables,Spinach,November-2025,139.40,Metric Tonnes,1858.92,Rs./Quintal
NCT of Delhi,Delhi,"Fruit&Vegetable Market,Gazipur APMC",Vegetables,Tinda,November-2025,1.34,Metric Tonnes,5500.00,Rs./Quintal
NCT of Delhi,Delhi,"Fruit&Vegetable Market,Gazipur APMC",Vegetables,Tomato,November-2025,1460.72,Metric Tonnes,4706.47,Rs./Quintal
NCT of Delhi,Delhi,"Fruit&Vegetable Market,Gazipur APMC",Vegetables,Bhindi(Ladies Finger),December-2025,12.15,Metric Tonnes,7360.25,Rs./Quintal
NCT of Delhi,Delhi,"Fruit&Vegetable Market,Gazipur APMC",Vegetables,Bitter gourd,December-2025,39.72,Metric Tonnes,3950.03,Rs./Quintal
NCT of Delhi,Delhi,"Fruit&Vegetable Market,Gazipur APMC",Vegetables,Bottle gourd,December-2025,343.18,Metric Tonnes,2691.47,Rs./Quintal
NCT of Delhi,Delhi,"Fruit&Vegetable Market,Gazipur APMC",Vegetables,Brinjal,December-2025,243.02,Metric Tonnes,2374.10,Rs./Quintal
NCT of Delhi,Delhi,"Fruit&Vegetable Market,Gazipur APMC",Vegetables,Cabbage,December-2025,1245.13,Metric Tonnes,1971.90,Rs./Quintal
NCT of Delhi,Delhi,"Fruit&Vegetable Market,Gazipur APMC",Vegetables,Capsicum,December-2025,209.81,Metric Tonnes,3792.42,Rs./Quintal
NCT of Delhi,Delhi,"Fruit&Vegetable Market,Gazipur APMC",Vegetables,Carrot,December-2025,1329.07,Metric Tonnes,1850.36,Rs./Quintal
NCT of Delhi,Delhi,"Fruit&Vegetable Market,Gazipur APMC",Vegetables,Cauliflower,December-2025,1149.97,Metric Tonnes,3082.93,Rs./Quintal
NCT of Delhi,Delhi,"Fruit&Vegetable Market,Gazipur APMC",Vegetables,Coriander(Leaves),December-2025,244.90,Bundle,3531.12,Rs./Bundle
NCT of Delhi,Delhi,"Fruit&Vegetable Market,Gazipur APMC",Vegetables,Cucumbar(Kheera),December-2025,412.43,Metric Tonnes,2282.98,Rs./Quintal
NCT of Delhi,Delhi,"Fruit&Vegetable Market,Gazipur APMC",Vegetables,French Beans(Frasbean),December-2025,337.61,Metric Tonnes,3054.20,Rs./Quintal
NCT of Delhi,Delhi,"Fruit&Vegetable Market,Gazipur APMC",Vegetables,Green Chilli,December-2025,469.61,Metric Tonnes,4265.15,Rs./Quintal
NCT of Delhi,Delhi,"Fruit&Vegetable Market,Gazipur APMC",Vegetables,Lemon,December-2025,109.66,Metric Tonnes,3915.72,Rs./Quintal
NCT of Delhi,Delhi,"Fruit&Vegetable Market,Gazipur APMC",Vegetables,Little gourd(Kundru),December-2025,28.05,Metric Tonnes,3433.16,Rs./Quintal
NCT of Delhi,Delhi,"Fruit&Vegetable Market,Gazipur APMC",Vegetables,Onion,December-2025,4856.31,Metric Tonnes,1621.94,Rs./Quintal
NCT of Delhi,Delhi,"Fruit&Vegetable Market,Gazipur APMC",Vegetables,Potato,December-2025,12805.05,Metric Tonnes,1123.81,Rs./Quintal
NCT of Delhi,Delhi,"Fruit&Vegetable Market,Gazipur APMC",Vegetables,Pumpkin,December-2025,251.45,Metric Tonnes,1306.98,Rs./Quintal
NCT of Delhi,Delhi,"Fruit&Vegetable Market,Gazipur APMC",Vegetables,Raddish,December-2025,651.06,Metric Tonnes,1205.26,Rs./Quintal
NCT of Delhi,Delhi,"Fruit&Vegetable Market,Gazipur APMC",Vegetables,Spinach,December-2025,281.60,Metric Tonnes,1425.16,Rs./Quintal
NCT of Delhi,Delhi,"Fruit&Vegetable Market,Gazipur APMC",Vegetables,Tinda,December-2025,8.93,Metric Tonnes,5134.94,Rs./Quintal
NCT of Delhi,Delhi,"Fruit&Vegetable Market,Gazipur APMC",Vegetables,Tomato,December-2025,3465.99,Metric Tonnes,3870.64,Rs./Quintal
NCT of Delhi,Delhi,"Fruit&Vegetable Market,Gazipur APMC",Vegetables,Bhindi(Ladies Finger),January-2026,30.47,Metric Tonnes,6239.68,Rs./Quintal
NCT of Delhi,Delhi,"Fruit&Vegetable Market,Gazipur APMC",Vegetables,Bitter gourd,January-2026,8.37,Metric Tonnes,6277.30,Rs./Quintal
NCT of Delhi,Delhi,"Fruit&Vegetable Market,Gazipur APMC",Vegetables,Bottle gourd,January-2026,177.20,Metric Tonnes,2472.70,Rs./Quintal
NCT of Delhi,Delhi,"Fruit&Vegetable Market,Gazipur APMC",Vegetables,Brinjal,January-2026,216.85,Metric Tonnes,2950.04,Rs./Quintal
NCT of Delhi,Delhi,"Fruit&Vegetable Market,Gazipur APMC",Vegetables,Cabbage,January-2026,652.58,Metric Tonnes,1298.96,Rs./Quintal
NCT of Delhi,Delhi,"Fruit&Vegetable Market,Gazipur APMC",Vegetables,Capsicum,January-2026,219.24,Metric Tonnes,2730.81,Rs./Quintal
NCT of Delhi,Delhi,"Fruit&Vegetable Market,Gazipur APMC",Vegetables,Carrot,January-2026,1066.69,Metric Tonnes,1155.84,Rs./Quintal
NCT of Delhi,Delhi,"Fruit&Vegetable Market,Gazipur APMC",Vegetables,Cauliflower,January-2026,657.37,Metric Tonnes,1905.81,Rs./Quintal
NCT of Delhi,Delhi,"Fruit&Vegetable Market,Gazipur APMC",Vegetables,Coriander(Leaves),January-2026,217.47,Bundle,1909.93,Rs./Bundle
NCT of Delhi,Delhi,"Fruit&Vegetable Market,Gazipur APMC",Vegetables,Cucumbar(Kheera),January-2026,259.37,Metric Tonnes,3009.27,Rs./Quintal
NCT of Delhi,Delhi,"Fruit&Vegetable Market,Gazipur APMC",Vegetables,French Beans(Frasbean),January-2026,136.11,Metric Tonnes,3017.04,Rs./Quintal
NCT of Delhi,Delhi,"Fruit&Vegetable Market,Gazipur APMC",Vegetables,Green Chilli,January-2026,742.77,Metric Tonnes,6044.39,Rs./Quintal
NCT of Delhi,Delhi,"Fruit&Vegetable Market,Gazipur APMC",Vegetables,Lemon,January-2026,65.37,Metric Tonnes,3481.64,Rs./Quintal
NCT of Delhi,Delhi,"Fruit&Vegetable Market,Gazipur APMC",Vegetables,Onion,January-2026,5791.37,Metric Tonnes,1800.44,Rs./Quintal
NCT of Delhi,Delhi,"Fruit&Vegetable Market,Gazipur APMC",Vegetables,Potato,January-2026,11473.46,Metric Tonnes,735.16,Rs./Quintal
NCT of Delhi,Delhi,"Fruit&Vegetable Market,Gazipur APMC",Vegetables,Pumpkin,January-2026,174.05,Metric Tonnes,1758.09,Rs./Quintal
NCT of Delhi,Delhi,"Fruit&Vegetable Market,Gazipur APMC",Vegetables,Raddish,January-2026,538.73,Metric Tonnes,1360.46,Rs./Quintal
NCT of Delhi,Delhi,"Fruit&Vegetable Market,Gazipur APMC",Vegetables,Spinach,January-2026,263.36,Metric Tonnes,1318.31,Rs./Quintal
NCT of Delhi,Delhi,"Fruit&Vegetable Market,Gazipur APMC",Vegetables,Tinda,January-2026,2.03,Metric Tonnes,4600.00,Rs./Quintal
NCT of Delhi,Delhi,"Fruit&Vegetable Market,Gazipur APMC",Vegetables,Tomato,January-2026,3699.79,Metric Tonnes,3127.84,Rs./Quintal
NCT of Delhi,Delhi,"Fruit&Vegetable Market,Gazipur APMC",Vegetables,Bhindi(Ladies Finger),February-2026,79.06,Metric Tonnes,5970.93,Rs./Quintal
NCT of Delhi,Delhi,"Fruit&Vegetable Market,Gazipur APMC",Vegetables,Bitter gourd,February-2026,17.01,Metric Tonnes,6199.65,Rs./Quintal
NCT of Delhi,Delhi,"Fruit&Vegetable Market,Gazipur APMC",Vegetables,Bottle gourd,February-2026,211.95,Metric Tonnes,2538.11,Rs./Quintal
NCT of Delhi,Delhi,"Fruit&Vegetable Market,Gazipur APMC",Vegetables,Brinjal,February-2026,136.26,Metric Tonnes,2459.76,Rs./Quintal
NCT of Delhi,Delhi,"Fruit&Vegetable Market,Gazipur APMC",Vegetables,Cabbage,February-2026,657.26,Metric Tonnes,1224.43,Rs./Quintal
NCT of Delhi,Delhi,"Fruit&Vegetable Market,Gazipur APMC",Vegetables,Capsicum,February-2026,164.32,Metric Tonnes,3215.69,Rs./Quintal
NCT of Delhi,Delhi,"Fruit&Vegetable Market,Gazipur APMC",Vegetables,Carrot,February-2026,808.96,Metric Tonnes,1571.90,Rs./Quintal
NCT of Delhi,Delhi,"Fruit&Vegetable Market,Gazipur APMC",Vegetables,Cauliflower,February-2026,706.12,Metric Tonnes,1057.07,Rs./Quintal
NCT of Delhi,Delhi,"Fruit&Vegetable Market,Gazipur APMC",Vegetables,Coriander(Leaves),February-2026,301.36,Bundle,979.01,Rs./Bundle
NCT of Delhi,Delhi,"Fruit&Vegetable Market,Gazipur APMC",Vegetables,Cucumbar(Kheera),February-2026,352.30,Metric Tonnes,2941.97,Rs./Quintal
NCT of Delhi,Delhi,"Fruit&Vegetable Market,Gazipur APMC",Vegetables,French Beans(Frasbean),February-2026,117.47,Metric Tonnes,3716.22,Rs./Quintal
NCT of Delhi,Delhi,"Fruit&Vegetable Market,Gazipur APMC",Vegetables,Green Chilli,February-2026,697.51,Metric Tonnes,7337.62,Rs./Quintal
NCT of Delhi,Delhi,"Fruit&Vegetable Market,Gazipur APMC",Vegetables,Lemon,February-2026,67.01,Metric Tonnes,6781.15,Rs./Quintal
NCT of Delhi,Delhi,"Fruit&Vegetable Market,Gazipur APMC",Vegetables,Onion,February-2026,5504.52,Metric Tonnes,1503.16,Rs./Quintal
NCT of Delhi,Delhi,"Fruit&Vegetable Market,Gazipur APMC",Vegetables,Potato,February-2026,10540.20,Metric Tonnes,721.00,Rs./Quintal
NCT of Delhi,Delhi,"Fruit&Vegetable Market,Gazipur APMC",Vegetables,Pumpkin,February-2026,156.84,Metric Tonnes,2180.54,Rs./Quintal
NCT of Delhi,Delhi,"Fruit&Vegetable Market,Gazipur APMC",Vegetables,Raddish,February-2026,446.37,Metric Tonnes,1211.17,Rs./Quintal
NCT of Delhi,Delhi,"Fruit&Vegetable Market,Gazipur APMC",Vegetables,Spinach,February-2026,207.63,Metric Tonnes,895.78,Rs./Quintal
NCT of Delhi,Delhi,"Fruit&Vegetable Market,Gazipur APMC",Vegetables,Tinda,February-2026,23.85,Metric Tonnes,4322.43,Rs./Quintal
NCT of Delhi,Delhi,"Fruit&Vegetable Market,Gazipur APMC",Vegetables,Tomato,February-2026,2844.34,Metric Tonnes,1325.70,Rs./Quintal
NCT of Delhi,Delhi,"Fruit&Vegetable Market,Gazipur APMC",Vegetables,Bhindi(Ladies Finger),March-2026,132.49,Metric Tonnes,5824.56,Rs./Quintal
NCT of Delhi,Delhi,"Fruit&Vegetable Market,Gazipur APMC",Vegetables,Bitter gourd,March-2026,37.66,Metric Tonnes,5315.72,Rs./Quintal
NCT of Delhi,Delhi,"Fruit&Vegetable Market,Gazipur APMC",Vegetables,Bottle gourd,March-2026,420.70,Metric Tonnes,2081.41,Rs./Quintal
NCT of Delhi,Delhi,"Fruit&Vegetable Market,Gazipur APMC",Vegetables,Brinjal,March-2026,206.33,Metric Tonnes,2905.03,Rs./Quintal
NCT of Delhi,Delhi,"Fruit&Vegetable Market,Gazipur APMC",Vegetables,Cabbage,March-2026,523.52,Metric Tonnes,1472.10,Rs./Quintal
NCT of Delhi,Delhi,"Fruit&Vegetable Market,Gazipur APMC",Vegetables,Capsicum,March-2026,145.34,Metric Tonnes,4000.51,Rs./Quintal
NCT of Delhi,Delhi,"Fruit&Vegetable Market,Gazipur APMC",Vegetables,Carrot,March-2026,270.91,Metric Tonnes,2013.51,Rs./Quintal
NCT of Delhi,Delhi,"Fruit&Vegetable Market,Gazipur APMC",Vegetables,Cauliflower,March-2026,656.18,Metric Tonnes,1561.67,Rs./Quintal
NCT of Delhi,Delhi,"Fruit&Vegetable Market,Gazipur APMC",Vegetables,Coriander(Leaves),March-2026,248.98,Bundle,1065.46,Rs./Bundle
NCT of Delhi,Delhi,"Fruit&Vegetable Market,Gazipur APMC",Vegetables,Cucumbar(Kheera),March-2026,749.27,Metric Tonnes,2754.52,Rs./Quintal
NCT of Delhi,Delhi,"Fruit&Vegetable Market,Gazipur APMC",Vegetables,French Beans(Frasbean),March-2026,184.73,Metric Tonnes,3717.67,Rs./Quintal
NCT of Delhi,Delhi,"Fruit&Vegetable Market,Gazipur APMC",Vegetables,Green Chilli,March-2026,645.49,Metric Tonnes,6953.78,Rs./Quintal
NCT of Delhi,Delhi,"Fruit&Vegetable Market,Gazipur APMC",Vegetables,Lemon,March-2026,80.32,Metric Tonnes,11604.83,Rs./Quintal
NCT of Delhi,Delhi,"Fruit&Vegetable Market,Gazipur APMC",Vegetables,Little gourd(Kundru),March-2026,19.67,Metric Tonnes,3785.05,Rs./Quintal
NCT of Delhi,Delhi,"Fruit&Vegetable Market,Gazipur APMC",Vegetables,Onion,March-2026,4634.44,Metric Tonnes,1440.49,Rs./Quintal
NCT of Delhi,Delhi,"Fruit&Vegetable Market,Gazipur APMC",Vegetables,Potato,March-2026,8018.60,Metric Tonnes,695.14,Rs./Quintal
NCT of Delhi,Delhi,"Fruit&Vegetable Market,Gazipur APMC",Vegetables,Pumpkin,March-2026,64.01,Metric Tonnes,2263.13,Rs./Quintal
NCT of Delhi,Delhi,"Fruit&Vegetable Market,Gazipur APMC",Vegetables,Raddish,March-2026,354.62,Metric Tonnes,1235.12,Rs./Quintal
NCT of Delhi,Delhi,"Fruit&Vegetable Market,Gazipur APMC",Vegetables,Spinach,March-2026,133.61,Metric Tonnes,1226.35,Rs./Quintal
NCT of Delhi,Delhi,"Fruit&Vegetable Market,Gazipur APMC",Vegetables,Tinda,March-2026,37.87,Metric Tonnes,4147.98,Rs./Quintal
NCT of Delhi,Delhi,"Fruit&Vegetable Market,Gazipur APMC",Vegetables,Tomato,March-2026,2089.59,Metric Tonnes,1451.93,Rs./Quintal
NCT of Delhi,Delhi,"Fruit&Vegetable Market,Gazipur APMC",Vegetables,Bhindi(Ladies Finger),April-2026,464.29,Metric Tonnes,3134.58,Rs./Quintal
NCT of Delhi,Delhi,"Fruit&Vegetable Market,Gazipur APMC",Vegetables,Bitter gourd,April-2026,363.12,Metric Tonnes,2785.23,Rs./Quintal
NCT of Delhi,Delhi,"Fruit&Vegetable Market,Gazipur APMC",Vegetables,Bottle gourd,April-2026,649.40,Metric Tonnes,1542.22,Rs./Quintal
NCT of Delhi,Delhi,"Fruit&Vegetable Market,Gazipur APMC",Vegetables,Brinjal,April-2026,532.48,Metric Tonnes,2331.18,Rs./Quintal
NCT of Delhi,Delhi,"Fruit&Vegetable Market,Gazipur APMC",Vegetables,Cabbage,April-2026,797.13,Metric Tonnes,820.55,Rs./Quintal
NCT of Delhi,Delhi,"Fruit&Vegetable Market,Gazipur APMC",Vegetables,Capsicum,April-2026,351.67,Metric Tonnes,1785.86,Rs./Quintal
NCT of Delhi,Delhi,"Fruit&Vegetable Market,Gazipur APMC",Vegetables,Carrot,April-2026,265.61,Metric Tonnes,2167.78,Rs./Quintal
NCT of Delhi,Delhi,"Fruit&Vegetable Market,Gazipur APMC",Vegetables,Cauliflower,April-2026,1204.15,Metric Tonnes,2524.37,Rs./Quintal
NCT of Delhi,Delhi,"Fruit&Vegetable Market,Gazipur APMC",Vegetables,Coriander(Leaves),April-2026,304.07,Bundle,1937.01,Rs./Bundle
NCT of Delhi,Delhi,"Fruit&Vegetable Market,Gazipur APMC",Vegetables,Cucumbar(Kheera),April-2026,2706.02,Metric Tonnes,1817.79,Rs./Quintal
NCT of Delhi,Delhi,"Fruit&Vegetable Market,Gazipur APMC",Vegetables,French Beans(Frasbean),April-2026,244.63,Metric Tonnes,2264.66,Rs./Quintal
NCT of Delhi,Delhi,"Fruit&Vegetable Market,Gazipur APMC",Vegetables,Green Chilli,April-2026,462.55,Metric Tonnes,2161.91,Rs./Quintal
NCT of Delhi,Delhi,"Fruit&Vegetable Market,Gazipur APMC",Vegetables,Lemon,April-2026,125.26,Metric Tonnes,14199.78,Rs./Quintal
NCT of Delhi,Delhi,"Fruit&Vegetable Market,Gazipur APMC",Vegetables,Little gourd(Kundru),April-2026,152.37,Metric Tonnes,2303.60,Rs./Quintal
NCT of Delhi,Delhi,"Fruit&Vegetable Market,Gazipur APMC",Vegetables,Onion,April-2026,8782.85,Metric Tonnes,1405.76,Rs./Quintal
NCT of Delhi,Delhi,"Fruit&Vegetable Market,Gazipur APMC",Vegetables,Potato,April-2026,10030.10,Metric Tonnes,762.52,Rs./Quintal
NCT of Delhi,Delhi,"Fruit&Vegetable Market,Gazipur APMC",Vegetables,Pumpkin,April-2026,140.13,Metric Tonnes,1290.98,Rs./Quintal
NCT of Delhi,Delhi,"Fruit&Vegetable Market,Gazipur APMC",Vegetables,Raddish,April-2026,264.98,Metric Tonnes,1482.68,Rs./Quintal
NCT of Delhi,Delhi,"Fruit&Vegetable Market,Gazipur APMC",Vegetables,Spinach,April-2026,161.28,Metric Tonnes,1086.22,Rs./Quintal
NCT of Delhi,Delhi,"Fruit&Vegetable Market,Gazipur APMC",Vegetables,Tinda,April-2026,111.64,Metric Tonnes,2785.59,Rs./Quintal
NCT of Delhi,Delhi,"Fruit&Vegetable Market,Gazipur APMC",Vegetables,Tomato,April-2026,3802.73,Metric Tonnes,1613.05,Rs./Quintal
NCT of Delhi,Delhi,"Fruit&Vegetable Market,Gazipur APMC",Vegetables,Bhindi(Ladies Finger),May-2026,529.01,Metric Tonnes,1469.69,Rs./Quintal
NCT of Delhi,Delhi,"Fruit&Vegetable Market,Gazipur APMC",Vegetables,Bitter gourd,May-2026,528.77,Metric Tonnes,1418.53,Rs./Quintal
NCT of Delhi,Delhi,"Fruit&Vegetable Market,Gazipur APMC",Vegetables,Bottle gourd,May-2026,761.59,Metric Tonnes,1132.27,Rs./Quintal
NCT of Delhi,Delhi,"Fruit&Vegetable Market,Gazipur APMC",Vegetables,Brinjal,May-2026,424.78,Metric Tonnes,1174.46,Rs./Quintal
NCT of Delhi,Delhi,"Fruit&Vegetable Market,Gazipur APMC",Vegetables,Cabbage,May-2026,920.45,Metric Tonnes,687.33,Rs./Quintal
NCT of Delhi,Delhi,"Fruit&Vegetable Market,Gazipur APMC",Vegetables,Capsicum,May-2026,388.27,Metric Tonnes,1120.44,Rs./Quintal
NCT of Delhi,Delhi,"Fruit&Vegetable Market,Gazipur APMC",Vegetables,Carrot,May-2026,172.78,Metric Tonnes,1995.36,Rs./Quintal
NCT of Delhi,Delhi,"Fruit&Vegetable Market,Gazipur APMC",Vegetables,Cauliflower,May-2026,1043.48,Metric Tonnes,1692.81,Rs./Quintal
NCT of Delhi,Delhi,"Fruit&Vegetable Market,Gazipur APMC",Vegetables,Coriander(Leaves),May-2026,336.60,Bundle,1846.23,Rs./Bundle
NCT of Delhi,Delhi,"Fruit&Vegetable Market,Gazipur APMC",Vegetables,Cucumbar(Kheera),May-2026,2987.96,Metric Tonnes,1500.29,Rs./Quintal
NCT of Delhi,Delhi,"Fruit&Vegetable Market,Gazipur APMC",Vegetables,French Beans(Frasbean),May-2026,57.24,Metric Tonnes,3896.02,Rs./Quintal
NCT of Delhi,Delhi,"Fruit&Vegetable Market,Gazipur APMC",Vegetables,Green Chilli,May-2026,652.51,Metric Tonnes,2644.05,Rs./Quintal
NCT of Delhi,Delhi,"Fruit&Vegetable Market,Gazipur APMC",Vegetables,Lemon,May-2026,257.77,Metric Tonnes,6844.20,Rs./Quintal
NCT of Delhi,Delhi,"Fruit&Vegetable Market,Gazipur APMC",Vegetables,Little gourd(Kundru),May-2026,202.19,Metric Tonnes,1542.54,Rs./Quintal
NCT of Delhi,Delhi,"Fruit&Vegetable Market,Gazipur APMC",Vegetables,Onion,May-2026,10618.30,Metric Tonnes,1311.06,Rs./Quintal
NCT of Delhi,Delhi,"Fruit&Vegetable Market,Gazipur APMC",Vegetables,Potato,May-2026,11519.30,Metric Tonnes,772.41,Rs./Quintal
NCT of Delhi,Delhi,"Fruit&Vegetable Market,Gazipur APMC",Vegetables,Pumpkin,May-2026,311.61,Metric Tonnes,723.87,Rs./Quintal
NCT of Delhi,Delhi,"Fruit&Vegetable Market,Gazipur APMC",Vegetables,Raddish,May-2026,261.79,Metric Tonnes,920.12,Rs./Quintal
NCT of Delhi,Delhi,"Fruit&Vegetable Market,Gazipur APMC",Vegetables,Spinach,May-2026,174.96,Metric Tonnes,1228.69,Rs./Quintal
NCT of Delhi,Delhi,"Fruit&Vegetable Market,Gazipur APMC",Vegetables,Tinda,May-2026,232.24,Metric Tonnes,1765.22,Rs./Quintal
NCT of Delhi,Delhi,"Fruit&Vegetable Market,Gazipur APMC",Vegetables,Tomato,May-2026,3811.63,Metric Tonnes,1195.98,Rs./Quintal
NCT of Delhi,Delhi,"Fruit&Vegetable Market,Gazipur APMC",Vegetables,Bhindi(Ladies Finger),June-2026,364.70,Metric Tonnes,1788.34,Rs./Quintal
NCT of Delhi,Delhi,"Fruit&Vegetable Market,Gazipur APMC",Vegetables,Bitter gourd,June-2026,586.02,Metric Tonnes,1216.60,Rs./Quintal
NCT of Delhi,Delhi,"Fruit&Vegetable Market,Gazipur APMC",Vegetables,Bottle gourd,June-2026,771.92,Metric Tonnes,1794.89,Rs./Quintal
NCT of Delhi,Delhi,"Fruit&Vegetable Market,Gazipur APMC",Vegetables,Brinjal,June-2026,620.99,Metric Tonnes,1504.21,Rs./Quintal
NCT of Delhi,Delhi,"Fruit&Vegetable Market,Gazipur APMC",Vegetables,Cabbage,June-2026,1234.57,Metric Tonnes,702.34,Rs./Quintal
NCT of Delhi,Delhi,"Fruit&Vegetable Market,Gazipur APMC",Vegetables,Capsicum,June-2026,227.51,Metric Tonnes,3808.16,Rs./Quintal
NCT of Delhi,Delhi,"Fruit&Vegetable Market,Gazipur APMC",Vegetables,Carrot,June-2026,100.20,Metric Tonnes,2541.74,Rs./Quintal
NCT of Delhi,Delhi,"Fruit&Vegetable Market,Gazipur APMC",Vegetables,Cauliflower,June-2026,759.12,Metric Tonnes,2873.99,Rs./Quintal
NCT of Delhi,Delhi,"Fruit&Vegetable Market,Gazipur APMC",Vegetables,Coriander(Leaves),June-2026,378.04,Bundle,3452.32,Rs./Bundle
NCT of Delhi,Delhi,"Fruit&Vegetable Market,Gazipur APMC",Vegetables,Cucumbar(Kheera),June-2026,1815.08,Metric Tonnes,1575.30,Rs./Quintal
NCT of Delhi,Delhi,"Fruit&Vegetable Market,Gazipur APMC",Vegetables,French Beans(Frasbean),June-2026,116.49,Metric Tonnes,6242.54,Rs./Quintal
NCT of Delhi,Delhi,"Fruit&Vegetable Market,Gazipur APMC",Vegetables,Green Chilli,June-2026,683.95,Metric Tonnes,2463.12,Rs./Quintal
NCT of Delhi,Delhi,"Fruit&Vegetable Market,Gazipur APMC",Vegetables,Lemon,June-2026,289.70,Metric Tonnes,4644.70,Rs./Quintal
NCT of Delhi,Delhi,"Fruit&Vegetable Market,Gazipur APMC",Vegetables,Little gourd(Kundru),June-2026,300.70,Metric Tonnes,1628.45,Rs./Quintal
NCT of Delhi,Delhi,"Fruit&Vegetable Market,Gazipur APMC",Vegetables,Onion,June-2026,8740.85,Metric Tonnes,1918.82,Rs./Quintal
NCT of Delhi,Delhi,"Fruit&Vegetable Market,Gazipur APMC",Vegetables,Potato,June-2026,11935.99,Metric Tonnes,1087.61,Rs./Quintal
NCT of Delhi,Delhi,"Fruit&Vegetable Market,Gazipur APMC",Vegetables,Pumpkin,June-2026,700.26,Metric Tonnes,725.96,Rs./Quintal
NCT of Delhi,Delhi,"Fruit&Vegetable Market,Gazipur APMC",Vegetables,Raddish,June-2026,518.70,Metric Tonnes,1284.28,Rs./Quintal
NCT of Delhi,Delhi,"Fruit&Vegetable Market,Gazipur APMC",Vegetables,Spinach,June-2026,220.13,Metric Tonnes,1502.19,Rs./Quintal
NCT of Delhi,Delhi,"Fruit&Vegetable Market,Gazipur APMC",Vegetables,Tinda,June-2026,127.33,Metric Tonnes,2345.89,Rs./Quintal
NCT of Delhi,Delhi,"Fruit&Vegetable Market,Gazipur APMC",Vegetables,Tomato,June-2026,4162.55,Metric Tonnes,2318.93,Rs./Quintal
NCT of Delhi,Delhi,"Fruit&Vegetable Market,Gazipur APMC",Vegetables,Bhindi(Ladies Finger),July-2026,525.09,Metric Tonnes,2506.76,Rs./Quintal
NCT of Delhi,Delhi,"Fruit&Vegetable Market,Gazipur APMC",Vegetables,Bitter gourd,July-2026,328.22,Metric Tonnes,1765.26,Rs./Quintal
NCT of Delhi,Delhi,"Fruit&Vegetable Market,Gazipur APMC",Vegetables,Bottle gourd,July-2026,819.99,Metric Tonnes,2218.88,Rs./Quintal
NCT of Delhi,Delhi,"Fruit&Vegetable Market,Gazipur APMC",Vegetables,Brinjal,July-2026,645.55,Metric Tonnes,1569.77,Rs./Quintal
NCT of Delhi,Delhi,"Fruit&Vegetable Market,Gazipur APMC",Vegetables,Cabbage,July-2026,1939.42,Metric Tonnes,1254.83,Rs./Quintal
NCT of Delhi,Delhi,"Fruit&Vegetable Market,Gazipur APMC",Vegetables,Capsicum,July-2026,564.54,Metric Tonnes,5183.11,Rs./Quintal
NCT of Delhi,Delhi,"Fruit&Vegetable Market,Gazipur APMC",Vegetables,Carrot,July-2026,115.53,Metric Tonnes,2812.80,Rs./Quintal
NCT of Delhi,Delhi,"Fruit&Vegetable Market,Gazipur APMC",Vegetables,Cauliflower,July-2026,1326.41,Metric Tonnes,4992.17,Rs./Quintal
NCT of Delhi,Delhi,"Fruit&Vegetable Market,Gazipur APMC",Vegetables,Coriander(Leaves),July-2026,383.51,Bundle,10734.29,Rs./Bundle
NCT of Delhi,Delhi,"Fruit&Vegetable Market,Gazipur APMC",Vegetables,Cucumbar(Kheera),July-2026,1770.55,Metric Tonnes,1760.01,Rs./Quintal
NCT of Delhi,Delhi,"Fruit&Vegetable Market,Gazipur APMC",Vegetables,French Beans(Frasbean),July-2026,181.20,Metric Tonnes,5910.49,Rs./Quintal
NCT of Delhi,Delhi,"Fruit&Vegetable Market,Gazipur APMC",Vegetables,Green Chilli,July-2026,893.43,Metric Tonnes,3903.27,Rs./Quintal
NCT of Delhi,Delhi,"Fruit&Vegetable Market,Gazipur APMC",Vegetables,Lemon,July-2026,313.05,Metric Tonnes,3978.02,Rs./Quintal
NCT of Delhi,Delhi,"Fruit&Vegetable Market,Gazipur APMC",Vegetables,Little gourd(Kundru),July-2026,231.13,Metric Tonnes,1767.58,Rs./Quintal
NCT of Delhi,Delhi,"Fruit&Vegetable Market,Gazipur APMC",Vegetables,Onion,July-2026,9531.85,Metric Tonnes,2475.12,Rs./Quintal
NCT of Delhi,Delhi,"Fruit&Vegetable Market,Gazipur APMC",Vegetables,Potato,July-2026,13959.05,Metric Tonnes,1074.30,Rs./Quintal
NCT of Delhi,Delhi,"Fruit&Vegetable Market,Gazipur APMC",Vegetables,Pumpkin,July-2026,937.75,Metric Tonnes,818.06,Rs./Quintal
NCT of Delhi,Delhi,"Fruit&Vegetable Market,Gazipur APMC",Vegetables,Raddish,July-2026,370.62,Metric Tonnes,1315.33,Rs./Quintal
NCT of Delhi,Delhi,"Fruit&Vegetable Market,Gazipur APMC",Vegetables,Spinach,July-2026,189.32,Metric Tonnes,1679.77,Rs./Quintal
NCT of Delhi,Delhi,"Fruit&Vegetable Market,Gazipur APMC",Vegetables,Tinda,July-2026,88.50,Metric Tonnes,3655.68,Rs./Quintal
NCT of Delhi,Delhi,"Fruit&Vegetable Market,Gazipur APMC",Vegetables,Tomato,July-2026,6119.60,Metric Tonnes,2440.41,Rs./Quintal
NCT of Delhi,Delhi,"Fruit&Vegetable Market,Gazipur APMC",Vegetables,Bhindi(Ladies Finger),August-2026,546.65,Metric Tonnes,1854.64,Rs./Quintal
NCT of Delhi,Delhi,"Fruit&Vegetable Market,Gazipur APMC",Vegetables,Bitter gourd,August-2026,145.01,Metric Tonnes,2097.15,Rs./Quintal
NCT of Delhi,Delhi,"Fruit&Vegetable Market,Gazipur APMC",Vegetables,Bottle gourd,August-2026,863.43,Metric Tonnes,1950.80,Rs./Quintal
NCT of Delhi,Delhi,"Fruit&Vegetable Market,Gazipur APMC",Vegetables,Brinjal,August-2026,741.42,Metric Tonnes,1601.16,Rs./Quintal
NCT of Delhi,Delhi,"Fruit&Vegetable Market,Gazipur APMC",Vegetables,Cabbage,August-2026,3074.48,Metric Tonnes,1894.00,Rs./Quintal
NCT of Delhi,Delhi,"Fruit&Vegetable Market,Gazipur APMC",Vegetables,Capsicum,August-2026,650.60,Metric Tonnes,3607.54,Rs./Quintal
NCT of Delhi,Delhi,"Fruit&Vegetable Market,Gazipur APMC",Vegetables,Carrot,August-2026,118.00,Metric Tonnes,2646.15,Rs./Quintal
NCT of Delhi,Delhi,"Fruit&Vegetable Market,Gazipur APMC",Vegetables,Cauliflower,August-2026,800.61,Metric Tonnes,4651.30,Rs./Quintal
NCT of Delhi,Delhi,"Fruit&Vegetable Market,Gazipur APMC",Vegetables,Coriander(Leaves),August-2026,517.54,Bundle,3402.40,Rs./Bundle
NCT of Delhi,Delhi,"Fruit&Vegetable Market,Gazipur APMC",Vegetables,Cucumbar(Kheera),August-2026,1267.53,Metric Tonnes,1648.60,Rs./Quintal
NCT of Delhi,Delhi,"Fruit&Vegetable Market,Gazipur APMC",Vegetables,French Beans(Frasbean),August-2026,118.94,Metric Tonnes,5802.85,Rs./Quintal
NCT of Delhi,Delhi,"Fruit&Vegetable Market,Gazipur APMC",Vegetables,Green Chilli,August-2026,1865.23,Metric Tonnes,3649.27,Rs./Quintal
NCT of Delhi,Delhi,"Fruit&Vegetable Market,Gazipur APMC",Vegetables,Lemon,August-2026,272.58,Metric Tonnes,5329.72,Rs./Quintal
NCT of Delhi,Delhi,"Fruit&Vegetable Market,Gazipur APMC",Vegetables,Little gourd(Kundru),August-2026,234.74,Metric Tonnes,2078.05,Rs./Quintal
NCT of Delhi,Delhi,"Fruit&Vegetable Market,Gazipur APMC",Vegetables,Onion,August-2026,8944.00,Metric Tonnes,3194.27,Rs./Quintal
NCT of Delhi,Delhi,"Fruit&Vegetable Market,Gazipur APMC",Vegetables,Potato,August-2026,14123.55,Metric Tonnes,1051.56,Rs./Quintal
NCT of Delhi,Delhi,"Fruit&Vegetable Market,Gazipur APMC",Vegetables,Pumpkin,August-2026,948.87,Metric Tonnes,889.47,Rs./Quintal
NCT of Delhi,Delhi,"Fruit&Vegetable Market,Gazipur APMC",Vegetables,Raddish,August-2026,361.64,Metric Tonnes,1447.82,Rs./Quintal
NCT of Delhi,Delhi,"Fruit&Vegetable Market,Gazipur APMC",Vegetables,Spinach,August-2026,132.41,Metric Tonnes,1733.46,Rs./Quintal
NCT of Delhi,Delhi,"Fruit&Vegetable Market,Gazipur APMC",Vegetables,Tinda,August-2026,188.39,Metric Tonnes,3295.23,Rs./Quintal
NCT of Delhi,Delhi,"Fruit&Vegetable Market,Gazipur APMC",Vegetables,Tomato,August-2026,6545.48,Metric Tonnes,2219.63,Rs./Quintal

Note:
Weighted Average Price = ∑(arrival quantity * modal price) / ∑arrival quantity

